month,site_id,site_name,site_type,city,state,region,naics3,subsector,headcount,sqft,cost_category,cost_group,actual_usd,budget_usd,variance_usd,variance_pct
2022-01-01,P-TOL,Toledo Metal Works,Plant,Toledo,OH,Midwest,332,Fabricated Metal,420,210000,Direct Labor,COGS,1599318.0,1599318.0,0.0,0.0
2022-01-01,P-TOL,Toledo Metal Works,Plant,Toledo,OH,Midwest,332,Fabricated Metal,420,210000,Indirect Labor,COGS,621957.0,621957.0,0.0,0.0
2022-01-01,P-TOL,Toledo Metal Works,Plant,Toledo,OH,Midwest,332,Fabricated Metal,420,210000,Raw Materials,COGS,1013056.0,1043447.68,-30391.68,-2.91
2022-01-01,P-TOL,Toledo Metal Works,Plant,Toledo,OH,Midwest,332,Fabricated Metal,420,210000,Consumables & Tooling,COGS,134984.46,132137.74,2846.72,2.15
2022-01-01,P-TOL,Toledo Metal Works,Plant,Toledo,OH,Midwest,332,Fabricated Metal,420,210000,Utilities,Overhead,303916.8,224634.16,79282.64,35.29
2022-01-01,P-TOL,Toledo Metal Works,Plant,Toledo,OH,Midwest,332,Fabricated Metal,420,210000,Maintenance & Repair,Overhead,215131.69,198206.61,16925.08,8.54
2022-01-01,P-TOL,Toledo Metal Works,Plant,Toledo,OH,Midwest,332,Fabricated Metal,420,210000,Depreciation,Overhead,198206.61,198206.61,0.0,0.0
2022-01-01,P-TOL,Toledo Metal Works,Plant,Toledo,OH,Midwest,332,Fabricated Metal,420,210000,Facilities,Overhead,92496.42,92496.42,0.0,0.0
2022-01-01,P-TOL,Toledo Metal Works,Plant,Toledo,OH,Midwest,332,Fabricated Metal,420,210000,Freight & Logistics,Overhead,155344.36,154160.7,1183.66,0.77
2022-01-01,P-TOL,Toledo Metal Works,Plant,Toledo,OH,Midwest,332,Fabricated Metal,420,210000,IT & Systems,Overhead,70599.28,66068.87,4530.41,6.86
2022-01-01,P-TOL,Toledo Metal Works,Plant,Toledo,OH,Midwest,332,Fabricated Metal,420,210000,Other Overhead,Overhead,65315.6,66068.87,-753.27,-1.14
2022-02-01,P-TOL,Toledo Metal Works,Plant,Toledo,OH,Midwest,332,Fabricated Metal,420,210000,Direct Labor,COGS,1599318.0,1599318.0,0.0,0.0
2022-02-01,P-TOL,Toledo Metal Works,Plant,Toledo,OH,Midwest,332,Fabricated Metal,420,210000,Indirect Labor,COGS,621957.0,621957.0,0.0,0.0
2022-02-01,P-TOL,Toledo Metal Works,Plant,Toledo,OH,Midwest,332,Fabricated Metal,420,210000,Raw Materials,COGS,888401.91,910501.46,-22099.55,-2.43
2022-02-01,P-TOL,Toledo Metal Works,Plant,Toledo,OH,Midwest,332,Fabricated Metal,420,210000,Consumables & Tooling,COGS,118015.39,115878.51,2136.88,1.84
2022-02-01,P-TOL,Toledo Metal Works,Plant,Toledo,OH,Midwest,332,Fabricated Metal,420,210000,Utilities,Overhead,257757.75,196993.47,60764.28,30.85
2022-02-01,P-TOL,Toledo Metal Works,Plant,Toledo,OH,Midwest,332,Fabricated Metal,420,210000,Maintenance & Repair,Overhead,178218.06,173817.76,4400.3,2.53
2022-02-01,P-TOL,Toledo Metal Works,Plant,Toledo,OH,Midwest,332,Fabricated Metal,420,210000,Depreciation,Overhead,173817.76,173817.76,0.0,0.0
2022-02-01,P-TOL,Toledo Metal Works,Plant,Toledo,OH,Midwest,332,Fabricated Metal,420,210000,Facilities,Overhead,81114.96,81114.96,0.0,0.0
2022-02-01,P-TOL,Toledo Metal Works,Plant,Toledo,OH,Midwest,332,Fabricated Metal,420,210000,Freight & Logistics,Overhead,139434.54,135191.6,4242.94,3.14
2022-02-01,P-TOL,Toledo Metal Works,Plant,Toledo,OH,Midwest,332,Fabricated Metal,420,210000,IT & Systems,Overhead,56663.9,57939.25,-1275.35,-2.2
2022-02-01,P-TOL,Toledo Metal Works,Plant,Toledo,OH,Midwest,332,Fabricated Metal,420,210000,Other Overhead,Overhead,57879.2,57939.25,-60.05,-0.1
2022-03-01,P-TOL,Toledo Metal Works,Plant,Toledo,OH,Midwest,332,Fabricated Metal,420,210000,Direct Labor,COGS,1599318.0,1599318.0,0.0,0.0
2022-03-01,P-TOL,Toledo Metal Works,Plant,Toledo,OH,Midwest,332,Fabricated Metal,420,210000,Indirect Labor,COGS,621957.0,621957.0,0.0,0.0
2022-03-01,P-TOL,Toledo Metal Works,Plant,Toledo,OH,Midwest,332,Fabricated Metal,420,210000,Raw Materials,COGS,901154.41,918976.3,-17821.89,-1.94
2022-03-01,P-TOL,Toledo Metal Works,Plant,Toledo,OH,Midwest,332,Fabricated Metal,420,210000,Consumables & Tooling,COGS,127945.15,117541.88,10403.27,8.85
2022-03-01,P-TOL,Toledo Metal Works,Plant,Toledo,OH,Midwest,332,Fabricated Metal,420,210000,Utilities,Overhead,235071.48,199821.19,35250.29,17.64
2022-03-01,P-TOL,Toledo Metal Works,Plant,Toledo,OH,Midwest,332,Fabricated Metal,420,210000,Maintenance & Repair,Overhead,193990.39,176312.82,17677.57,10.03
2022-03-01,P-TOL,Toledo Metal Works,Plant,Toledo,OH,Midwest,332,Fabricated Metal,420,210000,Depreciation,Overhead,176312.82,176312.82,0.0,0.0
2022-03-01,P-TOL,Toledo Metal Works,Plant,Toledo,OH,Midwest,332,Fabricated Metal,420,210000,Facilities,Overhead,82279.32,82279.32,0.0,0.0
2022-03-01,P-TOL,Toledo Metal Works,Plant,Toledo,OH,Midwest,332,Fabricated Metal,420,210000,Freight & Logistics,Overhead,130239.12,137132.19,-6893.07,-5.03
2022-03-01,P-TOL,Toledo Metal Works,Plant,Toledo,OH,Midwest,332,Fabricated Metal,420,210000,IT & Systems,Overhead,61831.4,58770.94,3060.46,5.21
2022-03-01,P-TOL,Toledo Metal Works,Plant,Toledo,OH,Midwest,332,Fabricated Metal,420,210000,Other Overhead,Overhead,63284.15,58770.94,4513.21,7.68
2022-04-01,P-TOL,Toledo Metal Works,Plant,Toledo,OH,Midwest,332,Fabricated Metal,420,210000,Direct Labor,COGS,1599318.0,1599318.0,0.0,0.0
2022-04-01,P-TOL,Toledo Metal Works,Plant,Toledo,OH,Midwest,332,Fabricated Metal,420,210000,Indirect Labor,COGS,621957.0,621957.0,0.0,0.0
2022-04-01,P-TOL,Toledo Metal Works,Plant,Toledo,OH,Midwest,332,Fabricated Metal,420,210000,Raw Materials,COGS,882211.94,895183.3,-12971.36,-1.45
2022-04-01,P-TOL,Toledo Metal Works,Plant,Toledo,OH,Midwest,332,Fabricated Metal,420,210000,Consumables & Tooling,COGS,112301.67,115071.12,-2769.45,-2.41
2022-04-01,P-TOL,Toledo Metal Works,Plant,Toledo,OH,Midwest,332,Fabricated Metal,420,210000,Utilities,Overhead,194192.52,195620.91,-1428.39,-0.73
2022-04-01,P-TOL,Toledo Metal Works,Plant,Toledo,OH,Midwest,332,Fabricated Metal,420,210000,Maintenance & Repair,Overhead,206234.55,172606.68,33627.87,19.48
2022-04-01,P-TOL,Toledo Metal Works,Plant,Toledo,OH,Midwest,332,Fabricated Metal,420,210000,Depreciation,Overhead,172606.68,172606.68,0.0,0.0
2022-04-01,P-TOL,Toledo Metal Works,Plant,Toledo,OH,Midwest,332,Fabricated Metal,420,210000,Facilities,Overhead,80549.79,80549.79,0.0,0.0
2022-04-01,P-TOL,Toledo Metal Works,Plant,Toledo,OH,Midwest,332,Fabricated Metal,420,210000,Freight & Logistics,Overhead,129441.67,134249.64,-4807.97,-3.58
2022-04-01,P-TOL,Toledo Metal Works,Plant,Toledo,OH,Midwest,332,Fabricated Metal,420,210000,IT & Systems,Overhead,55248.02,57535.56,-2287.54,-3.98
2022-04-01,P-TOL,Toledo Metal Works,Plant,Toledo,OH,Midwest,332,Fabricated Metal,420,210000,Other Overhead,Overhead,50802.33,57535.56,-6733.23,-11.7
2022-05-01,P-TOL,Toledo Metal Works,Plant,Toledo,OH,Midwest,332,Fabricated Metal,420,210000,Direct Labor,COGS,1599318.0,1599318.0,0.0,0.0
2022-05-01,P-TOL,Toledo Metal Works,Plant,Toledo,OH,Midwest,332,Fabricated Metal,420,210000,Indirect Labor,COGS,621957.0,621957.0,0.0,0.0
2022-05-01,P-TOL,Toledo Metal Works,Plant,Toledo,OH,Midwest,332,Fabricated Metal,420,210000,Raw Materials,COGS,879845.12,888339.98,-8494.86,-0.96
2022-05-01,P-TOL,Toledo Metal Works,Plant,Toledo,OH,Midwest,332,Fabricated Metal,420,210000,Consumables & Tooling,COGS,99301.9,114762.41,-15460.51,-13.47
2022-05-01,P-TOL,Toledo Metal Works,Plant,Toledo,OH,Midwest,332,Fabricated Metal,420,210000,Utilities,Overhead,157527.59,195096.09,-37568.5,-19.26
2022-05-01,P-TOL,Toledo Metal Works,Plant,Toledo,OH,Midwest,332,Fabricated Metal,420,210000,Maintenance & Repair,Overhead,174383.94,172143.61,2240.33,1.3
2022-05-01,P-TOL,Toledo Metal Works,Plant,Toledo,OH,Midwest,332,Fabricated Metal,420,210000,Depreciation,Overhead,172143.61,172143.61,0.0,0.0
2022-05-01,P-TOL,Toledo Metal Works,Plant,Toledo,OH,Midwest,332,Fabricated Metal,420,210000,Facilities,Overhead,80333.69,80333.69,0.0,0.0
2022-05-01,P-TOL,Toledo Metal Works,Plant,Toledo,OH,Midwest,332,Fabricated Metal,420,210000,Freight & Logistics,Overhead,137925.89,133889.48,4036.41,3.01
2022-05-01,P-TOL,Toledo Metal Works,Plant,Toledo,OH,Midwest,332,Fabricated Metal,420,210000,IT & Systems,Overhead,58453.34,57381.2,1072.14,1.87
2022-05-01,P-TOL,Toledo Metal Works,Plant,Toledo,OH,Midwest,332,Fabricated Metal,420,210000,Other Overhead,Overhead,57532.65,57381.2,151.45,0.26
2022-06-01,P-TOL,Toledo Metal Works,Plant,Toledo,OH,Midwest,332,Fabricated Metal,420,210000,Direct Labor,COGS,1599318.0,1599318.0,0.0,0.0
2022-06-01,P-TOL,Toledo Metal Works,Plant,Toledo,OH,Midwest,332,Fabricated Metal,420,210000,Indirect Labor,COGS,621957.0,621957.0,0.0,0.0
2022-06-01,P-TOL,Toledo Metal Works,Plant,Toledo,OH,Midwest,332,Fabricated Metal,420,210000,Raw Materials,COGS,922994.74,927269.86,-4275.12,-0.46
2022-06-01,P-TOL,Toledo Metal Works,Plant,Toledo,OH,Midwest,332,Fabricated Metal,420,210000,Consumables & Tooling,COGS,117477.34,120390.62,-2913.28,-2.42
2022-06-01,P-TOL,Toledo Metal Works,Plant,Toledo,OH,Midwest,332,Fabricated Metal,420,210000,Utilities,Overhead,137446.88,204664.05,-67217.17,-32.84
2022-06-01,P-TOL,Toledo Metal Works,Plant,Toledo,OH,Midwest,332,Fabricated Metal,420,210000,Maintenance & Repair,Overhead,182170.68,180585.93,1584.75,0.88
2022-06-01,P-TOL,Toledo Metal Works,Plant,Toledo,OH,Midwest,332,Fabricated Metal,420,210000,Depreciation,Overhead,180585.93,180585.93,0.0,0.0
2022-06-01,P-TOL,Toledo Metal Works,Plant,Toledo,OH,Midwest,332,Fabricated Metal,420,210000,Facilities,Overhead,84273.43,84273.43,0.0,0.0
2022-06-01,P-TOL,Toledo Metal Works,Plant,Toledo,OH,Midwest,332,Fabricated Metal,420,210000,Freight & Logistics,Overhead,147862.29,140455.72,7406.57,5.27
2022-06-01,P-TOL,Toledo Metal Works,Plant,Toledo,OH,Midwest,332,Fabricated Metal,420,210000,IT & Systems,Overhead,62517.98,60195.31,2322.67,3.86
2022-06-01,P-TOL,Toledo Metal Works,Plant,Toledo,OH,Midwest,332,Fabricated Metal,420,210000,Other Overhead,Overhead,60335.48,60195.31,140.17,0.23
2022-07-01,P-TOL,Toledo Metal Works,Plant,Toledo,OH,Midwest,332,Fabricated Metal,420,210000,Direct Labor,COGS,1599318.0,1599318.0,0.0,0.0
2022-07-01,P-TOL,Toledo Metal Works,Plant,Toledo,OH,Midwest,332,Fabricated Metal,420,210000,Indirect Labor,COGS,621957.0,621957.0,0.0,0.0
2022-07-01,P-TOL,Toledo Metal Works,Plant,Toledo,OH,Midwest,332,Fabricated Metal,420,210000,Raw Materials,COGS,883791.88,883468.08,323.8,0.04
2022-07-01,P-TOL,Toledo Metal Works,Plant,Toledo,OH,Midwest,332,Fabricated Metal,420,210000,Consumables & Tooling,COGS,120555.24,115277.2,5278.04,4.58
2022-07-01,P-TOL,Toledo Metal Works,Plant,Toledo,OH,Midwest,332,Fabricated Metal,420,210000,Utilities,Overhead,122128.96,195971.24,-73842.28,-37.68
2022-07-01,P-TOL,Toledo Metal Works,Plant,Toledo,OH,Midwest,332,Fabricated Metal,420,210000,Maintenance & Repair,Overhead,164355.74,172915.8,-8560.06,-4.95
2022-07-01,P-TOL,Toledo Metal Works,Plant,Toledo,OH,Midwest,332,Fabricated Metal,420,210000,Depreciation,Overhead,172915.8,172915.8,0.0,0.0
2022-07-01,P-TOL,Toledo Metal Works,Plant,Toledo,OH,Midwest,332,Fabricated Metal,420,210000,Facilities,Overhead,80694.04,80694.04,0.0,0.0
2022-07-01,P-TOL,Toledo Metal Works,Plant,Toledo,OH,Midwest,332,Fabricated Metal,420,210000,Freight & Logistics,Overhead,121456.43,134490.07,-13033.64,-9.69
2022-07-01,P-TOL,Toledo Metal Works,Plant,Toledo,OH,Midwest,332,Fabricated Metal,420,210000,IT & Systems,Overhead,58424.07,57638.6,785.47,1.36
2022-07-01,P-TOL,Toledo Metal Works,Plant,Toledo,OH,Midwest,332,Fabricated Metal,420,210000,Other Overhead,Overhead,58032.6,57638.6,394.0,0.68
2022-08-01,P-TOL,Toledo Metal Works,Plant,Toledo,OH,Midwest,332,Fabricated Metal,420,210000,Direct Labor,COGS,1599318.0,1599318.0,0.0,0.0
2022-08-01,P-TOL,Toledo Metal Works,Plant,Toledo,OH,Midwest,332,Fabricated Metal,420,210000,Indirect Labor,COGS,621957.0,621957.0,0.0,0.0
2022-08-01,P-TOL,Toledo Metal Works,Plant,Toledo,OH,Midwest,332,Fabricated Metal,420,210000,Raw Materials,COGS,918897.72,913991.1,4906.62,0.54
2022-08-01,P-TOL,Toledo Metal Works,Plant,Toledo,OH,Midwest,332,Fabricated Metal,420,210000,Consumables & Tooling,COGS,118494.27,119856.22,-1361.95,-1.14
2022-08-01,P-TOL,Toledo Metal Works,Plant,Toledo,OH,Midwest,332,Fabricated Metal,420,210000,Utilities,Overhead,137979.46,203755.58,-65776.12,-32.28
2022-08-01,P-TOL,Toledo Metal Works,Plant,Toledo,OH,Midwest,332,Fabricated Metal,420,210000,Maintenance & Repair,Overhead,215809.2,179784.34,36024.86,20.04
2022-08-01,P-TOL,Toledo Metal Works,Plant,Toledo,OH,Midwest,332,Fabricated Metal,420,210000,Depreciation,Overhead,179784.34,179784.34,0.0,0.0
2022-08-01,P-TOL,Toledo Metal Works,Plant,Toledo,OH,Midwest,332,Fabricated Metal,420,210000,Facilities,Overhead,83899.36,83899.36,0.0,0.0
2022-08-01,P-TOL,Toledo Metal Works,Plant,Toledo,OH,Midwest,332,Fabricated Metal,420,210000,Freight & Logistics,Overhead,143159.04,139832.26,3326.78,2.38
2022-08-01,P-TOL,Toledo Metal Works,Plant,Toledo,OH,Midwest,332,Fabricated Metal,420,210000,IT & Systems,Overhead,60138.75,59928.11,210.64,0.35
2022-08-01,P-TOL,Toledo Metal Works,Plant,Toledo,OH,Midwest,332,Fabricated Metal,420,210000,Other Overhead,Overhead,60939.25,59928.11,1011.14,1.69
2022-09-01,P-TOL,Toledo Metal Works,Plant,Toledo,OH,Midwest,332,Fabricated Metal,420,210000,Direct Labor,COGS,1599318.0,1599318.0,0.0,0.0
2022-09-01,P-TOL,Toledo Metal Works,Plant,Toledo,OH,Midwest,332,Fabricated Metal,420,210000,Indirect Labor,COGS,621957.0,621957.0,0.0,0.0
2022-09-01,P-TOL,Toledo Metal Works,Plant,Toledo,OH,Midwest,332,Fabricated Metal,420,210000,Raw Materials,COGS,1007381.52,997017.34,10364.18,1.04
2022-09-01,P-TOL,Toledo Metal Works,Plant,Toledo,OH,Midwest,332,Fabricated Metal,420,210000,Consumables & Tooling,COGS,134185.69,131397.59,2788.1,2.12
2022-09-01,P-TOL,Toledo Metal Works,Plant,Toledo,OH,Midwest,332,Fabricated Metal,420,210000,Utilities,Overhead,183386.59,223375.9,-39989.31,-17.9
2022-09-01,P-TOL,Toledo Metal Works,Plant,Toledo,OH,Midwest,332,Fabricated Metal,420,210000,Maintenance & Repair,Overhead,209837.55,197096.38,12741.17,6.46
2022-09-01,P-TOL,Toledo Metal Works,Plant,Toledo,OH,Midwest,332,Fabricated Metal,420,210000,Depreciation,Overhead,197096.38,197096.38,0.0,0.0
2022-09-01,P-TOL,Toledo Metal Works,Plant,Toledo,OH,Midwest,332,Fabricated Metal,420,210000,Facilities,Overhead,91978.31,91978.31,0.0,0.0
2022-09-01,P-TOL,Toledo Metal Works,Plant,Toledo,OH,Midwest,332,Fabricated Metal,420,210000,Freight & Logistics,Overhead,145737.37,153297.19,-7559.82,-4.93
2022-09-01,P-TOL,Toledo Metal Works,Plant,Toledo,OH,Midwest,332,Fabricated Metal,420,210000,IT & Systems,Overhead,66815.77,65698.79,1116.98,1.7
2022-09-01,P-TOL,Toledo Metal Works,Plant,Toledo,OH,Midwest,332,Fabricated Metal,420,210000,Other Overhead,Overhead,66963.25,65698.79,1264.46,1.92
2022-10-01,P-TOL,Toledo Metal Works,Plant,Toledo,OH,Midwest,332,Fabricated Metal,420,210000,Direct Labor,COGS,1599318.0,1599318.0,0.0,0.0
2022-10-01,P-TOL,Toledo Metal Works,Plant,Toledo,OH,Midwest,332,Fabricated Metal,420,210000,Indirect Labor,COGS,621957.0,621957.0,0.0,0.0
2022-10-01,P-TOL,Toledo Metal Works,Plant,Toledo,OH,Midwest,332,Fabricated Metal,420,210000,Raw Materials,COGS,1072175.49,1055865.36,16310.13,1.54
2022-10-01,P-TOL,Toledo Metal Works,Plant,Toledo,OH,Midwest,332,Fabricated Metal,420,210000,Consumables & Tooling,COGS,137239.53,139848.98,-2609.45,-1.87
2022-10-01,P-TOL,Toledo Metal Works,Plant,Toledo,OH,Midwest,332,Fabricated Metal,420,210000,Utilities,Overhead,241969.29,237743.26,4226.03,1.78
2022-10-01,P-TOL,Toledo Metal Works,Plant,Toledo,OH,Midwest,332,Fabricated Metal,420,210000,Maintenance & Repair,Overhead,266165.07,209773.46,56391.61,26.88
2022-10-01,P-TOL,Toledo Metal Works,Plant,Toledo,OH,Midwest,332,Fabricated Metal,420,210000,Depreciation,Overhead,209773.46,209773.46,0.0,0.0
2022-10-01,P-TOL,Toledo Metal Works,Plant,Toledo,OH,Midwest,332,Fabricated Metal,420,210000,Facilities,Overhead,97894.28,97894.28,0.0,0.0
2022-10-01,P-TOL,Toledo Metal Works,Plant,Toledo,OH,Midwest,332,Fabricated Metal,420,210000,Freight & Logistics,Overhead,162776.35,163157.14,-380.79,-0.23
2022-10-01,P-TOL,Toledo Metal Works,Plant,Toledo,OH,Midwest,332,Fabricated Metal,420,210000,IT & Systems,Overhead,73129.53,69924.49,3205.04,4.58
2022-10-01,P-TOL,Toledo Metal Works,Plant,Toledo,OH,Midwest,332,Fabricated Metal,420,210000,Other Overhead,Overhead,69307.35,69924.49,-617.14,-0.88
2022-11-01,P-TOL,Toledo Metal Works,Plant,Toledo,OH,Midwest,332,Fabricated Metal,420,210000,Direct Labor,COGS,1599318.0,1599318.0,0.0,0.0
2022-11-01,P-TOL,Toledo Metal Works,Plant,Toledo,OH,Midwest,332,Fabricated Metal,420,210000,Indirect Labor,COGS,621957.0,621957.0,0.0,0.0
2022-11-01,P-TOL,Toledo Metal Works,Plant,Toledo,OH,Midwest,332,Fabricated Metal,420,210000,Raw Materials,COGS,1047242.5,1026180.76,21061.74,2.05
2022-11-01,P-TOL,Toledo Metal Works,Plant,Toledo,OH,Midwest,332,Fabricated Metal,420,210000,Consumables & Tooling,COGS,139896.39,136596.85,3299.54,2.42
2022-11-01,P-TOL,Toledo Metal Works,Plant,Toledo,OH,Midwest,332,Fabricated Metal,420,210000,Utilities,Overhead,282419.32,232214.64,50204.68,21.62
2022-11-01,P-TOL,Toledo Metal Works,Plant,Toledo,OH,Midwest,332,Fabricated Metal,420,210000,Maintenance & Repair,Overhead,233120.16,204895.27,28224.89,13.78
2022-11-01,P-TOL,Toledo Metal Works,Plant,Toledo,OH,Midwest,332,Fabricated Metal,420,210000,Depreciation,Overhead,204895.27,204895.27,0.0,0.0
2022-11-01,P-TOL,Toledo Metal Works,Plant,Toledo,OH,Midwest,332,Fabricated Metal,420,210000,Facilities,Overhead,95617.79,95617.79,0.0,0.0
2022-11-01,P-TOL,Toledo Metal Works,Plant,Toledo,OH,Midwest,332,Fabricated Metal,420,210000,Freight & Logistics,Overhead,159212.18,159362.99,-150.81,-0.09
2022-11-01,P-TOL,Toledo Metal Works,Plant,Toledo,OH,Midwest,332,Fabricated Metal,420,210000,IT & Systems,Overhead,67051.78,68298.42,-1246.64,-1.83
2022-11-01,P-TOL,Toledo Metal Works,Plant,Toledo,OH,Midwest,332,Fabricated Metal,420,210000,Other Overhead,Overhead,66336.07,68298.42,-1962.35,-2.87
2022-12-01,P-TOL,Toledo Metal Works,Plant,Toledo,OH,Midwest,332,Fabricated Metal,420,210000,Direct Labor,COGS,1599318.0,1599318.0,0.0,0.0
2022-12-01,P-TOL,Toledo Metal Works,Plant,Toledo,OH,Midwest,332,Fabricated Metal,420,210000,Indirect Labor,COGS,621957.0,621957.0,0.0,0.0
2022-12-01,P-TOL,Toledo Metal Works,Plant,Toledo,OH,Midwest,332,Fabricated Metal,420,210000,Raw Materials,COGS,994516.39,969666.72,24849.67,2.56
2022-12-01,P-TOL,Toledo Metal Works,Plant,Toledo,OH,Midwest,332,Fabricated Metal,420,210000,Consumables & Tooling,COGS,133634.93,129719.53,3915.4,3.02
2022-12-01,P-TOL,Toledo Metal Works,Plant,Toledo,OH,Midwest,332,Fabricated Metal,420,210000,Utilities,Overhead,300796.1,220523.2,80272.9,36.4
2022-12-01,P-TOL,Toledo Metal Works,Plant,Toledo,OH,Midwest,332,Fabricated Metal,420,210000,Maintenance & Repair,Overhead,206274.96,194579.29,11695.67,6.01
2022-12-01,P-TOL,Toledo Metal Works,Plant,Toledo,OH,Midwest,332,Fabricated Metal,420,210000,Depreciation,Overhead,194579.29,194579.29,0.0,0.0
2022-12-01,P-TOL,Toledo Metal Works,Plant,Toledo,OH,Midwest,332,Fabricated Metal,420,210000,Facilities,Overhead,90803.67,90803.67,0.0,0.0
2022-12-01,P-TOL,Toledo Metal Works,Plant,Toledo,OH,Midwest,332,Fabricated Metal,420,210000,Freight & Logistics,Overhead,146970.13,151339.45,-4369.32,-2.89
2022-12-01,P-TOL,Toledo Metal Works,Plant,Toledo,OH,Midwest,332,Fabricated Metal,420,210000,IT & Systems,Overhead,66686.53,64859.76,1826.77,2.82
2022-12-01,P-TOL,Toledo Metal Works,Plant,Toledo,OH,Midwest,332,Fabricated Metal,420,210000,Other Overhead,Overhead,66675.04,64859.76,1815.28,2.8
2023-01-01,P-TOL,Toledo Metal Works,Plant,Toledo,OH,Midwest,332,Fabricated Metal,420,210000,Direct Labor,COGS,1655294.13,1655294.13,0.0,0.0
2023-01-01,P-TOL,Toledo Metal Works,Plant,Toledo,OH,Midwest,332,Fabricated Metal,420,210000,Indirect Labor,COGS,643725.5,643725.5,0.0,0.0
2023-01-01,P-TOL,Toledo Metal Works,Plant,Toledo,OH,Midwest,332,Fabricated Metal,420,210000,Raw Materials,COGS,1053863.86,1022419.2,31444.66,3.08
2023-01-01,P-TOL,Toledo Metal Works,Plant,Toledo,OH,Midwest,332,Fabricated Metal,420,210000,Consumables & Tooling,COGS,143968.33,137460.5,6507.83,4.73
2023-01-01,P-TOL,Toledo Metal Works,Plant,Toledo,OH,Midwest,332,Fabricated Metal,420,210000,Utilities,Overhead,332334.46,233682.86,98651.6,42.22
2023-01-01,P-TOL,Toledo Metal Works,Plant,Toledo,OH,Midwest,332,Fabricated Metal,420,210000,Maintenance & Repair,Overhead,226292.28,206190.76,20101.52,9.75
2023-01-01,P-TOL,Toledo Metal Works,Plant,Toledo,OH,Midwest,332,Fabricated Metal,420,210000,Depreciation,Overhead,206190.76,206190.76,0.0,0.0
2023-01-01,P-TOL,Toledo Metal Works,Plant,Toledo,OH,Midwest,332,Fabricated Metal,420,210000,Facilities,Overhead,96222.35,96222.35,0.0,0.0
2023-01-01,P-TOL,Toledo Metal Works,Plant,Toledo,OH,Midwest,332,Fabricated Metal,420,210000,Freight & Logistics,Overhead,165364.09,160370.59,4993.5,3.11
2023-01-01,P-TOL,Toledo Metal Works,Plant,Toledo,OH,Midwest,332,Fabricated Metal,420,210000,IT & Systems,Overhead,64615.46,68730.25,-4114.79,-5.99
2023-01-01,P-TOL,Toledo Metal Works,Plant,Toledo,OH,Midwest,332,Fabricated Metal,420,210000,Other Overhead,Overhead,70783.03,68730.25,2052.78,2.99
2023-02-01,P-TOL,Toledo Metal Works,Plant,Toledo,OH,Midwest,332,Fabricated Metal,420,210000,Direct Labor,COGS,1655294.13,1655294.13,0.0,0.0
2023-02-01,P-TOL,Toledo Metal Works,Plant,Toledo,OH,Midwest,332,Fabricated Metal,420,210000,Indirect Labor,COGS,643725.5,643725.5,0.0,0.0
2023-02-01,P-TOL,Toledo Metal Works,Plant,Toledo,OH,Midwest,332,Fabricated Metal,420,210000,Raw Materials,COGS,984087.78,949975.18,34112.6,3.59
2023-02-01,P-TOL,Toledo Metal Works,Plant,Toledo,OH,Midwest,332,Fabricated Metal,420,210000,Consumables & Tooling,COGS,117982.07,128359.28,-10377.21,-8.08
2023-02-01,P-TOL,Toledo Metal Works,Plant,Toledo,OH,Midwest,332,Fabricated Metal,420,210000,Utilities,Overhead,300127.43,218210.77,81916.66,37.54
2023-02-01,P-TOL,Toledo Metal Works,Plant,Toledo,OH,Midwest,332,Fabricated Metal,420,210000,Maintenance & Repair,Overhead,225810.76,192538.91,33271.85,17.28
2023-02-01,P-TOL,Toledo Metal Works,Plant,Toledo,OH,Midwest,332,Fabricated Metal,420,210000,Depreciation,Overhead,192538.91,192538.91,0.0,0.0
2023-02-01,P-TOL,Toledo Metal Works,Plant,Toledo,OH,Midwest,332,Fabricated Metal,420,210000,Facilities,Overhead,89851.49,89851.49,0.0,0.0
2023-02-01,P-TOL,Toledo Metal Works,Plant,Toledo,OH,Midwest,332,Fabricated Metal,420,210000,Freight & Logistics,Overhead,149061.18,149752.49,-691.31,-0.46
2023-02-01,P-TOL,Toledo Metal Works,Plant,Toledo,OH,Midwest,332,Fabricated Metal,420,210000,IT & Systems,Overhead,65269.0,64179.64,1089.36,1.7
2023-02-01,P-TOL,Toledo Metal Works,Plant,Toledo,OH,Midwest,332,Fabricated Metal,420,210000,Other Overhead,Overhead,59464.34,64179.64,-4715.3,-7.35
2023-03-01,P-TOL,Toledo Metal Works,Plant,Toledo,OH,Midwest,332,Fabricated Metal,420,210000,Direct Labor,COGS,1655294.13,1655294.13,0.0,0.0
2023-03-01,P-TOL,Toledo Metal Works,Plant,Toledo,OH,Midwest,332,Fabricated Metal,420,210000,Indirect Labor,COGS,643725.5,643725.5,0.0,0.0
2023-03-01,P-TOL,Toledo Metal Works,Plant,Toledo,OH,Midwest,332,Fabricated Metal,420,210000,Raw Materials,COGS,927978.13,891353.76,36624.37,4.11
2023-03-01,P-TOL,Toledo Metal Works,Plant,Toledo,OH,Midwest,332,Fabricated Metal,420,210000,Consumables & Tooling,COGS,118065.5,121040.63,-2975.13,-2.46
2023-03-01,P-TOL,Toledo Metal Works,Plant,Toledo,OH,Midwest,332,Fabricated Metal,420,210000,Utilities,Overhead,254453.3,205769.06,48684.24,23.66
2023-03-01,P-TOL,Toledo Metal Works,Plant,Toledo,OH,Midwest,332,Fabricated Metal,420,210000,Maintenance & Repair,Overhead,208812.09,181560.94,27251.15,15.01
2023-03-01,P-TOL,Toledo Metal Works,Plant,Toledo,OH,Midwest,332,Fabricated Metal,420,210000,Depreciation,Overhead,181560.94,181560.94,0.0,0.0
2023-03-01,P-TOL,Toledo Metal Works,Plant,Toledo,OH,Midwest,332,Fabricated Metal,420,210000,Facilities,Overhead,84728.44,84728.44,0.0,0.0
2023-03-01,P-TOL,Toledo Metal Works,Plant,Toledo,OH,Midwest,332,Fabricated Metal,420,210000,Freight & Logistics,Overhead,130315.56,141214.06,-10898.5,-7.72
2023-03-01,P-TOL,Toledo Metal Works,Plant,Toledo,OH,Midwest,332,Fabricated Metal,420,210000,IT & Systems,Overhead,60580.92,60520.31,60.61,0.1
2023-03-01,P-TOL,Toledo Metal Works,Plant,Toledo,OH,Midwest,332,Fabricated Metal,420,210000,Other Overhead,Overhead,56226.01,60520.31,-4294.3,-7.1
2023-04-01,P-TOL,Toledo Metal Works,Plant,Toledo,OH,Midwest,332,Fabricated Metal,420,210000,Direct Labor,COGS,1655294.13,1655294.13,0.0,0.0
2023-04-01,P-TOL,Toledo Metal Works,Plant,Toledo,OH,Midwest,332,Fabricated Metal,420,210000,Indirect Labor,COGS,643725.5,643725.5,0.0,0.0
2023-04-01,P-TOL,Toledo Metal Works,Plant,Toledo,OH,Midwest,332,Fabricated Metal,420,210000,Raw Materials,COGS,883658.89,844560.86,39098.03,4.63
2023-04-01,P-TOL,Toledo Metal Works,Plant,Toledo,OH,Midwest,332,Fabricated Metal,420,210000,Consumables & Tooling,COGS,120561.56,115259.86,5301.7,4.6
2023-04-01,P-TOL,Toledo Metal Works,Plant,Toledo,OH,Midwest,332,Fabricated Metal,420,210000,Utilities,Overhead,204462.58,195941.75,8520.83,4.35
2023-04-01,P-TOL,Toledo Metal Works,Plant,Toledo,OH,Midwest,332,Fabricated Metal,420,210000,Maintenance & Repair,Overhead,189282.43,172889.78,16392.65,9.48
2023-04-01,P-TOL,Toledo Metal Works,Plant,Toledo,OH,Midwest,332,Fabricated Metal,420,210000,Depreciation,Overhead,172889.78,172889.78,0.0,0.0
2023-04-01,P-TOL,Toledo Metal Works,Plant,Toledo,OH,Midwest,332,Fabricated Metal,420,210000,Facilities,Overhead,80681.9,80681.9,0.0,0.0
2023-04-01,P-TOL,Toledo Metal Works,Plant,Toledo,OH,Midwest,332,Fabricated Metal,420,210000,Freight & Logistics,Overhead,121390.72,134469.83,-13079.11,-9.73
2023-04-01,P-TOL,Toledo Metal Works,Plant,Toledo,OH,Midwest,332,Fabricated Metal,420,210000,IT & Systems,Overhead,60345.65,57629.93,2715.72,4.71
2023-04-01,P-TOL,Toledo Metal Works,Plant,Toledo,OH,Midwest,332,Fabricated Metal,420,210000,Other Overhead,Overhead,60404.43,57629.93,2774.5,4.81
2023-05-01,P-TOL,Toledo Metal Works,Plant,Toledo,OH,Midwest,332,Fabricated Metal,420,210000,Direct Labor,COGS,1655294.13,1655294.13,0.0,0.0
2023-05-01,P-TOL,Toledo Metal Works,Plant,Toledo,OH,Midwest,332,Fabricated Metal,420,210000,Indirect Labor,COGS,643725.5,643725.5,0.0,0.0
2023-05-01,P-TOL,Toledo Metal Works,Plant,Toledo,OH,Midwest,332,Fabricated Metal,420,210000,Raw Materials,COGS,903970.17,859675.08,44295.09,5.15
2023-05-01,P-TOL,Toledo Metal Works,Plant,Toledo,OH,Midwest,332,Fabricated Metal,420,210000,Consumables & Tooling,COGS,110125.31,117909.15,-7783.84,-6.6
2023-05-01,P-TOL,Toledo Metal Works,Plant,Toledo,OH,Midwest,332,Fabricated Metal,420,210000,Utilities,Overhead,170127.34,200445.56,-30318.22,-15.13
2023-05-01,P-TOL,Toledo Metal Works,Plant,Toledo,OH,Midwest,332,Fabricated Metal,420,210000,Maintenance & Repair,Overhead,214447.0,176863.73,37583.27,21.25
2023-05-01,P-TOL,Toledo Metal Works,Plant,Toledo,OH,Midwest,332,Fabricated Metal,420,210000,Depreciation,Overhead,176863.73,176863.73,0.0,0.0
2023-05-01,P-TOL,Toledo Metal Works,Plant,Toledo,OH,Midwest,332,Fabricated Metal,420,210000,Facilities,Overhead,82536.41,82536.41,0.0,0.0
2023-05-01,P-TOL,Toledo Metal Works,Plant,Toledo,OH,Midwest,332,Fabricated Metal,420,210000,Freight & Logistics,Overhead,142983.68,137560.68,5423.0,3.94
2023-05-01,P-TOL,Toledo Metal Works,Plant,Toledo,OH,Midwest,332,Fabricated Metal,420,210000,IT & Systems,Overhead,57886.98,58954.58,-1067.6,-1.81
2023-05-01,P-TOL,Toledo Metal Works,Plant,Toledo,OH,Midwest,332,Fabricated Metal,420,210000,Other Overhead,Overhead,57934.45,58954.58,-1020.13,-1.73
2023-06-01,P-TOL,Toledo Metal Works,Plant,Toledo,OH,Midwest,332,Fabricated Metal,420,210000,Direct Labor,COGS,1655294.13,1655294.13,0.0,0.0
2023-06-01,P-TOL,Toledo Metal Works,Plant,Toledo,OH,Midwest,332,Fabricated Metal,420,210000,Indirect Labor,COGS,643725.5,643725.5,0.0,0.0
2023-06-01,P-TOL,Toledo Metal Works,Plant,Toledo,OH,Midwest,332,Fabricated Metal,420,210000,Raw Materials,COGS,834063.67,789247.8,44815.87,5.68
2023-06-01,P-TOL,Toledo Metal Works,Plant,Toledo,OH,Midwest,332,Fabricated Metal,420,210000,Consumables & Tooling,COGS,119514.44,108790.91,10723.53,9.86
2023-06-01,P-TOL,Toledo Metal Works,Plant,Toledo,OH,Midwest,332,Fabricated Metal,420,210000,Utilities,Overhead,130558.3,184944.55,-54386.25,-29.41
2023-06-01,P-TOL,Toledo Metal Works,Plant,Toledo,OH,Midwest,332,Fabricated Metal,420,210000,Maintenance & Repair,Overhead,211804.37,163186.37,48618.0,29.79
2023-06-01,P-TOL,Toledo Metal Works,Plant,Toledo,OH,Midwest,332,Fabricated Metal,420,210000,Depreciation,Overhead,163186.37,163186.37,0.0,0.0
2023-06-01,P-TOL,Toledo Metal Works,Plant,Toledo,OH,Midwest,332,Fabricated Metal,420,210000,Facilities,Overhead,76153.64,76153.64,0.0,0.0
2023-06-01,P-TOL,Toledo Metal Works,Plant,Toledo,OH,Midwest,332,Fabricated Metal,420,210000,Freight & Logistics,Overhead,119726.45,126922.73,-7196.28,-5.67
2023-06-01,P-TOL,Toledo Metal Works,Plant,Toledo,OH,Midwest,332,Fabricated Metal,420,210000,IT & Systems,Overhead,56747.6,54395.46,2352.14,4.32
2023-06-01,P-TOL,Toledo Metal Works,Plant,Toledo,OH,Midwest,332,Fabricated Metal,420,210000,Other Overhead,Overhead,57000.36,54395.46,2604.9,4.79
2023-07-01,P-TOL,Toledo Metal Works,Plant,Toledo,OH,Midwest,332,Fabricated Metal,420,210000,Direct Labor,COGS,1655294.13,1655294.13,0.0,0.0
2023-07-01,P-TOL,Toledo Metal Works,Plant,Toledo,OH,Midwest,332,Fabricated Metal,420,210000,Indirect Labor,COGS,643725.5,643725.5,0.0,0.0
2023-07-01,P-TOL,Toledo Metal Works,Plant,Toledo,OH,Midwest,332,Fabricated Metal,420,210000,Raw Materials,COGS,912069.82,858768.68,53301.14,6.21
2023-07-01,P-TOL,Toledo Metal Works,Plant,Toledo,OH,Midwest,332,Fabricated Metal,420,210000,Consumables & Tooling,COGS,120159.31,118965.63,1193.68,1.0
2023-07-01,P-TOL,Toledo Metal Works,Plant,Toledo,OH,Midwest,332,Fabricated Metal,420,210000,Utilities,Overhead,132484.89,202241.57,-69756.68,-34.49
2023-07-01,P-TOL,Toledo Metal Works,Plant,Toledo,OH,Midwest,332,Fabricated Metal,420,210000,Maintenance & Repair,Overhead,225918.17,178448.44,47469.73,26.6
2023-07-01,P-TOL,Toledo Metal Works,Plant,Toledo,OH,Midwest,332,Fabricated Metal,420,210000,Depreciation,Overhead,178448.44,178448.44,0.0,0.0
2023-07-01,P-TOL,Toledo Metal Works,Plant,Toledo,OH,Midwest,332,Fabricated Metal,420,210000,Facilities,Overhead,83275.94,83275.94,0.0,0.0
2023-07-01,P-TOL,Toledo Metal Works,Plant,Toledo,OH,Midwest,332,Fabricated Metal,420,210000,Freight & Logistics,Overhead,147782.59,138793.23,8989.36,6.48
2023-07-01,P-TOL,Toledo Metal Works,Plant,Toledo,OH,Midwest,332,Fabricated Metal,420,210000,IT & Systems,Overhead,60678.26,59482.81,1195.45,2.01
2023-07-01,P-TOL,Toledo Metal Works,Plant,Toledo,OH,Midwest,332,Fabricated Metal,420,210000,Other Overhead,Overhead,60268.75,59482.81,785.94,1.32
2023-08-01,P-TOL,Toledo Metal Works,Plant,Toledo,OH,Midwest,332,Fabricated Metal,420,210000,Direct Labor,COGS,1655294.13,1655294.13,0.0,0.0
2023-08-01,P-TOL,Toledo Metal Works,Plant,Toledo,OH,Midwest,332,Fabricated Metal,420,210000,Indirect Labor,COGS,643725.5,643725.5,0.0,0.0
2023-08-01,P-TOL,Toledo Metal Works,Plant,Toledo,OH,Midwest,332,Fabricated Metal,420,210000,Raw Materials,COGS,985997.82,923757.56,62240.26,6.74
2023-08-01,P-TOL,Toledo Metal Works,Plant,Toledo,OH,Midwest,332,Fabricated Metal,420,210000,Consumables & Tooling,COGS,124583.0,128608.41,-4025.41,-3.13
2023-08-01,P-TOL,Toledo Metal Works,Plant,Toledo,OH,Midwest,332,Fabricated Metal,420,210000,Utilities,Overhead,155629.82,218634.3,-63004.48,-28.82
2023-08-01,P-TOL,Toledo Metal Works,Plant,Toledo,OH,Midwest,332,Fabricated Metal,420,210000,Maintenance & Repair,Overhead,222460.37,192912.62,29547.75,15.32
2023-08-01,P-TOL,Toledo Metal Works,Plant,Toledo,OH,Midwest,332,Fabricated Metal,420,210000,Depreciation,Overhead,192912.62,192912.62,0.0,0.0
2023-08-01,P-TOL,Toledo Metal Works,Plant,Toledo,OH,Midwest,332,Fabricated Metal,420,210000,Facilities,Overhead,90025.89,90025.89,0.0,0.0
2023-08-01,P-TOL,Toledo Metal Works,Plant,Toledo,OH,Midwest,332,Fabricated Metal,420,210000,Freight & Logistics,Overhead,138096.61,150043.15,-11946.54,-7.96
2023-08-01,P-TOL,Toledo Metal Works,Plant,Toledo,OH,Midwest,332,Fabricated Metal,420,210000,IT & Systems,Overhead,64476.18,64304.21,171.97,0.27
2023-08-01,P-TOL,Toledo Metal Works,Plant,Toledo,OH,Midwest,332,Fabricated Metal,420,210000,Other Overhead,Overhead,60618.23,64304.21,-3685.98,-5.73
2023-09-01,P-TOL,Toledo Metal Works,Plant,Toledo,OH,Midwest,332,Fabricated Metal,420,210000,Direct Labor,COGS,1655294.13,1655294.13,0.0,0.0
2023-09-01,P-TOL,Toledo Metal Works,Plant,Toledo,OH,Midwest,332,Fabricated Metal,420,210000,Indirect Labor,COGS,643725.5,643725.5,0.0,0.0
2023-09-01,P-TOL,Toledo Metal Works,Plant,Toledo,OH,Midwest,332,Fabricated Metal,420,210000,Raw Materials,COGS,1104882.32,1029987.64,74894.68,7.27
2023-09-01,P-TOL,Toledo Metal Works,Plant,Toledo,OH,Midwest,332,Fabricated Metal,420,210000,Consumables & Tooling,COGS,157754.89,144115.09,13639.8,9.46
2023-09-01,P-TOL,Toledo Metal Works,Plant,Toledo,OH,Midwest,332,Fabricated Metal,420,210000,Utilities,Overhead,211426.41,244995.64,-33569.23,-13.7
2023-09-01,P-TOL,Toledo Metal Works,Plant,Toledo,OH,Midwest,332,Fabricated Metal,420,210000,Maintenance & Repair,Overhead,269587.35,216172.63,53414.72,24.71
2023-09-01,P-TOL,Toledo Metal Works,Plant,Toledo,OH,Midwest,332,Fabricated Metal,420,210000,Depreciation,Overhead,216172.63,216172.63,0.0,0.0
2023-09-01,P-TOL,Toledo Metal Works,Plant,Toledo,OH,Midwest,332,Fabricated Metal,420,210000,Facilities,Overhead,100880.56,100880.56,0.0,0.0
2023-09-01,P-TOL,Toledo Metal Works,Plant,Toledo,OH,Midwest,332,Fabricated Metal,420,210000,Freight & Logistics,Overhead,168888.02,168134.27,753.75,0.45
2023-09-01,P-TOL,Toledo Metal Works,Plant,Toledo,OH,Midwest,332,Fabricated Metal,420,210000,IT & Systems,Overhead,70564.08,72057.54,-1493.46,-2.07
2023-09-01,P-TOL,Toledo Metal Works,Plant,Toledo,OH,Midwest,332,Fabricated Metal,420,210000,Other Overhead,Overhead,75403.82,72057.54,3346.28,4.64
2023-10-01,P-TOL,Toledo Metal Works,Plant,Toledo,OH,Midwest,332,Fabricated Metal,420,210000,Direct Labor,COGS,1655294.13,1655294.13,0.0,0.0
2023-10-01,P-TOL,Toledo Metal Works,Plant,Toledo,OH,Midwest,332,Fabricated Metal,420,210000,Indirect Labor,COGS,643725.5,643725.5,0.0,0.0
2023-10-01,P-TOL,Toledo Metal Works,Plant,Toledo,OH,Midwest,332,Fabricated Metal,420,210000,Raw Materials,COGS,1114852.85,1034111.76,80741.09,7.81
2023-10-01,P-TOL,Toledo Metal Works,Plant,Toledo,OH,Midwest,332,Fabricated Metal,420,210000,Consumables & Tooling,COGS,148848.3,145415.59,3432.71,2.36
2023-10-01,P-TOL,Toledo Metal Works,Plant,Toledo,OH,Midwest,332,Fabricated Metal,420,210000,Utilities,Overhead,264473.12,247206.5,17266.62,6.98
2023-10-01,P-TOL,Toledo Metal Works,Plant,Toledo,OH,Midwest,332,Fabricated Metal,420,210000,Maintenance & Repair,Overhead,255475.35,218123.38,37351.97,17.12
2023-10-01,P-TOL,Toledo Metal Works,Plant,Toledo,OH,Midwest,332,Fabricated Metal,420,210000,Depreciation,Overhead,218123.38,218123.38,0.0,0.0
2023-10-01,P-TOL,Toledo Metal Works,Plant,Toledo,OH,Midwest,332,Fabricated Metal,420,210000,Facilities,Overhead,101790.91,101790.91,0.0,0.0
2023-10-01,P-TOL,Toledo Metal Works,Plant,Toledo,OH,Midwest,332,Fabricated Metal,420,210000,Freight & Logistics,Overhead,170300.42,169651.52,648.9,0.38
2023-10-01,P-TOL,Toledo Metal Works,Plant,Toledo,OH,Midwest,332,Fabricated Metal,420,210000,IT & Systems,Overhead,76562.01,72707.79,3854.22,5.3
2023-10-01,P-TOL,Toledo Metal Works,Plant,Toledo,OH,Midwest,332,Fabricated Metal,420,210000,Other Overhead,Overhead,75906.19,72707.79,3198.4,4.4
2023-11-01,P-TOL,Toledo Metal Works,Plant,Toledo,OH,Midwest,332,Fabricated Metal,420,210000,Direct Labor,COGS,1655294.13,1655294.13,0.0,0.0
2023-11-01,P-TOL,Toledo Metal Works,Plant,Toledo,OH,Midwest,332,Fabricated Metal,420,210000,Indirect Labor,COGS,643725.5,643725.5,0.0,0.0
2023-11-01,P-TOL,Toledo Metal Works,Plant,Toledo,OH,Midwest,332,Fabricated Metal,420,210000,Raw Materials,COGS,1053229.97,972091.34,81138.63,8.35
2023-11-01,P-TOL,Toledo Metal Works,Plant,Toledo,OH,Midwest,332,Fabricated Metal,420,210000,Consumables & Tooling,COGS,139640.36,137377.82,2262.54,1.65
2023-11-01,P-TOL,Toledo Metal Works,Plant,Toledo,OH,Midwest,332,Fabricated Metal,420,210000,Utilities,Overhead,298565.73,233542.3,65023.43,27.84
2023-11-01,P-TOL,Toledo Metal Works,Plant,Toledo,OH,Midwest,332,Fabricated Metal,420,210000,Maintenance & Repair,Overhead,261836.16,206066.73,55769.43,27.06
2023-11-01,P-TOL,Toledo Metal Works,Plant,Toledo,OH,Midwest,332,Fabricated Metal,420,210000,Depreciation,Overhead,206066.73,206066.73,0.0,0.0
2023-11-01,P-TOL,Toledo Metal Works,Plant,Toledo,OH,Midwest,332,Fabricated Metal,420,210000,Facilities,Overhead,96164.48,96164.48,0.0,0.0
2023-11-01,P-TOL,Toledo Metal Works,Plant,Toledo,OH,Midwest,332,Fabricated Metal,420,210000,Freight & Logistics,Overhead,163074.85,160274.13,2800.72,1.75
2023-11-01,P-TOL,Toledo Metal Works,Plant,Toledo,OH,Midwest,332,Fabricated Metal,420,210000,IT & Systems,Overhead,74482.65,68688.91,5793.74,8.43
2023-11-01,P-TOL,Toledo Metal Works,Plant,Toledo,OH,Midwest,332,Fabricated Metal,420,210000,Other Overhead,Overhead,67193.1,68688.91,-1495.81,-2.18
2023-12-01,P-TOL,Toledo Metal Works,Plant,Toledo,OH,Midwest,332,Fabricated Metal,420,210000,Direct Labor,COGS,1655294.13,1655294.13,0.0,0.0
2023-12-01,P-TOL,Toledo Metal Works,Plant,Toledo,OH,Midwest,332,Fabricated Metal,420,210000,Indirect Labor,COGS,643725.5,643725.5,0.0,0.0
2023-12-01,P-TOL,Toledo Metal Works,Plant,Toledo,OH,Midwest,332,Fabricated Metal,420,210000,Raw Materials,COGS,1139550.68,1046529.44,93021.24,8.89
2023-12-01,P-TOL,Toledo Metal Works,Plant,Toledo,OH,Midwest,332,Fabricated Metal,420,210000,Consumables & Tooling,COGS,153167.52,148637.05,4530.47,3.05
2023-12-01,P-TOL,Toledo Metal Works,Plant,Toledo,OH,Midwest,332,Fabricated Metal,420,210000,Utilities,Overhead,362295.98,252682.98,109613.0,43.38
2023-12-01,P-TOL,Toledo Metal Works,Plant,Toledo,OH,Midwest,332,Fabricated Metal,420,210000,Maintenance & Repair,Overhead,305273.03,222955.57,82317.46,36.92
2023-12-01,P-TOL,Toledo Metal Works,Plant,Toledo,OH,Midwest,332,Fabricated Metal,420,210000,Depreciation,Overhead,222955.57,222955.57,0.0,0.0
2023-12-01,P-TOL,Toledo Metal Works,Plant,Toledo,OH,Midwest,332,Fabricated Metal,420,210000,Facilities,Overhead,104045.93,104045.93,0.0,0.0
2023-12-01,P-TOL,Toledo Metal Works,Plant,Toledo,OH,Midwest,332,Fabricated Metal,420,210000,Freight & Logistics,Overhead,178064.72,173409.89,4654.83,2.68
2023-12-01,P-TOL,Toledo Metal Works,Plant,Toledo,OH,Midwest,332,Fabricated Metal,420,210000,IT & Systems,Overhead,78669.67,74318.52,4351.15,5.85
2023-12-01,P-TOL,Toledo Metal Works,Plant,Toledo,OH,Midwest,332,Fabricated Metal,420,210000,Other Overhead,Overhead,72722.73,74318.52,-1595.79,-2.15
2024-01-01,P-TOL,Toledo Metal Works,Plant,Toledo,OH,Midwest,332,Fabricated Metal,420,210000,Direct Labor,COGS,1713229.42,1713229.42,0.0,0.0
2024-01-01,P-TOL,Toledo Metal Works,Plant,Toledo,OH,Midwest,332,Fabricated Metal,420,210000,Indirect Labor,COGS,666255.89,666255.89,0.0,0.0
2024-01-01,P-TOL,Toledo Metal Works,Plant,Toledo,OH,Midwest,332,Fabricated Metal,420,210000,Raw Materials,COGS,1072938.88,980452.88,92486.0,9.43
2024-01-01,P-TOL,Toledo Metal Works,Plant,Toledo,OH,Midwest,332,Fabricated Metal,420,210000,Consumables & Tooling,COGS,129506.07,139948.55,-10442.48,-7.46
2024-01-01,P-TOL,Toledo Metal Works,Plant,Toledo,OH,Midwest,332,Fabricated Metal,420,210000,Utilities,Overhead,355660.36,237912.53,117747.83,49.49
2024-01-01,P-TOL,Toledo Metal Works,Plant,Toledo,OH,Midwest,332,Fabricated Metal,420,210000,Maintenance & Repair,Overhead,263743.89,209922.82,53821.07,25.64
2024-01-01,P-TOL,Toledo Metal Works,Plant,Toledo,OH,Midwest,332,Fabricated Metal,420,210000,Depreciation,Overhead,209922.82,209922.82,0.0,0.0
2024-01-01,P-TOL,Toledo Metal Works,Plant,Toledo,OH,Midwest,332,Fabricated Metal,420,210000,Facilities,Overhead,97963.98,97963.98,0.0,0.0
2024-01-01,P-TOL,Toledo Metal Works,Plant,Toledo,OH,Midwest,332,Fabricated Metal,420,210000,Freight & Logistics,Overhead,155234.29,163273.31,-8039.02,-4.92
2024-01-01,P-TOL,Toledo Metal Works,Plant,Toledo,OH,Midwest,332,Fabricated Metal,420,210000,IT & Systems,Overhead,71298.76,69974.27,1324.49,1.89
2024-01-01,P-TOL,Toledo Metal Works,Plant,Toledo,OH,Midwest,332,Fabricated Metal,420,210000,Other Overhead,Overhead,69436.34,69974.27,-537.93,-0.77
2024-02-01,P-TOL,Toledo Metal Works,Plant,Toledo,OH,Midwest,332,Fabricated Metal,420,210000,Direct Labor,COGS,1713229.42,1713229.42,0.0,0.0
2024-02-01,P-TOL,Toledo Metal Works,Plant,Toledo,OH,Midwest,332,Fabricated Metal,420,210000,Indirect Labor,COGS,666255.89,666255.89,0.0,0.0
2024-02-01,P-TOL,Toledo Metal Works,Plant,Toledo,OH,Midwest,332,Fabricated Metal,420,210000,Raw Materials,COGS,1072297.49,974991.82,97305.67,9.98
2024-02-01,P-TOL,Toledo Metal Works,Plant,Toledo,OH,Midwest,332,Fabricated Metal,420,210000,Consumables & Tooling,COGS,144992.35,139864.89,5127.46,3.67
2024-02-01,P-TOL,Toledo Metal Works,Plant,Toledo,OH,Midwest,332,Fabricated Metal,420,210000,Utilities,Overhead,343761.12,237770.31,105990.81,44.58
2024-02-01,P-TOL,Toledo Metal Works,Plant,Toledo,OH,Midwest,332,Fabricated Metal,420,210000,Maintenance & Repair,Overhead,287737.28,209797.34,77939.94,37.15
2024-02-01,P-TOL,Toledo Metal Works,Plant,Toledo,OH,Midwest,332,Fabricated Metal,420,210000,Depreciation,Overhead,209797.34,209797.34,0.0,0.0
2024-02-01,P-TOL,Toledo Metal Works,Plant,Toledo,OH,Midwest,332,Fabricated Metal,420,210000,Facilities,Overhead,97905.42,97905.42,0.0,0.0
2024-02-01,P-TOL,Toledo Metal Works,Plant,Toledo,OH,Midwest,332,Fabricated Metal,420,210000,Freight & Logistics,Overhead,160237.1,163175.71,-2938.61,-1.8
2024-02-01,P-TOL,Toledo Metal Works,Plant,Toledo,OH,Midwest,332,Fabricated Metal,420,210000,IT & Systems,Overhead,68748.43,69932.45,-1184.02,-1.69
2024-02-01,P-TOL,Toledo Metal Works,Plant,Toledo,OH,Midwest,332,Fabricated Metal,420,210000,Other Overhead,Overhead,73239.5,69932.45,3307.05,4.73
2024-03-01,P-TOL,Toledo Metal Works,Plant,Toledo,OH,Midwest,332,Fabricated Metal,420,210000,Direct Labor,COGS,1713229.42,1713229.42,0.0,0.0
2024-03-01,P-TOL,Toledo Metal Works,Plant,Toledo,OH,Midwest,332,Fabricated Metal,420,210000,Indirect Labor,COGS,666255.89,666255.89,0.0,0.0
2024-03-01,P-TOL,Toledo Metal Works,Plant,Toledo,OH,Midwest,332,Fabricated Metal,420,210000,Raw Materials,COGS,995632.97,900780.32,94852.65,10.53
2024-03-01,P-TOL,Toledo Metal Works,Plant,Toledo,OH,Midwest,332,Fabricated Metal,420,210000,Consumables & Tooling,COGS,138000.74,129865.17,8135.57,6.26
2024-03-01,P-TOL,Toledo Metal Works,Plant,Toledo,OH,Midwest,332,Fabricated Metal,420,210000,Utilities,Overhead,286971.8,220770.79,66201.01,29.99
2024-03-01,P-TOL,Toledo Metal Works,Plant,Toledo,OH,Midwest,332,Fabricated Metal,420,210000,Maintenance & Repair,Overhead,255866.2,194797.76,61068.44,31.35
2024-03-01,P-TOL,Toledo Metal Works,Plant,Toledo,OH,Midwest,332,Fabricated Metal,420,210000,Depreciation,Overhead,194797.76,194797.76,0.0,0.0
2024-03-01,P-TOL,Toledo Metal Works,Plant,Toledo,OH,Midwest,332,Fabricated Metal,420,210000,Facilities,Overhead,90905.62,90905.62,0.0,0.0
2024-03-01,P-TOL,Toledo Metal Works,Plant,Toledo,OH,Midwest,332,Fabricated Metal,420,210000,Freight & Logistics,Overhead,138460.67,151509.37,-13048.7,-8.61
2024-03-01,P-TOL,Toledo Metal Works,Plant,Toledo,OH,Midwest,332,Fabricated Metal,420,210000,IT & Systems,Overhead,68866.41,64932.59,3933.82,6.06
2024-03-01,P-TOL,Toledo Metal Works,Plant,Toledo,OH,Midwest,332,Fabricated Metal,420,210000,Other Overhead,Overhead,65987.46,64932.59,1054.87,1.62
2024-04-01,P-TOL,Toledo Metal Works,Plant,Toledo,OH,Midwest,332,Fabricated Metal,420,210000,Direct Labor,COGS,1713229.42,1713229.42,0.0,0.0
2024-04-01,P-TOL,Toledo Metal Works,Plant,Toledo,OH,Midwest,332,Fabricated Metal,420,210000,Indirect Labor,COGS,666255.89,666255.89,0.0,0.0
2024-04-01,P-TOL,Toledo Metal Works,Plant,Toledo,OH,Midwest,332,Fabricated Metal,420,210000,Raw Materials,COGS,922202.41,830194.42,92007.99,11.08
2024-04-01,P-TOL,Toledo Metal Works,Plant,Toledo,OH,Midwest,332,Fabricated Metal,420,210000,Consumables & Tooling,COGS,123554.99,120287.27,3267.72,2.72
2024-04-01,P-TOL,Toledo Metal Works,Plant,Toledo,OH,Midwest,332,Fabricated Metal,420,210000,Utilities,Overhead,224297.82,204488.36,19809.46,9.69
2024-04-01,P-TOL,Toledo Metal Works,Plant,Toledo,OH,Midwest,332,Fabricated Metal,420,210000,Maintenance & Repair,Overhead,256329.01,180430.91,75898.1,42.06
2024-04-01,P-TOL,Toledo Metal Works,Plant,Toledo,OH,Midwest,332,Fabricated Metal,420,210000,Depreciation,Overhead,180430.91,180430.91,0.0,0.0
2024-04-01,P-TOL,Toledo Metal Works,Plant,Toledo,OH,Midwest,332,Fabricated Metal,420,210000,Facilities,Overhead,84201.09,84201.09,0.0,0.0
2024-04-01,P-TOL,Toledo Metal Works,Plant,Toledo,OH,Midwest,332,Fabricated Metal,420,210000,Freight & Logistics,Overhead,141765.35,140335.15,1430.2,1.02
2024-04-01,P-TOL,Toledo Metal Works,Plant,Toledo,OH,Midwest,332,Fabricated Metal,420,210000,IT & Systems,Overhead,57936.33,60143.64,-2207.31,-3.67
2024-04-01,P-TOL,Toledo Metal Works,Plant,Toledo,OH,Midwest,332,Fabricated Metal,420,210000,Other Overhead,Overhead,54597.06,60143.64,-5546.58,-9.22
2024-05-01,P-TOL,Toledo Metal Works,Plant,Toledo,OH,Midwest,332,Fabricated Metal,420,210000,Direct Labor,COGS,1713229.42,1713229.42,0.0,0.0
2024-05-01,P-TOL,Toledo Metal Works,Plant,Toledo,OH,Midwest,332,Fabricated Metal,420,210000,Indirect Labor,COGS,666255.89,666255.89,0.0,0.0
2024-05-01,P-TOL,Toledo Metal Works,Plant,Toledo,OH,Midwest,332,Fabricated Metal,420,210000,Raw Materials,COGS,916138.0,820631.9,95506.1,11.64
2024-05-01,P-TOL,Toledo Metal Works,Plant,Toledo,OH,Midwest,332,Fabricated Metal,420,210000,Consumables & Tooling,COGS,116026.71,119496.26,-3469.55,-2.9
2024-05-01,P-TOL,Toledo Metal Works,Plant,Toledo,OH,Midwest,332,Fabricated Metal,420,210000,Utilities,Overhead,181238.52,203143.64,-21905.12,-10.78
2024-05-01,P-TOL,Toledo Metal Works,Plant,Toledo,OH,Midwest,332,Fabricated Metal,420,210000,Maintenance & Repair,Overhead,251343.61,179244.39,72099.22,40.22
2024-05-01,P-TOL,Toledo Metal Works,Plant,Toledo,OH,Midwest,332,Fabricated Metal,420,210000,Depreciation,Overhead,179244.39,179244.39,0.0,0.0
2024-05-01,P-TOL,Toledo Metal Works,Plant,Toledo,OH,Midwest,332,Fabricated Metal,420,210000,Facilities,Overhead,83647.38,83647.38,0.0,0.0
2024-05-01,P-TOL,Toledo Metal Works,Plant,Toledo,OH,Midwest,332,Fabricated Metal,420,210000,Freight & Logistics,Overhead,138765.32,139412.31,-646.99,-0.46
2024-05-01,P-TOL,Toledo Metal Works,Plant,Toledo,OH,Midwest,332,Fabricated Metal,420,210000,IT & Systems,Overhead,62389.14,59748.13,2641.01,4.42
2024-05-01,P-TOL,Toledo Metal Works,Plant,Toledo,OH,Midwest,332,Fabricated Metal,420,210000,Other Overhead,Overhead,61202.0,59748.13,1453.87,2.43
2024-06-01,P-TOL,Toledo Metal Works,Plant,Toledo,OH,Midwest,332,Fabricated Metal,420,210000,Direct Labor,COGS,1713229.42,1713229.42,0.0,0.0
2024-06-01,P-TOL,Toledo Metal Works,Plant,Toledo,OH,Midwest,332,Fabricated Metal,420,210000,Indirect Labor,COGS,666255.89,666255.89,0.0,0.0
2024-06-01,P-TOL,Toledo Metal Works,Plant,Toledo,OH,Midwest,332,Fabricated Metal,420,210000,Raw Materials,COGS,969786.4,864365.7,105420.7,12.2
2024-06-01,P-TOL,Toledo Metal Works,Plant,Toledo,OH,Midwest,332,Fabricated Metal,420,210000,Consumables & Tooling,COGS,122962.94,126493.88,-3530.94,-2.79
2024-06-01,P-TOL,Toledo Metal Works,Plant,Toledo,OH,Midwest,332,Fabricated Metal,420,210000,Utilities,Overhead,159569.9,215039.59,-55469.69,-25.8
2024-06-01,P-TOL,Toledo Metal Works,Plant,Toledo,OH,Midwest,332,Fabricated Metal,420,210000,Maintenance & Repair,Overhead,272542.68,189740.82,82801.86,43.64
2024-06-01,P-TOL,Toledo Metal Works,Plant,Toledo,OH,Midwest,332,Fabricated Metal,420,210000,Depreciation,Overhead,189740.82,189740.82,0.0,0.0
2024-06-01,P-TOL,Toledo Metal Works,Plant,Toledo,OH,Midwest,332,Fabricated Metal,420,210000,Facilities,Overhead,88545.72,88545.72,0.0,0.0
2024-06-01,P-TOL,Toledo Metal Works,Plant,Toledo,OH,Midwest,332,Fabricated Metal,420,210000,Freight & Logistics,Overhead,159610.36,147576.19,12034.17,8.15
2024-06-01,P-TOL,Toledo Metal Works,Plant,Toledo,OH,Midwest,332,Fabricated Metal,420,210000,IT & Systems,Overhead,61601.27,63246.94,-1645.67,-2.6
2024-06-01,P-TOL,Toledo Metal Works,Plant,Toledo,OH,Midwest,332,Fabricated Metal,420,210000,Other Overhead,Overhead,63012.85,63246.94,-234.09,-0.37
2024-07-01,P-TOL,Toledo Metal Works,Plant,Toledo,OH,Midwest,332,Fabricated Metal,420,210000,Direct Labor,COGS,1713229.42,1713229.42,0.0,0.0
2024-07-01,P-TOL,Toledo Metal Works,Plant,Toledo,OH,Midwest,332,Fabricated Metal,420,210000,Indirect Labor,COGS,666255.89,666255.89,0.0,0.0
2024-07-01,P-TOL,Toledo Metal Works,Plant,Toledo,OH,Midwest,332,Fabricated Metal,420,210000,Raw Materials,COGS,1022645.29,906943.84,115701.45,12.76
2024-07-01,P-TOL,Toledo Metal Works,Plant,Toledo,OH,Midwest,332,Fabricated Metal,420,210000,Consumables & Tooling,COGS,135965.45,133388.52,2576.93,1.93
2024-07-01,P-TOL,Toledo Metal Works,Plant,Toledo,OH,Midwest,332,Fabricated Metal,420,210000,Utilities,Overhead,156146.73,226760.48,-70613.75,-31.14
2024-07-01,P-TOL,Toledo Metal Works,Plant,Toledo,OH,Midwest,332,Fabricated Metal,420,210000,Maintenance & Repair,Overhead,288741.04,200082.77,88658.27,44.31
2024-07-01,P-TOL,Toledo Metal Works,Plant,Toledo,OH,Midwest,332,Fabricated Metal,420,210000,Depreciation,Overhead,200082.77,200082.77,0.0,0.0
2024-07-01,P-TOL,Toledo Metal Works,Plant,Toledo,OH,Midwest,332,Fabricated Metal,420,210000,Facilities,Overhead,93371.96,93371.96,0.0,0.0
2024-07-01,P-TOL,Toledo Metal Works,Plant,Toledo,OH,Midwest,332,Fabricated Metal,420,210000,Freight & Logistics,Overhead,161471.26,155619.94,5851.32,3.76
2024-07-01,P-TOL,Toledo Metal Works,Plant,Toledo,OH,Midwest,332,Fabricated Metal,420,210000,IT & Systems,Overhead,71838.12,66694.26,5143.86,7.71
2024-07-01,P-TOL,Toledo Metal Works,Plant,Toledo,OH,Midwest,332,Fabricated Metal,420,210000,Other Overhead,Overhead,66847.18,66694.26,152.92,0.23
2024-08-01,P-TOL,Toledo Metal Works,Plant,Toledo,OH,Midwest,332,Fabricated Metal,420,210000,Direct Labor,COGS,1713229.42,1713229.42,0.0,0.0
2024-08-01,P-TOL,Toledo Metal Works,Plant,Toledo,OH,Midwest,332,Fabricated Metal,420,210000,Indirect Labor,COGS,666255.89,666255.89,0.0,0.0
2024-08-01,P-TOL,Toledo Metal Works,Plant,Toledo,OH,Midwest,332,Fabricated Metal,420,210000,Raw Materials,COGS,1096962.23,968012.54,128949.69,13.32
2024-08-01,P-TOL,Toledo Metal Works,Plant,Toledo,OH,Midwest,332,Fabricated Metal,420,210000,Consumables & Tooling,COGS,139245.0,143082.03,-3837.03,-2.68
2024-08-01,P-TOL,Toledo Metal Works,Plant,Toledo,OH,Midwest,332,Fabricated Metal,420,210000,Utilities,Overhead,182002.84,243239.45,-61236.61,-25.18
2024-08-01,P-TOL,Toledo Metal Works,Plant,Toledo,OH,Midwest,332,Fabricated Metal,420,210000,Maintenance & Repair,Overhead,298226.52,214623.04,83603.48,38.95
2024-08-01,P-TOL,Toledo Metal Works,Plant,Toledo,OH,Midwest,332,Fabricated Metal,420,210000,Depreciation,Overhead,214623.04,214623.04,0.0,0.0
2024-08-01,P-TOL,Toledo Metal Works,Plant,Toledo,OH,Midwest,332,Fabricated Metal,420,210000,Facilities,Overhead,100157.42,100157.42,0.0,0.0
2024-08-01,P-TOL,Toledo Metal Works,Plant,Toledo,OH,Midwest,332,Fabricated Metal,420,210000,Freight & Logistics,Overhead,164605.2,166929.03,-2323.83,-1.39
2024-08-01,P-TOL,Toledo Metal Works,Plant,Toledo,OH,Midwest,332,Fabricated Metal,420,210000,IT & Systems,Overhead,68429.25,71541.01,-3111.76,-4.35
2024-08-01,P-TOL,Toledo Metal Works,Plant,Toledo,OH,Midwest,332,Fabricated Metal,420,210000,Other Overhead,Overhead,67744.1,71541.01,-3796.91,-5.31
2024-09-01,P-TOL,Toledo Metal Works,Plant,Toledo,OH,Midwest,332,Fabricated Metal,420,210000,Direct Labor,COGS,1713229.42,1713229.42,0.0,0.0
2024-09-01,P-TOL,Toledo Metal Works,Plant,Toledo,OH,Midwest,332,Fabricated Metal,420,210000,Indirect Labor,COGS,666255.89,666255.89,0.0,0.0
2024-09-01,P-TOL,Toledo Metal Works,Plant,Toledo,OH,Midwest,332,Fabricated Metal,420,210000,Raw Materials,COGS,1115169.86,979183.92,135985.94,13.89
2024-09-01,P-TOL,Toledo Metal Works,Plant,Toledo,OH,Midwest,332,Fabricated Metal,420,210000,Consumables & Tooling,COGS,149148.1,145456.94,3691.16,2.54
2024-09-01,P-TOL,Toledo Metal Works,Plant,Toledo,OH,Midwest,332,Fabricated Metal,420,210000,Utilities,Overhead,224312.69,247276.8,-22964.11,-9.29
2024-09-01,P-TOL,Toledo Metal Works,Plant,Toledo,OH,Midwest,332,Fabricated Metal,420,210000,Maintenance & Repair,Overhead,295502.59,218185.41,77317.18,35.44
2024-09-01,P-TOL,Toledo Metal Works,Plant,Toledo,OH,Midwest,332,Fabricated Metal,420,210000,Depreciation,Overhead,218185.41,218185.41,0.0,0.0
2024-09-01,P-TOL,Toledo Metal Works,Plant,Toledo,OH,Midwest,332,Fabricated Metal,420,210000,Facilities,Overhead,101819.86,101819.86,0.0,0.0
2024-09-01,P-TOL,Toledo Metal Works,Plant,Toledo,OH,Midwest,332,Fabricated Metal,420,210000,Freight & Logistics,Overhead,172434.5,169699.76,2734.74,1.61
2024-09-01,P-TOL,Toledo Metal Works,Plant,Toledo,OH,Midwest,332,Fabricated Metal,420,210000,IT & Systems,Overhead,75931.53,72728.47,3203.06,4.4
2024-09-01,P-TOL,Toledo Metal Works,Plant,Toledo,OH,Midwest,332,Fabricated Metal,420,210000,Other Overhead,Overhead,77824.84,72728.47,5096.37,7.01
2024-10-01,P-TOL,Toledo Metal Works,Plant,Toledo,OH,Midwest,332,Fabricated Metal,420,210000,Direct Labor,COGS,1713229.42,1713229.42,0.0,0.0
2024-10-01,P-TOL,Toledo Metal Works,Plant,Toledo,OH,Midwest,332,Fabricated Metal,420,210000,Indirect Labor,COGS,666255.89,666255.89,0.0,0.0
2024-10-01,P-TOL,Toledo Metal Works,Plant,Toledo,OH,Midwest,332,Fabricated Metal,420,210000,Raw Materials,COGS,1145618.32,1000914.86,144703.46,14.46
2024-10-01,P-TOL,Toledo Metal Works,Plant,Toledo,OH,Midwest,332,Fabricated Metal,420,210000,Consumables & Tooling,COGS,144231.87,149428.48,-5196.61,-3.48
2024-10-01,P-TOL,Toledo Metal Works,Plant,Toledo,OH,Midwest,332,Fabricated Metal,420,210000,Utilities,Overhead,285675.86,254028.41,31647.45,12.46
2024-10-01,P-TOL,Toledo Metal Works,Plant,Toledo,OH,Midwest,332,Fabricated Metal,420,210000,Maintenance & Repair,Overhead,289787.61,224142.71,65644.9,29.29
2024-10-01,P-TOL,Toledo Metal Works,Plant,Toledo,OH,Midwest,332,Fabricated Metal,420,210000,Depreciation,Overhead,224142.71,224142.71,0.0,0.0
2024-10-01,P-TOL,Toledo Metal Works,Plant,Toledo,OH,Midwest,332,Fabricated Metal,420,210000,Facilities,Overhead,104599.93,104599.93,0.0,0.0
2024-10-01,P-TOL,Toledo Metal Works,Plant,Toledo,OH,Midwest,332,Fabricated Metal,420,210000,Freight & Logistics,Overhead,176215.06,174333.22,1881.84,1.08
2024-10-01,P-TOL,Toledo Metal Works,Plant,Toledo,OH,Midwest,332,Fabricated Metal,420,210000,IT & Systems,Overhead,70458.34,74714.24,-4255.9,-5.7
2024-10-01,P-TOL,Toledo Metal Works,Plant,Toledo,OH,Midwest,332,Fabricated Metal,420,210000,Other Overhead,Overhead,81400.51,74714.24,6686.27,8.95
2024-11-01,P-TOL,Toledo Metal Works,Plant,Toledo,OH,Midwest,332,Fabricated Metal,420,210000,Direct Labor,COGS,1713229.42,1713229.42,0.0,0.0
2024-11-01,P-TOL,Toledo Metal Works,Plant,Toledo,OH,Midwest,332,Fabricated Metal,420,210000,Indirect Labor,COGS,666255.89,666255.89,0.0,0.0
2024-11-01,P-TOL,Toledo Metal Works,Plant,Toledo,OH,Midwest,332,Fabricated Metal,420,210000,Raw Materials,COGS,1216067.45,1057179.64,158887.81,15.03
2024-11-01,P-TOL,Toledo Metal Works,Plant,Toledo,OH,Midwest,332,Fabricated Metal,420,210000,Consumables & Tooling,COGS,176132.16,158617.49,17514.67,11.04
2024-11-01,P-TOL,Toledo Metal Works,Plant,Toledo,OH,Midwest,332,Fabricated Metal,420,210000,Utilities,Overhead,362363.15,269649.74,92713.41,34.38
2024-11-01,P-TOL,Toledo Metal Works,Plant,Toledo,OH,Midwest,332,Fabricated Metal,420,210000,Maintenance & Repair,Overhead,323737.08,237926.24,85810.84,36.07
2024-11-01,P-TOL,Toledo Metal Works,Plant,Toledo,OH,Midwest,332,Fabricated Metal,420,210000,Depreciation,Overhead,237926.24,237926.24,0.0,0.0
2024-11-01,P-TOL,Toledo Metal Works,Plant,Toledo,OH,Midwest,332,Fabricated Metal,420,210000,Facilities,Overhead,111032.25,111032.25,0.0,0.0
2024-11-01,P-TOL,Toledo Metal Works,Plant,Toledo,OH,Midwest,332,Fabricated Metal,420,210000,Freight & Logistics,Overhead,183322.4,185053.74,-1731.34,-0.94
2024-11-01,P-TOL,Toledo Metal Works,Plant,Toledo,OH,Midwest,332,Fabricated Metal,420,210000,IT & Systems,Overhead,73464.66,79308.75,-5844.09,-7.37
2024-11-01,P-TOL,Toledo Metal Works,Plant,Toledo,OH,Midwest,332,Fabricated Metal,420,210000,Other Overhead,Overhead,76544.41,79308.75,-2764.34,-3.49
2024-12-01,P-TOL,Toledo Metal Works,Plant,Toledo,OH,Midwest,332,Fabricated Metal,420,210000,Direct Labor,COGS,1713229.42,1713229.42,0.0,0.0
2024-12-01,P-TOL,Toledo Metal Works,Plant,Toledo,OH,Midwest,332,Fabricated Metal,420,210000,Indirect Labor,COGS,666255.89,666255.89,0.0,0.0
2024-12-01,P-TOL,Toledo Metal Works,Plant,Toledo,OH,Midwest,332,Fabricated Metal,420,210000,Raw Materials,COGS,1206482.59,1043628.96,162853.63,15.6
2024-12-01,P-TOL,Toledo Metal Works,Plant,Toledo,OH,Midwest,332,Fabricated Metal,420,210000,Consumables & Tooling,COGS,166999.85,157367.29,9632.56,6.12
2024-12-01,P-TOL,Toledo Metal Works,Plant,Toledo,OH,Midwest,332,Fabricated Metal,420,210000,Utilities,Overhead,403200.01,267524.4,135675.61,50.72
2024-12-01,P-TOL,Toledo Metal Works,Plant,Toledo,OH,Midwest,332,Fabricated Metal,420,210000,Maintenance & Repair,Overhead,356387.85,236050.94,120336.91,50.98
2024-12-01,P-TOL,Toledo Metal Works,Plant,Toledo,OH,Midwest,332,Fabricated Metal,420,210000,Depreciation,Overhead,236050.94,236050.94,0.0,0.0
2024-12-01,P-TOL,Toledo Metal Works,Plant,Toledo,OH,Midwest,332,Fabricated Metal,420,210000,Facilities,Overhead,110157.11,110157.11,0.0,0.0
2024-12-01,P-TOL,Toledo Metal Works,Plant,Toledo,OH,Midwest,332,Fabricated Metal,420,210000,Freight & Logistics,Overhead,186925.4,183595.18,3330.22,1.81
2024-12-01,P-TOL,Toledo Metal Works,Plant,Toledo,OH,Midwest,332,Fabricated Metal,420,210000,IT & Systems,Overhead,83814.39,78683.65,5130.74,6.52
2024-12-01,P-TOL,Toledo Metal Works,Plant,Toledo,OH,Midwest,332,Fabricated Metal,420,210000,Other Overhead,Overhead,77389.83,78683.65,-1293.82,-1.64
2022-01-01,P-GRP,Grand Rapids Machining,Plant,Grand Rapids,MI,Midwest,333,Machinery,360,175000,Direct Labor,COGS,1619006.4,1619006.4,0.0,0.0
2022-01-01,P-GRP,Grand Rapids Machining,Plant,Grand Rapids,MI,Midwest,333,Machinery,360,175000,Indirect Labor,COGS,629613.6,629613.6,0.0,0.0
2022-01-01,P-GRP,Grand Rapids Machining,Plant,Grand Rapids,MI,Midwest,333,Machinery,360,175000,Raw Materials,COGS,955774.0,984447.22,-28673.22,-2.91
2022-01-01,P-GRP,Grand Rapids Machining,Plant,Grand Rapids,MI,Midwest,333,Machinery,360,175000,Consumables & Tooling,COGS,115251.59,124666.17,-9414.58,-7.55
2022-01-01,P-GRP,Grand Rapids Machining,Plant,Grand Rapids,MI,Midwest,333,Machinery,360,175000,Utilities,Overhead,286732.2,211932.5,74799.7,35.29
2022-01-01,P-GRP,Grand Rapids Machining,Plant,Grand Rapids,MI,Midwest,333,Machinery,360,175000,Maintenance & Repair,Overhead,192183.56,186999.26,5184.3,2.77
2022-01-01,P-GRP,Grand Rapids Machining,Plant,Grand Rapids,MI,Midwest,333,Machinery,360,175000,Depreciation,Overhead,186999.26,186999.26,0.0,0.0
2022-01-01,P-GRP,Grand Rapids Machining,Plant,Grand Rapids,MI,Midwest,333,Machinery,360,175000,Facilities,Overhead,87266.32,87266.32,0.0,0.0
2022-01-01,P-GRP,Grand Rapids Machining,Plant,Grand Rapids,MI,Midwest,333,Machinery,360,175000,Freight & Logistics,Overhead,145581.98,145443.87,138.11,0.09
2022-01-01,P-GRP,Grand Rapids Machining,Plant,Grand Rapids,MI,Midwest,333,Machinery,360,175000,IT & Systems,Overhead,61961.55,62333.09,-371.54,-0.6
2022-01-01,P-GRP,Grand Rapids Machining,Plant,Grand Rapids,MI,Midwest,333,Machinery,360,175000,Other Overhead,Overhead,58092.19,62333.09,-4240.9,-6.8
2022-02-01,P-GRP,Grand Rapids Machining,Plant,Grand Rapids,MI,Midwest,333,Machinery,360,175000,Direct Labor,COGS,1619006.4,1619006.4,0.0,0.0
2022-02-01,P-GRP,Grand Rapids Machining,Plant,Grand Rapids,MI,Midwest,333,Machinery,360,175000,Indirect Labor,COGS,629613.6,629613.6,0.0,0.0
2022-02-01,P-GRP,Grand Rapids Machining,Plant,Grand Rapids,MI,Midwest,333,Machinery,360,175000,Raw Materials,COGS,972888.24,997089.44,-24201.2,-2.43
2022-02-01,P-GRP,Grand Rapids Machining,Plant,Grand Rapids,MI,Midwest,333,Machinery,360,175000,Consumables & Tooling,COGS,132352.84,126898.47,5454.37,4.3
2022-02-01,P-GRP,Grand Rapids Machining,Plant,Grand Rapids,MI,Midwest,333,Machinery,360,175000,Utilities,Overhead,282270.31,215727.39,66542.92,30.85
2022-02-01,P-GRP,Grand Rapids Machining,Plant,Grand Rapids,MI,Midwest,333,Machinery,360,175000,Maintenance & Repair,Overhead,200441.08,190347.7,10093.38,5.3
2022-02-01,P-GRP,Grand Rapids Machining,Plant,Grand Rapids,MI,Midwest,333,Machinery,360,175000,Depreciation,Overhead,190347.7,190347.7,0.0,0.0
2022-02-01,P-GRP,Grand Rapids Machining,Plant,Grand Rapids,MI,Midwest,333,Machinery,360,175000,Facilities,Overhead,88828.93,88828.93,0.0,0.0
2022-02-01,P-GRP,Grand Rapids Machining,Plant,Grand Rapids,MI,Midwest,333,Machinery,360,175000,Freight & Logistics,Overhead,146026.86,148048.21,-2021.35,-1.37
2022-02-01,P-GRP,Grand Rapids Machining,Plant,Grand Rapids,MI,Midwest,333,Machinery,360,175000,IT & Systems,Overhead,58956.66,63449.23,-4492.57,-7.08
2022-02-01,P-GRP,Grand Rapids Machining,Plant,Grand Rapids,MI,Midwest,333,Machinery,360,175000,Other Overhead,Overhead,59723.14,63449.23,-3726.09,-5.87
2022-03-01,P-GRP,Grand Rapids Machining,Plant,Grand Rapids,MI,Midwest,333,Machinery,360,175000,Direct Labor,COGS,1619006.4,1619006.4,0.0,0.0
2022-03-01,P-GRP,Grand Rapids Machining,Plant,Grand Rapids,MI,Midwest,333,Machinery,360,175000,Indirect Labor,COGS,629613.6,629613.6,0.0,0.0
2022-03-01,P-GRP,Grand Rapids Machining,Plant,Grand Rapids,MI,Midwest,333,Machinery,360,175000,Raw Materials,COGS,980843.36,1000241.24,-19397.88,-1.94
2022-03-01,P-GRP,Grand Rapids Machining,Plant,Grand Rapids,MI,Midwest,333,Machinery,360,175000,Consumables & Tooling,COGS,132796.14,127936.09,4860.05,3.8
2022-03-01,P-GRP,Grand Rapids Machining,Plant,Grand Rapids,MI,Midwest,333,Machinery,360,175000,Utilities,Overhead,255858.82,217491.35,38367.47,17.64
2022-03-01,P-GRP,Grand Rapids Machining,Plant,Grand Rapids,MI,Midwest,333,Machinery,360,175000,Maintenance & Repair,Overhead,173906.42,191904.14,-17997.72,-9.38
2022-03-01,P-GRP,Grand Rapids Machining,Plant,Grand Rapids,MI,Midwest,333,Machinery,360,175000,Depreciation,Overhead,191904.14,191904.14,0.0,0.0
2022-03-01,P-GRP,Grand Rapids Machining,Plant,Grand Rapids,MI,Midwest,333,Machinery,360,175000,Facilities,Overhead,89555.26,89555.26,0.0,0.0
2022-03-01,P-GRP,Grand Rapids Machining,Plant,Grand Rapids,MI,Midwest,333,Machinery,360,175000,Freight & Logistics,Overhead,138363.86,149258.77,-10894.91,-7.3
2022-03-01,P-GRP,Grand Rapids Machining,Plant,Grand Rapids,MI,Midwest,333,Machinery,360,175000,IT & Systems,Overhead,67309.64,63968.05,3341.59,5.22
2022-03-01,P-GRP,Grand Rapids Machining,Plant,Grand Rapids,MI,Midwest,333,Machinery,360,175000,Other Overhead,Overhead,64603.77,63968.05,635.72,0.99
2022-04-01,P-GRP,Grand Rapids Machining,Plant,Grand Rapids,MI,Midwest,333,Machinery,360,175000,Direct Labor,COGS,1619006.4,1619006.4,0.0,0.0
2022-04-01,P-GRP,Grand Rapids Machining,Plant,Grand Rapids,MI,Midwest,333,Machinery,360,175000,Indirect Labor,COGS,629613.6,629613.6,0.0,0.0
2022-04-01,P-GRP,Grand Rapids Machining,Plant,Grand Rapids,MI,Midwest,333,Machinery,360,175000,Raw Materials,COGS,933978.74,947711.24,-13732.5,-1.45
2022-04-01,P-GRP,Grand Rapids Machining,Plant,Grand Rapids,MI,Midwest,333,Machinery,360,175000,Consumables & Tooling,COGS,123534.54,121823.31,1711.23,1.4
2022-04-01,P-GRP,Grand Rapids Machining,Plant,Grand Rapids,MI,Midwest,333,Machinery,360,175000,Utilities,Overhead,205587.43,207099.63,-1512.2,-0.73
2022-04-01,P-GRP,Grand Rapids Machining,Plant,Grand Rapids,MI,Midwest,333,Machinery,360,175000,Maintenance & Repair,Overhead,175339.1,182734.97,-7395.87,-4.05
2022-04-01,P-GRP,Grand Rapids Machining,Plant,Grand Rapids,MI,Midwest,333,Machinery,360,175000,Depreciation,Overhead,182734.97,182734.97,0.0,0.0
2022-04-01,P-GRP,Grand Rapids Machining,Plant,Grand Rapids,MI,Midwest,333,Machinery,360,175000,Facilities,Overhead,85276.32,85276.32,0.0,0.0
2022-04-01,P-GRP,Grand Rapids Machining,Plant,Grand Rapids,MI,Midwest,333,Machinery,360,175000,Freight & Logistics,Overhead,139023.03,142127.2,-3104.17,-2.18
2022-04-01,P-GRP,Grand Rapids Machining,Plant,Grand Rapids,MI,Midwest,333,Machinery,360,175000,IT & Systems,Overhead,60867.35,60911.66,-44.31,-0.07
2022-04-01,P-GRP,Grand Rapids Machining,Plant,Grand Rapids,MI,Midwest,333,Machinery,360,175000,Other Overhead,Overhead,62315.54,60911.66,1403.88,2.3
2022-05-01,P-GRP,Grand Rapids Machining,Plant,Grand Rapids,MI,Midwest,333,Machinery,360,175000,Direct Labor,COGS,1619006.4,1619006.4,0.0,0.0
2022-05-01,P-GRP,Grand Rapids Machining,Plant,Grand Rapids,MI,Midwest,333,Machinery,360,175000,Indirect Labor,COGS,629613.6,629613.6,0.0,0.0
2022-05-01,P-GRP,Grand Rapids Machining,Plant,Grand Rapids,MI,Midwest,333,Machinery,360,175000,Raw Materials,COGS,916415.48,925263.42,-8847.94,-0.96
2022-05-01,P-GRP,Grand Rapids Machining,Plant,Grand Rapids,MI,Midwest,333,Machinery,360,175000,Consumables & Tooling,COGS,121071.27,119532.45,1538.82,1.29
2022-05-01,P-GRP,Grand Rapids Machining,Plant,Grand Rapids,MI,Midwest,333,Machinery,360,175000,Utilities,Overhead,164075.15,203205.17,-39130.02,-19.26
2022-05-01,P-GRP,Grand Rapids Machining,Plant,Grand Rapids,MI,Midwest,333,Machinery,360,175000,Maintenance & Repair,Overhead,180013.96,179298.68,715.28,0.4
2022-05-01,P-GRP,Grand Rapids Machining,Plant,Grand Rapids,MI,Midwest,333,Machinery,360,175000,Depreciation,Overhead,179298.68,179298.68,0.0,0.0
2022-05-01,P-GRP,Grand Rapids Machining,Plant,Grand Rapids,MI,Midwest,333,Machinery,360,175000,Facilities,Overhead,83672.72,83672.72,0.0,0.0
2022-05-01,P-GRP,Grand Rapids Machining,Plant,Grand Rapids,MI,Midwest,333,Machinery,360,175000,Freight & Logistics,Overhead,126549.99,139454.53,-12904.54,-9.25
2022-05-01,P-GRP,Grand Rapids Machining,Plant,Grand Rapids,MI,Midwest,333,Machinery,360,175000,IT & Systems,Overhead,57698.96,59766.23,-2067.27,-3.46
2022-05-01,P-GRP,Grand Rapids Machining,Plant,Grand Rapids,MI,Midwest,333,Machinery,360,175000,Other Overhead,Overhead,60391.87,59766.23,625.64,1.05
2022-06-01,P-GRP,Grand Rapids Machining,Plant,Grand Rapids,MI,Midwest,333,Machinery,360,175000,Direct Labor,COGS,1619006.4,1619006.4,0.0,0.0
2022-06-01,P-GRP,Grand Rapids Machining,Plant,Grand Rapids,MI,Midwest,333,Machinery,360,175000,Indirect Labor,COGS,629613.6,629613.6,0.0,0.0
2022-06-01,P-GRP,Grand Rapids Machining,Plant,Grand Rapids,MI,Midwest,333,Machinery,360,175000,Raw Materials,COGS,916396.23,920640.78,-4244.55,-0.46
2022-06-01,P-GRP,Grand Rapids Machining,Plant,Grand Rapids,MI,Midwest,333,Machinery,360,175000,Consumables & Tooling,COGS,124050.36,119529.94,4520.42,3.78
2022-06-01,P-GRP,Grand Rapids Machining,Plant,Grand Rapids,MI,Midwest,333,Machinery,360,175000,Utilities,Overhead,136464.27,203200.9,-66736.63,-32.84
2022-06-01,P-GRP,Grand Rapids Machining,Plant,Grand Rapids,MI,Midwest,333,Machinery,360,175000,Maintenance & Repair,Overhead,198016.92,179294.91,18722.01,10.44
2022-06-01,P-GRP,Grand Rapids Machining,Plant,Grand Rapids,MI,Midwest,333,Machinery,360,175000,Depreciation,Overhead,179294.91,179294.91,0.0,0.0
2022-06-01,P-GRP,Grand Rapids Machining,Plant,Grand Rapids,MI,Midwest,333,Machinery,360,175000,Facilities,Overhead,83670.96,83670.96,0.0,0.0
2022-06-01,P-GRP,Grand Rapids Machining,Plant,Grand Rapids,MI,Midwest,333,Machinery,360,175000,Freight & Logistics,Overhead,145833.23,139451.6,6381.63,4.58
2022-06-01,P-GRP,Grand Rapids Machining,Plant,Grand Rapids,MI,Midwest,333,Machinery,360,175000,IT & Systems,Overhead,58751.07,59764.97,-1013.9,-1.7
2022-06-01,P-GRP,Grand Rapids Machining,Plant,Grand Rapids,MI,Midwest,333,Machinery,360,175000,Other Overhead,Overhead,55710.37,59764.97,-4054.6,-6.78
2022-07-01,P-GRP,Grand Rapids Machining,Plant,Grand Rapids,MI,Midwest,333,Machinery,360,175000,Direct Labor,COGS,1619006.4,1619006.4,0.0,0.0
2022-07-01,P-GRP,Grand Rapids Machining,Plant,Grand Rapids,MI,Midwest,333,Machinery,360,175000,Indirect Labor,COGS,629613.6,629613.6,0.0,0.0
2022-07-01,P-GRP,Grand Rapids Machining,Plant,Grand Rapids,MI,Midwest,333,Machinery,360,175000,Raw Materials,COGS,988696.68,988334.44,362.24,0.04
2022-07-01,P-GRP,Grand Rapids Machining,Plant,Grand Rapids,MI,Midwest,333,Machinery,360,175000,Consumables & Tooling,COGS,126092.48,128960.44,-2867.96,-2.22
2022-07-01,P-GRP,Grand Rapids Machining,Plant,Grand Rapids,MI,Midwest,333,Machinery,360,175000,Utilities,Overhead,136625.49,219232.74,-82607.25,-37.68
2022-07-01,P-GRP,Grand Rapids Machining,Plant,Grand Rapids,MI,Midwest,333,Machinery,360,175000,Maintenance & Repair,Overhead,201879.1,193440.65,8438.45,4.36
2022-07-01,P-GRP,Grand Rapids Machining,Plant,Grand Rapids,MI,Midwest,333,Machinery,360,175000,Depreciation,Overhead,193440.65,193440.65,0.0,0.0
2022-07-01,P-GRP,Grand Rapids Machining,Plant,Grand Rapids,MI,Midwest,333,Machinery,360,175000,Facilities,Overhead,90272.31,90272.31,0.0,0.0
2022-07-01,P-GRP,Grand Rapids Machining,Plant,Grand Rapids,MI,Midwest,333,Machinery,360,175000,Freight & Logistics,Overhead,153963.7,150453.84,3509.86,2.33
2022-07-01,P-GRP,Grand Rapids Machining,Plant,Grand Rapids,MI,Midwest,333,Machinery,360,175000,IT & Systems,Overhead,62320.55,64480.22,-2159.67,-3.35
2022-07-01,P-GRP,Grand Rapids Machining,Plant,Grand Rapids,MI,Midwest,333,Machinery,360,175000,Other Overhead,Overhead,62763.72,64480.22,-1716.5,-2.66
2022-08-01,P-GRP,Grand Rapids Machining,Plant,Grand Rapids,MI,Midwest,333,Machinery,360,175000,Direct Labor,COGS,1619006.4,1619006.4,0.0,0.0
2022-08-01,P-GRP,Grand Rapids Machining,Plant,Grand Rapids,MI,Midwest,333,Machinery,360,175000,Indirect Labor,COGS,629613.6,629613.6,0.0,0.0
2022-08-01,P-GRP,Grand Rapids Machining,Plant,Grand Rapids,MI,Midwest,333,Machinery,360,175000,Raw Materials,COGS,997935.54,992606.88,5328.66,0.54
2022-08-01,P-GRP,Grand Rapids Machining,Plant,Grand Rapids,MI,Midwest,333,Machinery,360,175000,Consumables & Tooling,COGS,127456.62,130165.5,-2708.88,-2.08
2022-08-01,P-GRP,Grand Rapids Machining,Plant,Grand Rapids,MI,Midwest,333,Machinery,360,175000,Utilities,Overhead,149847.59,221281.36,-71433.77,-32.28
2022-08-01,P-GRP,Grand Rapids Machining,Plant,Grand Rapids,MI,Midwest,333,Machinery,360,175000,Maintenance & Repair,Overhead,205626.09,195248.26,10377.83,5.32
2022-08-01,P-GRP,Grand Rapids Machining,Plant,Grand Rapids,MI,Midwest,333,Machinery,360,175000,Depreciation,Overhead,195248.26,195248.26,0.0,0.0
2022-08-01,P-GRP,Grand Rapids Machining,Plant,Grand Rapids,MI,Midwest,333,Machinery,360,175000,Facilities,Overhead,91115.85,91115.85,0.0,0.0
2022-08-01,P-GRP,Grand Rapids Machining,Plant,Grand Rapids,MI,Midwest,333,Machinery,360,175000,Freight & Logistics,Overhead,150420.01,151859.76,-1439.75,-0.95
2022-08-01,P-GRP,Grand Rapids Machining,Plant,Grand Rapids,MI,Midwest,333,Machinery,360,175000,IT & Systems,Overhead,71074.73,65082.75,5991.98,9.21
2022-08-01,P-GRP,Grand Rapids Machining,Plant,Grand Rapids,MI,Midwest,333,Machinery,360,175000,Other Overhead,Overhead,71817.85,65082.75,6735.1,10.35
2022-09-01,P-GRP,Grand Rapids Machining,Plant,Grand Rapids,MI,Midwest,333,Machinery,360,175000,Direct Labor,COGS,1619006.4,1619006.4,0.0,0.0
2022-09-01,P-GRP,Grand Rapids Machining,Plant,Grand Rapids,MI,Midwest,333,Machinery,360,175000,Indirect Labor,COGS,629613.6,629613.6,0.0,0.0
2022-09-01,P-GRP,Grand Rapids Machining,Plant,Grand Rapids,MI,Midwest,333,Machinery,360,175000,Raw Materials,COGS,1119126.4,1107612.56,11513.84,1.04
2022-09-01,P-GRP,Grand Rapids Machining,Plant,Grand Rapids,MI,Midwest,333,Machinery,360,175000,Consumables & Tooling,COGS,133977.6,145973.01,-11995.41,-8.22
2022-09-01,P-GRP,Grand Rapids Machining,Plant,Grand Rapids,MI,Midwest,333,Machinery,360,175000,Utilities,Overhead,203728.94,248154.12,-44425.18,-17.9
2022-09-01,P-GRP,Grand Rapids Machining,Plant,Grand Rapids,MI,Midwest,333,Machinery,360,175000,Maintenance & Repair,Overhead,233865.01,218959.51,14905.5,6.81
2022-09-01,P-GRP,Grand Rapids Machining,Plant,Grand Rapids,MI,Midwest,333,Machinery,360,175000,Depreciation,Overhead,218959.51,218959.51,0.0,0.0
2022-09-01,P-GRP,Grand Rapids Machining,Plant,Grand Rapids,MI,Midwest,333,Machinery,360,175000,Facilities,Overhead,102181.11,102181.11,0.0,0.0
2022-09-01,P-GRP,Grand Rapids Machining,Plant,Grand Rapids,MI,Midwest,333,Machinery,360,175000,Freight & Logistics,Overhead,159380.7,170301.84,-10921.14,-6.41
2022-09-01,P-GRP,Grand Rapids Machining,Plant,Grand Rapids,MI,Midwest,333,Machinery,360,175000,IT & Systems,Overhead,73143.93,72986.5,157.43,0.22
2022-09-01,P-GRP,Grand Rapids Machining,Plant,Grand Rapids,MI,Midwest,333,Machinery,360,175000,Other Overhead,Overhead,74427.02,72986.5,1440.52,1.97
2022-10-01,P-GRP,Grand Rapids Machining,Plant,Grand Rapids,MI,Midwest,333,Machinery,360,175000,Direct Labor,COGS,1619006.4,1619006.4,0.0,0.0
2022-10-01,P-GRP,Grand Rapids Machining,Plant,Grand Rapids,MI,Midwest,333,Machinery,360,175000,Indirect Labor,COGS,629613.6,629613.6,0.0,0.0
2022-10-01,P-GRP,Grand Rapids Machining,Plant,Grand Rapids,MI,Midwest,333,Machinery,360,175000,Raw Materials,COGS,1062028.06,1045872.3,16155.76,1.54
2022-10-01,P-GRP,Grand Rapids Machining,Plant,Grand Rapids,MI,Midwest,333,Machinery,360,175000,Consumables & Tooling,COGS,142288.17,138525.4,3762.77,2.72
2022-10-01,P-GRP,Grand Rapids Machining,Plant,Grand Rapids,MI,Midwest,333,Machinery,360,175000,Utilities,Overhead,239679.21,235493.18,4186.03,1.78
2022-10-01,P-GRP,Grand Rapids Machining,Plant,Grand Rapids,MI,Midwest,333,Machinery,360,175000,Maintenance & Repair,Overhead,215102.93,207788.1,7314.83,3.52
2022-10-01,P-GRP,Grand Rapids Machining,Plant,Grand Rapids,MI,Midwest,333,Machinery,360,175000,Depreciation,Overhead,207788.1,207788.1,0.0,0.0
2022-10-01,P-GRP,Grand Rapids Machining,Plant,Grand Rapids,MI,Midwest,333,Machinery,360,175000,Facilities,Overhead,96967.78,96967.78,0.0,0.0
2022-10-01,P-GRP,Grand Rapids Machining,Plant,Grand Rapids,MI,Midwest,333,Machinery,360,175000,Freight & Logistics,Overhead,157187.25,161612.97,-4425.72,-2.74
2022-10-01,P-GRP,Grand Rapids Machining,Plant,Grand Rapids,MI,Midwest,333,Machinery,360,175000,IT & Systems,Overhead,66868.68,69262.7,-2394.02,-3.46
2022-10-01,P-GRP,Grand Rapids Machining,Plant,Grand Rapids,MI,Midwest,333,Machinery,360,175000,Other Overhead,Overhead,57468.21,69262.7,-11794.49,-17.03
2022-11-01,P-GRP,Grand Rapids Machining,Plant,Grand Rapids,MI,Midwest,333,Machinery,360,175000,Direct Labor,COGS,1619006.4,1619006.4,0.0,0.0
2022-11-01,P-GRP,Grand Rapids Machining,Plant,Grand Rapids,MI,Midwest,333,Machinery,360,175000,Indirect Labor,COGS,629613.6,629613.6,0.0,0.0
2022-11-01,P-GRP,Grand Rapids Machining,Plant,Grand Rapids,MI,Midwest,333,Machinery,360,175000,Raw Materials,COGS,1114870.76,1092448.9,22421.86,2.05
2022-11-01,P-GRP,Grand Rapids Machining,Plant,Grand Rapids,MI,Midwest,333,Machinery,360,175000,Consumables & Tooling,COGS,148924.89,145417.92,3506.97,2.41
2022-11-01,P-GRP,Grand Rapids Machining,Plant,Grand Rapids,MI,Midwest,333,Machinery,360,175000,Utilities,Overhead,300657.24,247210.47,53446.77,21.62
2022-11-01,P-GRP,Grand Rapids Machining,Plant,Grand Rapids,MI,Midwest,333,Machinery,360,175000,Maintenance & Repair,Overhead,222833.45,218126.89,4706.56,2.16
2022-11-01,P-GRP,Grand Rapids Machining,Plant,Grand Rapids,MI,Midwest,333,Machinery,360,175000,Depreciation,Overhead,218126.89,218126.89,0.0,0.0
2022-11-01,P-GRP,Grand Rapids Machining,Plant,Grand Rapids,MI,Midwest,333,Machinery,360,175000,Facilities,Overhead,101792.55,101792.55,0.0,0.0
2022-11-01,P-GRP,Grand Rapids Machining,Plant,Grand Rapids,MI,Midwest,333,Machinery,360,175000,Freight & Logistics,Overhead,157203.91,169654.25,-12450.34,-7.34
2022-11-01,P-GRP,Grand Rapids Machining,Plant,Grand Rapids,MI,Midwest,333,Machinery,360,175000,IT & Systems,Overhead,72954.51,72708.96,245.55,0.34
2022-11-01,P-GRP,Grand Rapids Machining,Plant,Grand Rapids,MI,Midwest,333,Machinery,360,175000,Other Overhead,Overhead,79049.91,72708.96,6340.95,8.72
2022-12-01,P-GRP,Grand Rapids Machining,Plant,Grand Rapids,MI,Midwest,333,Machinery,360,175000,Direct Labor,COGS,1619006.4,1619006.4,0.0,0.0
2022-12-01,P-GRP,Grand Rapids Machining,Plant,Grand Rapids,MI,Midwest,333,Machinery,360,175000,Indirect Labor,COGS,629613.6,629613.6,0.0,0.0
2022-12-01,P-GRP,Grand Rapids Machining,Plant,Grand Rapids,MI,Midwest,333,Machinery,360,175000,Raw Materials,COGS,1068508.47,1041809.98,26698.49,2.56
2022-12-01,P-GRP,Grand Rapids Machining,Plant,Grand Rapids,MI,Midwest,333,Machinery,360,175000,Consumables & Tooling,COGS,142142.4,139370.67,2771.73,1.99
2022-12-01,P-GRP,Grand Rapids Machining,Plant,Grand Rapids,MI,Midwest,333,Machinery,360,175000,Utilities,Overhead,323175.35,236930.14,86245.21,36.4
2022-12-01,P-GRP,Grand Rapids Machining,Plant,Grand Rapids,MI,Midwest,333,Machinery,360,175000,Maintenance & Repair,Overhead,207824.39,209056.0,-1231.61,-0.59
2022-12-01,P-GRP,Grand Rapids Machining,Plant,Grand Rapids,MI,Midwest,333,Machinery,360,175000,Depreciation,Overhead,209056.0,209056.0,0.0,0.0
2022-12-01,P-GRP,Grand Rapids Machining,Plant,Grand Rapids,MI,Midwest,333,Machinery,360,175000,Facilities,Overhead,97559.47,97559.47,0.0,0.0
2022-12-01,P-GRP,Grand Rapids Machining,Plant,Grand Rapids,MI,Midwest,333,Machinery,360,175000,Freight & Logistics,Overhead,155796.14,162599.11,-6802.97,-4.18
2022-12-01,P-GRP,Grand Rapids Machining,Plant,Grand Rapids,MI,Midwest,333,Machinery,360,175000,IT & Systems,Overhead,77212.77,69685.33,7527.44,10.8
2022-12-01,P-GRP,Grand Rapids Machining,Plant,Grand Rapids,MI,Midwest,333,Machinery,360,175000,Other Overhead,Overhead,67329.71,69685.33,-2355.62,-3.38
2023-01-01,P-GRP,Grand Rapids Machining,Plant,Grand Rapids,MI,Midwest,333,Machinery,360,175000,Direct Labor,COGS,1675671.62,1675671.62,0.0,0.0
2023-01-01,P-GRP,Grand Rapids Machining,Plant,Grand Rapids,MI,Midwest,333,Machinery,360,175000,Indirect Labor,COGS,651650.08,651650.08,0.0,0.0
2023-01-01,P-GRP,Grand Rapids Machining,Plant,Grand Rapids,MI,Midwest,333,Machinery,360,175000,Raw Materials,COGS,1041291.47,1010221.94,31069.53,3.08
2023-01-01,P-GRP,Grand Rapids Machining,Plant,Grand Rapids,MI,Midwest,333,Machinery,360,175000,Consumables & Tooling,COGS,126965.43,135820.63,-8855.2,-6.52
2023-01-01,P-GRP,Grand Rapids Machining,Plant,Grand Rapids,MI,Midwest,333,Machinery,360,175000,Utilities,Overhead,328369.78,230895.07,97474.71,42.22
2023-01-01,P-GRP,Grand Rapids Machining,Plant,Grand Rapids,MI,Midwest,333,Machinery,360,175000,Maintenance & Repair,Overhead,190576.28,203730.94,-13154.66,-6.46
2023-01-01,P-GRP,Grand Rapids Machining,Plant,Grand Rapids,MI,Midwest,333,Machinery,360,175000,Depreciation,Overhead,203730.94,203730.94,0.0,0.0
2023-01-01,P-GRP,Grand Rapids Machining,Plant,Grand Rapids,MI,Midwest,333,Machinery,360,175000,Facilities,Overhead,95074.44,95074.44,0.0,0.0
2023-01-01,P-GRP,Grand Rapids Machining,Plant,Grand Rapids,MI,Midwest,333,Machinery,360,175000,Freight & Logistics,Overhead,154067.84,158457.4,-4389.56,-2.77
2023-01-01,P-GRP,Grand Rapids Machining,Plant,Grand Rapids,MI,Midwest,333,Machinery,360,175000,IT & Systems,Overhead,67806.81,67910.31,-103.5,-0.15
2023-01-01,P-GRP,Grand Rapids Machining,Plant,Grand Rapids,MI,Midwest,333,Machinery,360,175000,Other Overhead,Overhead,72389.25,67910.31,4478.94,6.6
2023-02-01,P-GRP,Grand Rapids Machining,Plant,Grand Rapids,MI,Midwest,333,Machinery,360,175000,Direct Labor,COGS,1675671.62,1675671.62,0.0,0.0
2023-02-01,P-GRP,Grand Rapids Machining,Plant,Grand Rapids,MI,Midwest,333,Machinery,360,175000,Indirect Labor,COGS,651650.08,651650.08,0.0,0.0
2023-02-01,P-GRP,Grand Rapids Machining,Plant,Grand Rapids,MI,Midwest,333,Machinery,360,175000,Raw Materials,COGS,979892.39,945925.22,33967.17,3.59
2023-02-01,P-GRP,Grand Rapids Machining,Plant,Grand Rapids,MI,Midwest,333,Machinery,360,175000,Consumables & Tooling,COGS,132250.11,127812.05,4438.06,3.47
2023-02-01,P-GRP,Grand Rapids Machining,Plant,Grand Rapids,MI,Midwest,333,Machinery,360,175000,Utilities,Overhead,298847.92,217280.49,81567.43,37.54
2023-02-01,P-GRP,Grand Rapids Machining,Plant,Grand Rapids,MI,Midwest,333,Machinery,360,175000,Maintenance & Repair,Overhead,193252.1,191718.08,1534.02,0.8
2023-02-01,P-GRP,Grand Rapids Machining,Plant,Grand Rapids,MI,Midwest,333,Machinery,360,175000,Depreciation,Overhead,191718.08,191718.08,0.0,0.0
2023-02-01,P-GRP,Grand Rapids Machining,Plant,Grand Rapids,MI,Midwest,333,Machinery,360,175000,Facilities,Overhead,89468.44,89468.44,0.0,0.0
2023-02-01,P-GRP,Grand Rapids Machining,Plant,Grand Rapids,MI,Midwest,333,Machinery,360,175000,Freight & Logistics,Overhead,155232.95,149114.06,6118.89,4.1
2023-02-01,P-GRP,Grand Rapids Machining,Plant,Grand Rapids,MI,Midwest,333,Machinery,360,175000,IT & Systems,Overhead,64452.0,63906.03,545.97,0.85
2023-02-01,P-GRP,Grand Rapids Machining,Plant,Grand Rapids,MI,Midwest,333,Machinery,360,175000,Other Overhead,Overhead,60565.77,63906.03,-3340.26,-5.23
2023-03-01,P-GRP,Grand Rapids Machining,Plant,Grand Rapids,MI,Midwest,333,Machinery,360,175000,Direct Labor,COGS,1675671.62,1675671.62,0.0,0.0
2023-03-01,P-GRP,Grand Rapids Machining,Plant,Grand Rapids,MI,Midwest,333,Machinery,360,175000,Indirect Labor,COGS,651650.08,651650.08,0.0,0.0
2023-03-01,P-GRP,Grand Rapids Machining,Plant,Grand Rapids,MI,Midwest,333,Machinery,360,175000,Raw Materials,COGS,994271.17,955030.42,39240.75,4.11
2023-03-01,P-GRP,Grand Rapids Machining,Plant,Grand Rapids,MI,Midwest,333,Machinery,360,175000,Consumables & Tooling,COGS,123086.99,129687.54,-6600.55,-5.09
2023-03-01,P-GRP,Grand Rapids Machining,Plant,Grand Rapids,MI,Midwest,333,Machinery,360,175000,Utilities,Overhead,272630.97,220468.82,52162.15,23.66
2023-03-01,P-GRP,Grand Rapids Machining,Plant,Grand Rapids,MI,Midwest,333,Machinery,360,175000,Maintenance & Repair,Overhead,196703.63,194531.32,2172.31,1.12
2023-03-01,P-GRP,Grand Rapids Machining,Plant,Grand Rapids,MI,Midwest,333,Machinery,360,175000,Depreciation,Overhead,194531.32,194531.32,0.0,0.0
2023-03-01,P-GRP,Grand Rapids Machining,Plant,Grand Rapids,MI,Midwest,333,Machinery,360,175000,Facilities,Overhead,90781.28,90781.28,0.0,0.0
2023-03-01,P-GRP,Grand Rapids Machining,Plant,Grand Rapids,MI,Midwest,333,Machinery,360,175000,Freight & Logistics,Overhead,156283.39,151302.13,4981.26,3.29
2023-03-01,P-GRP,Grand Rapids Machining,Plant,Grand Rapids,MI,Midwest,333,Machinery,360,175000,IT & Systems,Overhead,64187.05,64843.77,-656.72,-1.01
2023-03-01,P-GRP,Grand Rapids Machining,Plant,Grand Rapids,MI,Midwest,333,Machinery,360,175000,Other Overhead,Overhead,63004.23,64843.77,-1839.54,-2.84
2023-04-01,P-GRP,Grand Rapids Machining,Plant,Grand Rapids,MI,Midwest,333,Machinery,360,175000,Direct Labor,COGS,1675671.62,1675671.62,0.0,0.0
2023-04-01,P-GRP,Grand Rapids Machining,Plant,Grand Rapids,MI,Midwest,333,Machinery,360,175000,Indirect Labor,COGS,651650.08,651650.08,0.0,0.0
2023-04-01,P-GRP,Grand Rapids Machining,Plant,Grand Rapids,MI,Midwest,333,Machinery,360,175000,Raw Materials,COGS,997776.87,953629.62,44147.25,4.63
2023-04-01,P-GRP,Grand Rapids Machining,Plant,Grand Rapids,MI,Midwest,333,Machinery,360,175000,Consumables & Tooling,COGS,138747.13,130144.81,8602.32,6.61
2023-04-01,P-GRP,Grand Rapids Machining,Plant,Grand Rapids,MI,Midwest,333,Machinery,360,175000,Utilities,Overhead,230867.4,221246.18,9621.22,4.35
2023-04-01,P-GRP,Grand Rapids Machining,Plant,Grand Rapids,MI,Midwest,333,Machinery,360,175000,Maintenance & Repair,Overhead,177504.77,195217.21,-17712.44,-9.07
2023-04-01,P-GRP,Grand Rapids Machining,Plant,Grand Rapids,MI,Midwest,333,Machinery,360,175000,Depreciation,Overhead,195217.21,195217.21,0.0,0.0
2023-04-01,P-GRP,Grand Rapids Machining,Plant,Grand Rapids,MI,Midwest,333,Machinery,360,175000,Facilities,Overhead,91101.37,91101.37,0.0,0.0
2023-04-01,P-GRP,Grand Rapids Machining,Plant,Grand Rapids,MI,Midwest,333,Machinery,360,175000,Freight & Logistics,Overhead,156255.89,151835.61,4420.28,2.91
2023-04-01,P-GRP,Grand Rapids Machining,Plant,Grand Rapids,MI,Midwest,333,Machinery,360,175000,IT & Systems,Overhead,66788.32,65072.4,1715.92,2.64
2023-04-01,P-GRP,Grand Rapids Machining,Plant,Grand Rapids,MI,Midwest,333,Machinery,360,175000,Other Overhead,Overhead,66530.66,65072.4,1458.26,2.24
2023-05-01,P-GRP,Grand Rapids Machining,Plant,Grand Rapids,MI,Midwest,333,Machinery,360,175000,Direct Labor,COGS,1675671.62,1675671.62,0.0,0.0
2023-05-01,P-GRP,Grand Rapids Machining,Plant,Grand Rapids,MI,Midwest,333,Machinery,360,175000,Indirect Labor,COGS,651650.08,651650.08,0.0,0.0
2023-05-01,P-GRP,Grand Rapids Machining,Plant,Grand Rapids,MI,Midwest,333,Machinery,360,175000,Raw Materials,COGS,938543.97,892554.74,45989.23,5.15
2023-05-01,P-GRP,Grand Rapids Machining,Plant,Grand Rapids,MI,Midwest,333,Machinery,360,175000,Consumables & Tooling,COGS,123516.53,122418.78,1097.75,0.9
2023-05-01,P-GRP,Grand Rapids Machining,Plant,Grand Rapids,MI,Midwest,333,Machinery,360,175000,Utilities,Overhead,176634.13,208111.92,-31477.79,-15.13
2023-05-01,P-GRP,Grand Rapids Machining,Plant,Grand Rapids,MI,Midwest,333,Machinery,360,175000,Maintenance & Repair,Overhead,176039.42,183628.17,-7588.75,-4.13
2023-05-01,P-GRP,Grand Rapids Machining,Plant,Grand Rapids,MI,Midwest,333,Machinery,360,175000,Depreciation,Overhead,183628.17,183628.17,0.0,0.0
2023-05-01,P-GRP,Grand Rapids Machining,Plant,Grand Rapids,MI,Midwest,333,Machinery,360,175000,Facilities,Overhead,85693.15,85693.15,0.0,0.0
2023-05-01,P-GRP,Grand Rapids Machining,Plant,Grand Rapids,MI,Midwest,333,Machinery,360,175000,Freight & Logistics,Overhead,144390.35,142821.91,1568.44,1.1
2023-05-01,P-GRP,Grand Rapids Machining,Plant,Grand Rapids,MI,Midwest,333,Machinery,360,175000,IT & Systems,Overhead,54733.42,61209.39,-6475.97,-10.58
2023-05-01,P-GRP,Grand Rapids Machining,Plant,Grand Rapids,MI,Midwest,333,Machinery,360,175000,Other Overhead,Overhead,66393.85,61209.39,5184.46,8.47
2023-06-01,P-GRP,Grand Rapids Machining,Plant,Grand Rapids,MI,Midwest,333,Machinery,360,175000,Direct Labor,COGS,1675671.62,1675671.62,0.0,0.0
2023-06-01,P-GRP,Grand Rapids Machining,Plant,Grand Rapids,MI,Midwest,333,Machinery,360,175000,Indirect Labor,COGS,651650.08,651650.08,0.0,0.0
2023-06-01,P-GRP,Grand Rapids Machining,Plant,Grand Rapids,MI,Midwest,333,Machinery,360,175000,Raw Materials,COGS,940646.09,890103.34,50542.75,5.68
2023-06-01,P-GRP,Grand Rapids Machining,Plant,Grand Rapids,MI,Midwest,333,Machinery,360,175000,Consumables & Tooling,COGS,121201.13,122692.97,-1491.84,-1.22
2023-06-01,P-GRP,Grand Rapids Machining,Plant,Grand Rapids,MI,Midwest,333,Machinery,360,175000,Utilities,Overhead,147241.94,208578.05,-61336.11,-29.41
2023-06-01,P-GRP,Grand Rapids Machining,Plant,Grand Rapids,MI,Midwest,333,Machinery,360,175000,Maintenance & Repair,Overhead,180030.79,184039.45,-4008.66,-2.18
2023-06-01,P-GRP,Grand Rapids Machining,Plant,Grand Rapids,MI,Midwest,333,Machinery,360,175000,Depreciation,Overhead,184039.45,184039.45,0.0,0.0
2023-06-01,P-GRP,Grand Rapids Machining,Plant,Grand Rapids,MI,Midwest,333,Machinery,360,175000,Facilities,Overhead,85885.08,85885.08,0.0,0.0
2023-06-01,P-GRP,Grand Rapids Machining,Plant,Grand Rapids,MI,Midwest,333,Machinery,360,175000,Freight & Logistics,Overhead,139271.28,143141.8,-3870.52,-2.7
2023-06-01,P-GRP,Grand Rapids Machining,Plant,Grand Rapids,MI,Midwest,333,Machinery,360,175000,IT & Systems,Overhead,64701.34,61346.48,3354.86,5.47
2023-06-01,P-GRP,Grand Rapids Machining,Plant,Grand Rapids,MI,Midwest,333,Machinery,360,175000,Other Overhead,Overhead,60912.17,61346.48,-434.31,-0.71
2023-07-01,P-GRP,Grand Rapids Machining,Plant,Grand Rapids,MI,Midwest,333,Machinery,360,175000,Direct Labor,COGS,1675671.62,1675671.62,0.0,0.0
2023-07-01,P-GRP,Grand Rapids Machining,Plant,Grand Rapids,MI,Midwest,333,Machinery,360,175000,Indirect Labor,COGS,651650.08,651650.08,0.0,0.0
2023-07-01,P-GRP,Grand Rapids Machining,Plant,Grand Rapids,MI,Midwest,333,Machinery,360,175000,Raw Materials,COGS,1006160.83,947361.04,58799.79,6.21
2023-07-01,P-GRP,Grand Rapids Machining,Plant,Grand Rapids,MI,Midwest,333,Machinery,360,175000,Consumables & Tooling,COGS,119887.57,131238.37,-11350.8,-8.65
2023-07-01,P-GRP,Grand Rapids Machining,Plant,Grand Rapids,MI,Midwest,333,Machinery,360,175000,Utilities,Overhead,146152.31,223105.23,-76952.92,-34.49
2023-07-01,P-GRP,Grand Rapids Machining,Plant,Grand Rapids,MI,Midwest,333,Machinery,360,175000,Maintenance & Repair,Overhead,206851.05,196857.55,9993.5,5.08
2023-07-01,P-GRP,Grand Rapids Machining,Plant,Grand Rapids,MI,Midwest,333,Machinery,360,175000,Depreciation,Overhead,196857.55,196857.55,0.0,0.0
2023-07-01,P-GRP,Grand Rapids Machining,Plant,Grand Rapids,MI,Midwest,333,Machinery,360,175000,Facilities,Overhead,91866.86,91866.86,0.0,0.0
2023-07-01,P-GRP,Grand Rapids Machining,Plant,Grand Rapids,MI,Midwest,333,Machinery,360,175000,Freight & Logistics,Overhead,142373.94,153111.43,-10737.49,-7.01
2023-07-01,P-GRP,Grand Rapids Machining,Plant,Grand Rapids,MI,Midwest,333,Machinery,360,175000,IT & Systems,Overhead,66837.85,65619.18,1218.67,1.86
2023-07-01,P-GRP,Grand Rapids Machining,Plant,Grand Rapids,MI,Midwest,333,Machinery,360,175000,Other Overhead,Overhead,64513.56,65619.18,-1105.62,-1.68
2023-08-01,P-GRP,Grand Rapids Machining,Plant,Grand Rapids,MI,Midwest,333,Machinery,360,175000,Direct Labor,COGS,1675671.62,1675671.62,0.0,0.0
2023-08-01,P-GRP,Grand Rapids Machining,Plant,Grand Rapids,MI,Midwest,333,Machinery,360,175000,Indirect Labor,COGS,651650.08,651650.08,0.0,0.0
2023-08-01,P-GRP,Grand Rapids Machining,Plant,Grand Rapids,MI,Midwest,333,Machinery,360,175000,Raw Materials,COGS,1079259.8,1011132.46,68127.34,6.74
2023-08-01,P-GRP,Grand Rapids Machining,Plant,Grand Rapids,MI,Midwest,333,Machinery,360,175000,Consumables & Tooling,COGS,136861.37,140773.02,-3911.65,-2.78
2023-08-01,P-GRP,Grand Rapids Machining,Plant,Grand Rapids,MI,Midwest,333,Machinery,360,175000,Utilities,Overhead,170350.29,239314.13,-68963.84,-28.82
2023-08-01,P-GRP,Grand Rapids Machining,Plant,Grand Rapids,MI,Midwest,333,Machinery,360,175000,Maintenance & Repair,Overhead,185383.8,211159.53,-25775.73,-12.21
2023-08-01,P-GRP,Grand Rapids Machining,Plant,Grand Rapids,MI,Midwest,333,Machinery,360,175000,Depreciation,Overhead,211159.53,211159.53,0.0,0.0
2023-08-01,P-GRP,Grand Rapids Machining,Plant,Grand Rapids,MI,Midwest,333,Machinery,360,175000,Facilities,Overhead,98541.11,98541.11,0.0,0.0
2023-08-01,P-GRP,Grand Rapids Machining,Plant,Grand Rapids,MI,Midwest,333,Machinery,360,175000,Freight & Logistics,Overhead,163235.48,164235.19,-999.71,-0.61
2023-08-01,P-GRP,Grand Rapids Machining,Plant,Grand Rapids,MI,Midwest,333,Machinery,360,175000,IT & Systems,Overhead,73115.43,70386.51,2728.92,3.88
2023-08-01,P-GRP,Grand Rapids Machining,Plant,Grand Rapids,MI,Midwest,333,Machinery,360,175000,Other Overhead,Overhead,67481.04,70386.51,-2905.47,-4.13
2023-09-01,P-GRP,Grand Rapids Machining,Plant,Grand Rapids,MI,Midwest,333,Machinery,360,175000,Direct Labor,COGS,1675671.62,1675671.62,0.0,0.0
2023-09-01,P-GRP,Grand Rapids Machining,Plant,Grand Rapids,MI,Midwest,333,Machinery,360,175000,Indirect Labor,COGS,651650.08,651650.08,0.0,0.0
2023-09-01,P-GRP,Grand Rapids Machining,Plant,Grand Rapids,MI,Midwest,333,Machinery,360,175000,Raw Materials,COGS,1109788.05,1034560.84,75227.21,7.27
2023-09-01,P-GRP,Grand Rapids Machining,Plant,Grand Rapids,MI,Midwest,333,Machinery,360,175000,Consumables & Tooling,COGS,143405.94,144754.96,-1349.02,-0.93
2023-09-01,P-GRP,Grand Rapids Machining,Plant,Grand Rapids,MI,Midwest,333,Machinery,360,175000,Utilities,Overhead,212365.15,246083.44,-33718.29,-13.7
2023-09-01,P-GRP,Grand Rapids Machining,Plant,Grand Rapids,MI,Midwest,333,Machinery,360,175000,Maintenance & Repair,Overhead,216143.91,217132.45,-988.54,-0.46
2023-09-01,P-GRP,Grand Rapids Machining,Plant,Grand Rapids,MI,Midwest,333,Machinery,360,175000,Depreciation,Overhead,217132.45,217132.45,0.0,0.0
2023-09-01,P-GRP,Grand Rapids Machining,Plant,Grand Rapids,MI,Midwest,333,Machinery,360,175000,Facilities,Overhead,101328.47,101328.47,0.0,0.0
2023-09-01,P-GRP,Grand Rapids Machining,Plant,Grand Rapids,MI,Midwest,333,Machinery,360,175000,Freight & Logistics,Overhead,175298.79,168880.79,6418.0,3.8
2023-09-01,P-GRP,Grand Rapids Machining,Plant,Grand Rapids,MI,Midwest,333,Machinery,360,175000,IT & Systems,Overhead,71693.62,72377.48,-683.86,-0.94
2023-09-01,P-GRP,Grand Rapids Machining,Plant,Grand Rapids,MI,Midwest,333,Machinery,360,175000,Other Overhead,Overhead,76919.72,72377.48,4542.24,6.28
2023-10-01,P-GRP,Grand Rapids Machining,Plant,Grand Rapids,MI,Midwest,333,Machinery,360,175000,Direct Labor,COGS,1675671.62,1675671.62,0.0,0.0
2023-10-01,P-GRP,Grand Rapids Machining,Plant,Grand Rapids,MI,Midwest,333,Machinery,360,175000,Indirect Labor,COGS,651650.08,651650.08,0.0,0.0
2023-10-01,P-GRP,Grand Rapids Machining,Plant,Grand Rapids,MI,Midwest,333,Machinery,360,175000,Raw Materials,COGS,1118885.9,1037852.72,81033.18,7.81
2023-10-01,P-GRP,Grand Rapids Machining,Plant,Grand Rapids,MI,Midwest,333,Machinery,360,175000,Consumables & Tooling,COGS,140764.04,145941.64,-5177.6,-3.55
2023-10-01,P-GRP,Grand Rapids Machining,Plant,Grand Rapids,MI,Midwest,333,Machinery,360,175000,Utilities,Overhead,265429.87,248100.79,17329.08,6.98
2023-10-01,P-GRP,Grand Rapids Machining,Plant,Grand Rapids,MI,Midwest,333,Machinery,360,175000,Maintenance & Repair,Overhead,214991.45,218912.46,-3921.01,-1.79
2023-10-01,P-GRP,Grand Rapids Machining,Plant,Grand Rapids,MI,Midwest,333,Machinery,360,175000,Depreciation,Overhead,218912.46,218912.46,0.0,0.0
2023-10-01,P-GRP,Grand Rapids Machining,Plant,Grand Rapids,MI,Midwest,333,Machinery,360,175000,Facilities,Overhead,102159.15,102159.15,0.0,0.0
2023-10-01,P-GRP,Grand Rapids Machining,Plant,Grand Rapids,MI,Midwest,333,Machinery,360,175000,Freight & Logistics,Overhead,167599.27,170265.25,-2665.98,-1.57
2023-10-01,P-GRP,Grand Rapids Machining,Plant,Grand Rapids,MI,Midwest,333,Machinery,360,175000,IT & Systems,Overhead,76777.91,72970.82,3807.09,5.22
2023-10-01,P-GRP,Grand Rapids Machining,Plant,Grand Rapids,MI,Midwest,333,Machinery,360,175000,Other Overhead,Overhead,71638.5,72970.82,-1332.32,-1.83
2023-11-01,P-GRP,Grand Rapids Machining,Plant,Grand Rapids,MI,Midwest,333,Machinery,360,175000,Direct Labor,COGS,1675671.62,1675671.62,0.0,0.0
2023-11-01,P-GRP,Grand Rapids Machining,Plant,Grand Rapids,MI,Midwest,333,Machinery,360,175000,Indirect Labor,COGS,651650.08,651650.08,0.0,0.0
2023-11-01,P-GRP,Grand Rapids Machining,Plant,Grand Rapids,MI,Midwest,333,Machinery,360,175000,Raw Materials,COGS,1167545.69,1077600.42,89945.27,8.35
2023-11-01,P-GRP,Grand Rapids Machining,Plant,Grand Rapids,MI,Midwest,333,Machinery,360,175000,Consumables & Tooling,COGS,147729.78,152288.57,-4558.79,-2.99
2023-11-01,P-GRP,Grand Rapids Machining,Plant,Grand Rapids,MI,Midwest,333,Machinery,360,175000,Utilities,Overhead,330971.53,258890.57,72080.96,27.84
2023-11-01,P-GRP,Grand Rapids Machining,Plant,Grand Rapids,MI,Midwest,333,Machinery,360,175000,Maintenance & Repair,Overhead,216154.19,228432.85,-12278.66,-5.38
2023-11-01,P-GRP,Grand Rapids Machining,Plant,Grand Rapids,MI,Midwest,333,Machinery,360,175000,Depreciation,Overhead,228432.85,228432.85,0.0,0.0
2023-11-01,P-GRP,Grand Rapids Machining,Plant,Grand Rapids,MI,Midwest,333,Machinery,360,175000,Facilities,Overhead,106602.0,106602.0,0.0,0.0
2023-11-01,P-GRP,Grand Rapids Machining,Plant,Grand Rapids,MI,Midwest,333,Machinery,360,175000,Freight & Logistics,Overhead,191258.72,177670.0,13588.72,7.65
2023-11-01,P-GRP,Grand Rapids Machining,Plant,Grand Rapids,MI,Midwest,333,Machinery,360,175000,IT & Systems,Overhead,73750.06,76144.28,-2394.22,-3.14
2023-11-01,P-GRP,Grand Rapids Machining,Plant,Grand Rapids,MI,Midwest,333,Machinery,360,175000,Other Overhead,Overhead,74117.9,76144.28,-2026.38,-2.66
2023-12-01,P-GRP,Grand Rapids Machining,Plant,Grand Rapids,MI,Midwest,333,Machinery,360,175000,Direct Labor,COGS,1675671.62,1675671.62,0.0,0.0
2023-12-01,P-GRP,Grand Rapids Machining,Plant,Grand Rapids,MI,Midwest,333,Machinery,360,175000,Indirect Labor,COGS,651650.08,651650.08,0.0,0.0
2023-12-01,P-GRP,Grand Rapids Machining,Plant,Grand Rapids,MI,Midwest,333,Machinery,360,175000,Raw Materials,COGS,1089453.2,1000521.4,88931.8,8.89
2023-12-01,P-GRP,Grand Rapids Machining,Plant,Grand Rapids,MI,Midwest,333,Machinery,360,175000,Consumables & Tooling,COGS,135452.41,142102.59,-6650.18,-4.68
2023-12-01,P-GRP,Grand Rapids Machining,Plant,Grand Rapids,MI,Midwest,333,Machinery,360,175000,Utilities,Overhead,346368.54,241574.4,104794.14,43.38
2023-12-01,P-GRP,Grand Rapids Machining,Plant,Grand Rapids,MI,Midwest,333,Machinery,360,175000,Maintenance & Repair,Overhead,204057.11,213153.89,-9096.78,-4.27
2023-12-01,P-GRP,Grand Rapids Machining,Plant,Grand Rapids,MI,Midwest,333,Machinery,360,175000,Depreciation,Overhead,213153.89,213153.89,0.0,0.0
2023-12-01,P-GRP,Grand Rapids Machining,Plant,Grand Rapids,MI,Midwest,333,Machinery,360,175000,Facilities,Overhead,99471.81,99471.81,0.0,0.0
2023-12-01,P-GRP,Grand Rapids Machining,Plant,Grand Rapids,MI,Midwest,333,Machinery,360,175000,Freight & Logistics,Overhead,165123.11,165786.36,-663.25,-0.4
2023-12-01,P-GRP,Grand Rapids Machining,Plant,Grand Rapids,MI,Midwest,333,Machinery,360,175000,IT & Systems,Overhead,72189.94,71051.3,1138.64,1.6
2023-12-01,P-GRP,Grand Rapids Machining,Plant,Grand Rapids,MI,Midwest,333,Machinery,360,175000,Other Overhead,Overhead,68563.04,71051.3,-2488.26,-3.5
2024-01-01,P-GRP,Grand Rapids Machining,Plant,Grand Rapids,MI,Midwest,333,Machinery,360,175000,Direct Labor,COGS,1734320.13,1734320.13,0.0,0.0
2024-01-01,P-GRP,Grand Rapids Machining,Plant,Grand Rapids,MI,Midwest,333,Machinery,360,175000,Indirect Labor,COGS,674457.83,674457.83,0.0,0.0
2024-01-01,P-GRP,Grand Rapids Machining,Plant,Grand Rapids,MI,Midwest,333,Machinery,360,175000,Raw Materials,COGS,1118201.11,1021813.56,96387.55,9.43
2024-01-01,P-GRP,Grand Rapids Machining,Plant,Grand Rapids,MI,Midwest,333,Machinery,360,175000,Consumables & Tooling,COGS,149747.54,145852.32,3895.22,2.67
2024-01-01,P-GRP,Grand Rapids Machining,Plant,Grand Rapids,MI,Midwest,333,Machinery,360,175000,Utilities,Overhead,370663.99,247948.94,122715.05,49.49
2024-01-01,P-GRP,Grand Rapids Machining,Plant,Grand Rapids,MI,Midwest,333,Machinery,360,175000,Maintenance & Repair,Overhead,224471.68,218778.48,5693.2,2.6
2024-01-01,P-GRP,Grand Rapids Machining,Plant,Grand Rapids,MI,Midwest,333,Machinery,360,175000,Depreciation,Overhead,218778.48,218778.48,0.0,0.0
2024-01-01,P-GRP,Grand Rapids Machining,Plant,Grand Rapids,MI,Midwest,333,Machinery,360,175000,Facilities,Overhead,102096.62,102096.62,0.0,0.0
2024-01-01,P-GRP,Grand Rapids Machining,Plant,Grand Rapids,MI,Midwest,333,Machinery,360,175000,Freight & Logistics,Overhead,165358.85,170161.04,-4802.19,-2.82
2024-01-01,P-GRP,Grand Rapids Machining,Plant,Grand Rapids,MI,Midwest,333,Machinery,360,175000,IT & Systems,Overhead,78335.66,72926.16,5409.5,7.42
2024-01-01,P-GRP,Grand Rapids Machining,Plant,Grand Rapids,MI,Midwest,333,Machinery,360,175000,Other Overhead,Overhead,66391.72,72926.16,-6534.44,-8.96
2024-02-01,P-GRP,Grand Rapids Machining,Plant,Grand Rapids,MI,Midwest,333,Machinery,360,175000,Direct Labor,COGS,1734320.13,1734320.13,0.0,0.0
2024-02-01,P-GRP,Grand Rapids Machining,Plant,Grand Rapids,MI,Midwest,333,Machinery,360,175000,Indirect Labor,COGS,674457.83,674457.83,0.0,0.0
2024-02-01,P-GRP,Grand Rapids Machining,Plant,Grand Rapids,MI,Midwest,333,Machinery,360,175000,Raw Materials,COGS,1038519.8,944279.28,94240.52,9.98
2024-02-01,P-GRP,Grand Rapids Machining,Plant,Grand Rapids,MI,Midwest,333,Machinery,360,175000,Consumables & Tooling,COGS,129122.2,135459.1,-6336.9,-4.68
2024-02-01,P-GRP,Grand Rapids Machining,Plant,Grand Rapids,MI,Midwest,333,Machinery,360,175000,Utilities,Overhead,332932.54,230280.48,102652.06,44.58
2024-02-01,P-GRP,Grand Rapids Machining,Plant,Grand Rapids,MI,Midwest,333,Machinery,360,175000,Maintenance & Repair,Overhead,190549.72,203188.66,-12638.94,-6.22
2024-02-01,P-GRP,Grand Rapids Machining,Plant,Grand Rapids,MI,Midwest,333,Machinery,360,175000,Depreciation,Overhead,203188.66,203188.66,0.0,0.0
2024-02-01,P-GRP,Grand Rapids Machining,Plant,Grand Rapids,MI,Midwest,333,Machinery,360,175000,Facilities,Overhead,94821.37,94821.37,0.0,0.0
2024-02-01,P-GRP,Grand Rapids Machining,Plant,Grand Rapids,MI,Midwest,333,Machinery,360,175000,Freight & Logistics,Overhead,140420.07,158035.62,-17615.55,-11.15
2024-02-01,P-GRP,Grand Rapids Machining,Plant,Grand Rapids,MI,Midwest,333,Machinery,360,175000,IT & Systems,Overhead,65913.13,67729.55,-1816.42,-2.68
2024-02-01,P-GRP,Grand Rapids Machining,Plant,Grand Rapids,MI,Midwest,333,Machinery,360,175000,Other Overhead,Overhead,70602.27,67729.55,2872.72,4.24
2024-03-01,P-GRP,Grand Rapids Machining,Plant,Grand Rapids,MI,Midwest,333,Machinery,360,175000,Direct Labor,COGS,1734320.13,1734320.13,0.0,0.0
2024-03-01,P-GRP,Grand Rapids Machining,Plant,Grand Rapids,MI,Midwest,333,Machinery,360,175000,Indirect Labor,COGS,674457.83,674457.83,0.0,0.0
2024-03-01,P-GRP,Grand Rapids Machining,Plant,Grand Rapids,MI,Midwest,333,Machinery,360,175000,Raw Materials,COGS,1015765.49,918994.84,96770.65,10.53
2024-03-01,P-GRP,Grand Rapids Machining,Plant,Grand Rapids,MI,Midwest,333,Machinery,360,175000,Consumables & Tooling,COGS,130664.88,132491.15,-1826.27,-1.38
2024-03-01,P-GRP,Grand Rapids Machining,Plant,Grand Rapids,MI,Midwest,333,Machinery,360,175000,Utilities,Overhead,292774.61,225234.96,67539.65,29.99
2024-03-01,P-GRP,Grand Rapids Machining,Plant,Grand Rapids,MI,Midwest,333,Machinery,360,175000,Maintenance & Repair,Overhead,209520.06,198736.73,10783.33,5.43
2024-03-01,P-GRP,Grand Rapids Machining,Plant,Grand Rapids,MI,Midwest,333,Machinery,360,175000,Depreciation,Overhead,198736.73,198736.73,0.0,0.0
2024-03-01,P-GRP,Grand Rapids Machining,Plant,Grand Rapids,MI,Midwest,333,Machinery,360,175000,Facilities,Overhead,92743.81,92743.81,0.0,0.0
2024-03-01,P-GRP,Grand Rapids Machining,Plant,Grand Rapids,MI,Midwest,333,Machinery,360,175000,Freight & Logistics,Overhead,149536.01,154573.01,-5037.0,-3.26
2024-03-01,P-GRP,Grand Rapids Machining,Plant,Grand Rapids,MI,Midwest,333,Machinery,360,175000,IT & Systems,Overhead,67307.26,66245.58,1061.68,1.6
2024-03-01,P-GRP,Grand Rapids Machining,Plant,Grand Rapids,MI,Midwest,333,Machinery,360,175000,Other Overhead,Overhead,63917.75,66245.58,-2327.83,-3.51
2024-04-01,P-GRP,Grand Rapids Machining,Plant,Grand Rapids,MI,Midwest,333,Machinery,360,175000,Direct Labor,COGS,1734320.13,1734320.13,0.0,0.0
2024-04-01,P-GRP,Grand Rapids Machining,Plant,Grand Rapids,MI,Midwest,333,Machinery,360,175000,Indirect Labor,COGS,674457.83,674457.83,0.0,0.0
2024-04-01,P-GRP,Grand Rapids Machining,Plant,Grand Rapids,MI,Midwest,333,Machinery,360,175000,Raw Materials,COGS,1041267.43,937380.34,103887.09,11.08
2024-04-01,P-GRP,Grand Rapids Machining,Plant,Grand Rapids,MI,Midwest,333,Machinery,360,175000,Consumables & Tooling,COGS,135990.62,135817.49,173.13,0.13
2024-04-01,P-GRP,Grand Rapids Machining,Plant,Grand Rapids,MI,Midwest,333,Machinery,360,175000,Utilities,Overhead,253256.78,230889.73,22367.05,9.69
2024-04-01,P-GRP,Grand Rapids Machining,Plant,Grand Rapids,MI,Midwest,333,Machinery,360,175000,Maintenance & Repair,Overhead,208805.77,203726.24,5079.53,2.49
2024-04-01,P-GRP,Grand Rapids Machining,Plant,Grand Rapids,MI,Midwest,333,Machinery,360,175000,Depreciation,Overhead,203726.24,203726.24,0.0,0.0
2024-04-01,P-GRP,Grand Rapids Machining,Plant,Grand Rapids,MI,Midwest,333,Machinery,360,175000,Facilities,Overhead,95072.24,95072.24,0.0,0.0
2024-04-01,P-GRP,Grand Rapids Machining,Plant,Grand Rapids,MI,Midwest,333,Machinery,360,175000,Freight & Logistics,Overhead,163572.9,158453.74,5119.16,3.23
2024-04-01,P-GRP,Grand Rapids Machining,Plant,Grand Rapids,MI,Midwest,333,Machinery,360,175000,IT & Systems,Overhead,69882.28,67908.75,1973.53,2.91
2024-04-01,P-GRP,Grand Rapids Machining,Plant,Grand Rapids,MI,Midwest,333,Machinery,360,175000,Other Overhead,Overhead,72675.65,67908.75,4766.9,7.02
2024-05-01,P-GRP,Grand Rapids Machining,Plant,Grand Rapids,MI,Midwest,333,Machinery,360,175000,Direct Labor,COGS,1734320.13,1734320.13,0.0,0.0
2024-05-01,P-GRP,Grand Rapids Machining,Plant,Grand Rapids,MI,Midwest,333,Machinery,360,175000,Indirect Labor,COGS,674457.83,674457.83,0.0,0.0
2024-05-01,P-GRP,Grand Rapids Machining,Plant,Grand Rapids,MI,Midwest,333,Machinery,360,175000,Raw Materials,COGS,930046.86,833090.78,96956.08,11.64
2024-05-01,P-GRP,Grand Rapids Machining,Plant,Grand Rapids,MI,Midwest,333,Machinery,360,175000,Consumables & Tooling,COGS,124491.84,121310.46,3181.38,2.62
2024-05-01,P-GRP,Grand Rapids Machining,Plant,Grand Rapids,MI,Midwest,333,Machinery,360,175000,Utilities,Overhead,183990.1,206227.78,-22237.68,-10.78
2024-05-01,P-GRP,Grand Rapids Machining,Plant,Grand Rapids,MI,Midwest,333,Machinery,360,175000,Maintenance & Repair,Overhead,177931.1,181965.69,-4034.59,-2.22
2024-05-01,P-GRP,Grand Rapids Machining,Plant,Grand Rapids,MI,Midwest,333,Machinery,360,175000,Depreciation,Overhead,181965.69,181965.69,0.0,0.0
2024-05-01,P-GRP,Grand Rapids Machining,Plant,Grand Rapids,MI,Midwest,333,Machinery,360,175000,Facilities,Overhead,84917.32,84917.32,0.0,0.0
2024-05-01,P-GRP,Grand Rapids Machining,Plant,Grand Rapids,MI,Midwest,333,Machinery,360,175000,Freight & Logistics,Overhead,147172.48,141528.87,5643.61,3.99
2024-05-01,P-GRP,Grand Rapids Machining,Plant,Grand Rapids,MI,Midwest,333,Machinery,360,175000,IT & Systems,Overhead,59701.14,60655.23,-954.09,-1.57
2024-05-01,P-GRP,Grand Rapids Machining,Plant,Grand Rapids,MI,Midwest,333,Machinery,360,175000,Other Overhead,Overhead,67414.4,60655.23,6759.17,11.14
2024-06-01,P-GRP,Grand Rapids Machining,Plant,Grand Rapids,MI,Midwest,333,Machinery,360,175000,Direct Labor,COGS,1734320.13,1734320.13,0.0,0.0
2024-06-01,P-GRP,Grand Rapids Machining,Plant,Grand Rapids,MI,Midwest,333,Machinery,360,175000,Indirect Labor,COGS,674457.83,674457.83,0.0,0.0
2024-06-01,P-GRP,Grand Rapids Machining,Plant,Grand Rapids,MI,Midwest,333,Machinery,360,175000,Raw Materials,COGS,1053945.73,939376.48,114569.25,12.2
2024-06-01,P-GRP,Grand Rapids Machining,Plant,Grand Rapids,MI,Midwest,333,Machinery,360,175000,Consumables & Tooling,COGS,136464.74,137471.18,-1006.44,-0.73
2024-06-01,P-GRP,Grand Rapids Machining,Plant,Grand Rapids,MI,Midwest,333,Machinery,360,175000,Utilities,Overhead,173417.58,233701.01,-60283.43,-25.8
2024-06-01,P-GRP,Grand Rapids Machining,Plant,Grand Rapids,MI,Midwest,333,Machinery,360,175000,Maintenance & Repair,Overhead,191260.02,206206.77,-14946.75,-7.25
2024-06-01,P-GRP,Grand Rapids Machining,Plant,Grand Rapids,MI,Midwest,333,Machinery,360,175000,Depreciation,Overhead,206206.77,206206.77,0.0,0.0
2024-06-01,P-GRP,Grand Rapids Machining,Plant,Grand Rapids,MI,Midwest,333,Machinery,360,175000,Facilities,Overhead,96229.83,96229.83,0.0,0.0
2024-06-01,P-GRP,Grand Rapids Machining,Plant,Grand Rapids,MI,Midwest,333,Machinery,360,175000,Freight & Logistics,Overhead,166491.66,160383.05,6108.61,3.81
2024-06-01,P-GRP,Grand Rapids Machining,Plant,Grand Rapids,MI,Midwest,333,Machinery,360,175000,IT & Systems,Overhead,68477.07,68735.59,-258.52,-0.38
2024-06-01,P-GRP,Grand Rapids Machining,Plant,Grand Rapids,MI,Midwest,333,Machinery,360,175000,Other Overhead,Overhead,72050.05,68735.59,3314.46,4.82
2024-07-01,P-GRP,Grand Rapids Machining,Plant,Grand Rapids,MI,Midwest,333,Machinery,360,175000,Direct Labor,COGS,1734320.13,1734320.13,0.0,0.0
2024-07-01,P-GRP,Grand Rapids Machining,Plant,Grand Rapids,MI,Midwest,333,Machinery,360,175000,Indirect Labor,COGS,674457.83,674457.83,0.0,0.0
2024-07-01,P-GRP,Grand Rapids Machining,Plant,Grand Rapids,MI,Midwest,333,Machinery,360,175000,Raw Materials,COGS,1014633.95,899838.9,114795.05,12.76
2024-07-01,P-GRP,Grand Rapids Machining,Plant,Grand Rapids,MI,Midwest,333,Machinery,360,175000,Consumables & Tooling,COGS,128164.61,132343.56,-4178.95,-3.16
2024-07-01,P-GRP,Grand Rapids Machining,Plant,Grand Rapids,MI,Midwest,333,Machinery,360,175000,Utilities,Overhead,154923.49,224984.05,-70060.56,-31.14
2024-07-01,P-GRP,Grand Rapids Machining,Plant,Grand Rapids,MI,Midwest,333,Machinery,360,175000,Maintenance & Repair,Overhead,198805.97,198515.34,290.63,0.15
2024-07-01,P-GRP,Grand Rapids Machining,Plant,Grand Rapids,MI,Midwest,333,Machinery,360,175000,Depreciation,Overhead,198515.34,198515.34,0.0,0.0
2024-07-01,P-GRP,Grand Rapids Machining,Plant,Grand Rapids,MI,Midwest,333,Machinery,360,175000,Facilities,Overhead,92640.49,92640.49,0.0,0.0
2024-07-01,P-GRP,Grand Rapids Machining,Plant,Grand Rapids,MI,Midwest,333,Machinery,360,175000,Freight & Logistics,Overhead,167257.41,154400.82,12856.59,8.33
2024-07-01,P-GRP,Grand Rapids Machining,Plant,Grand Rapids,MI,Midwest,333,Machinery,360,175000,IT & Systems,Overhead,65281.3,66171.78,-890.48,-1.35
2024-07-01,P-GRP,Grand Rapids Machining,Plant,Grand Rapids,MI,Midwest,333,Machinery,360,175000,Other Overhead,Overhead,66468.31,66171.78,296.53,0.45
2024-08-01,P-GRP,Grand Rapids Machining,Plant,Grand Rapids,MI,Midwest,333,Machinery,360,175000,Direct Labor,COGS,1734320.13,1734320.13,0.0,0.0
2024-08-01,P-GRP,Grand Rapids Machining,Plant,Grand Rapids,MI,Midwest,333,Machinery,360,175000,Indirect Labor,COGS,674457.83,674457.83,0.0,0.0
2024-08-01,P-GRP,Grand Rapids Machining,Plant,Grand Rapids,MI,Midwest,333,Machinery,360,175000,Raw Materials,COGS,1086258.94,958567.44,127691.5,13.32
2024-08-01,P-GRP,Grand Rapids Machining,Plant,Grand Rapids,MI,Midwest,333,Machinery,360,175000,Consumables & Tooling,COGS,142406.61,141685.95,720.66,0.51
2024-08-01,P-GRP,Grand Rapids Machining,Plant,Grand Rapids,MI,Midwest,333,Machinery,360,175000,Utilities,Overhead,180227.0,240866.11,-60639.11,-25.18
2024-08-01,P-GRP,Grand Rapids Machining,Plant,Grand Rapids,MI,Midwest,333,Machinery,360,175000,Maintenance & Repair,Overhead,244076.26,212528.92,31547.34,14.84
2024-08-01,P-GRP,Grand Rapids Machining,Plant,Grand Rapids,MI,Midwest,333,Machinery,360,175000,Depreciation,Overhead,212528.92,212528.92,0.0,0.0
2024-08-01,P-GRP,Grand Rapids Machining,Plant,Grand Rapids,MI,Midwest,333,Machinery,360,175000,Facilities,Overhead,99180.16,99180.16,0.0,0.0
2024-08-01,P-GRP,Grand Rapids Machining,Plant,Grand Rapids,MI,Midwest,333,Machinery,360,175000,Freight & Logistics,Overhead,154624.05,165300.27,-10676.22,-6.46
2024-08-01,P-GRP,Grand Rapids Machining,Plant,Grand Rapids,MI,Midwest,333,Machinery,360,175000,IT & Systems,Overhead,66424.24,70842.97,-4418.73,-6.24
2024-08-01,P-GRP,Grand Rapids Machining,Plant,Grand Rapids,MI,Midwest,333,Machinery,360,175000,Other Overhead,Overhead,74428.95,70842.97,3585.98,5.06
2024-09-01,P-GRP,Grand Rapids Machining,Plant,Grand Rapids,MI,Midwest,333,Machinery,360,175000,Direct Labor,COGS,1734320.13,1734320.13,0.0,0.0
2024-09-01,P-GRP,Grand Rapids Machining,Plant,Grand Rapids,MI,Midwest,333,Machinery,360,175000,Indirect Labor,COGS,674457.83,674457.83,0.0,0.0
2024-09-01,P-GRP,Grand Rapids Machining,Plant,Grand Rapids,MI,Midwest,333,Machinery,360,175000,Raw Materials,COGS,1106327.46,971419.78,134907.68,13.89
2024-09-01,P-GRP,Grand Rapids Machining,Plant,Grand Rapids,MI,Midwest,333,Machinery,360,175000,Consumables & Tooling,COGS,145012.22,144303.58,708.64,0.49
2024-09-01,P-GRP,Grand Rapids Machining,Plant,Grand Rapids,MI,Midwest,333,Machinery,360,175000,Utilities,Overhead,222534.07,245316.09,-22782.02,-9.29
2024-09-01,P-GRP,Grand Rapids Machining,Plant,Grand Rapids,MI,Midwest,333,Machinery,360,175000,Maintenance & Repair,Overhead,198882.01,216455.37,-17573.36,-8.12
2024-09-01,P-GRP,Grand Rapids Machining,Plant,Grand Rapids,MI,Midwest,333,Machinery,360,175000,Depreciation,Overhead,216455.37,216455.37,0.0,0.0
2024-09-01,P-GRP,Grand Rapids Machining,Plant,Grand Rapids,MI,Midwest,333,Machinery,360,175000,Facilities,Overhead,101012.51,101012.51,0.0,0.0
2024-09-01,P-GRP,Grand Rapids Machining,Plant,Grand Rapids,MI,Midwest,333,Machinery,360,175000,Freight & Logistics,Overhead,171838.64,168354.18,3484.46,2.07
2024-09-01,P-GRP,Grand Rapids Machining,Plant,Grand Rapids,MI,Midwest,333,Machinery,360,175000,IT & Systems,Overhead,76372.63,72151.79,4220.84,5.85
2024-09-01,P-GRP,Grand Rapids Machining,Plant,Grand Rapids,MI,Midwest,333,Machinery,360,175000,Other Overhead,Overhead,72457.84,72151.79,306.05,0.42
2024-10-01,P-GRP,Grand Rapids Machining,Plant,Grand Rapids,MI,Midwest,333,Machinery,360,175000,Direct Labor,COGS,1734320.13,1734320.13,0.0,0.0
2024-10-01,P-GRP,Grand Rapids Machining,Plant,Grand Rapids,MI,Midwest,333,Machinery,360,175000,Indirect Labor,COGS,674457.83,674457.83,0.0,0.0
2024-10-01,P-GRP,Grand Rapids Machining,Plant,Grand Rapids,MI,Midwest,333,Machinery,360,175000,Raw Materials,COGS,1109133.47,969038.42,140095.05,14.46
2024-10-01,P-GRP,Grand Rapids Machining,Plant,Grand Rapids,MI,Midwest,333,Machinery,360,175000,Consumables & Tooling,COGS,145264.77,144669.58,595.19,0.41
2024-10-01,P-GRP,Grand Rapids Machining,Plant,Grand Rapids,MI,Midwest,333,Machinery,360,175000,Utilities,Overhead,276577.86,245938.29,30639.57,12.46
2024-10-01,P-GRP,Grand Rapids Machining,Plant,Grand Rapids,MI,Midwest,333,Machinery,360,175000,Maintenance & Repair,Overhead,221341.22,217004.37,4336.85,2.0
2024-10-01,P-GRP,Grand Rapids Machining,Plant,Grand Rapids,MI,Midwest,333,Machinery,360,175000,Depreciation,Overhead,217004.37,217004.37,0.0,0.0
2024-10-01,P-GRP,Grand Rapids Machining,Plant,Grand Rapids,MI,Midwest,333,Machinery,360,175000,Facilities,Overhead,101268.71,101268.71,0.0,0.0
2024-10-01,P-GRP,Grand Rapids Machining,Plant,Grand Rapids,MI,Midwest,333,Machinery,360,175000,Freight & Logistics,Overhead,168193.94,168781.18,-587.24,-0.35
2024-10-01,P-GRP,Grand Rapids Machining,Plant,Grand Rapids,MI,Midwest,333,Machinery,360,175000,IT & Systems,Overhead,74629.78,72334.79,2294.99,3.17
2024-10-01,P-GRP,Grand Rapids Machining,Plant,Grand Rapids,MI,Midwest,333,Machinery,360,175000,Other Overhead,Overhead,73067.93,72334.79,733.14,1.01
2024-11-01,P-GRP,Grand Rapids Machining,Plant,Grand Rapids,MI,Midwest,333,Machinery,360,175000,Direct Labor,COGS,1734320.13,1734320.13,0.0,0.0
2024-11-01,P-GRP,Grand Rapids Machining,Plant,Grand Rapids,MI,Midwest,333,Machinery,360,175000,Indirect Labor,COGS,674457.83,674457.83,0.0,0.0
2024-11-01,P-GRP,Grand Rapids Machining,Plant,Grand Rapids,MI,Midwest,333,Machinery,360,175000,Raw Materials,COGS,1222275.82,1062576.84,159698.98,15.03
2024-11-01,P-GRP,Grand Rapids Machining,Plant,Grand Rapids,MI,Midwest,333,Machinery,360,175000,Consumables & Tooling,COGS,183305.58,159427.28,23878.3,14.98
2024-11-01,P-GRP,Grand Rapids Machining,Plant,Grand Rapids,MI,Midwest,333,Machinery,360,175000,Utilities,Overhead,364213.11,271026.38,93186.73,34.38
2024-11-01,P-GRP,Grand Rapids Machining,Plant,Grand Rapids,MI,Midwest,333,Machinery,360,175000,Maintenance & Repair,Overhead,244629.65,239140.92,5488.73,2.3
2024-11-01,P-GRP,Grand Rapids Machining,Plant,Grand Rapids,MI,Midwest,333,Machinery,360,175000,Depreciation,Overhead,239140.92,239140.92,0.0,0.0
2024-11-01,P-GRP,Grand Rapids Machining,Plant,Grand Rapids,MI,Midwest,333,Machinery,360,175000,Facilities,Overhead,111599.1,111599.1,0.0,0.0
2024-11-01,P-GRP,Grand Rapids Machining,Plant,Grand Rapids,MI,Midwest,333,Machinery,360,175000,Freight & Logistics,Overhead,186664.16,185998.49,665.67,0.36
2024-11-01,P-GRP,Grand Rapids Machining,Plant,Grand Rapids,MI,Midwest,333,Machinery,360,175000,IT & Systems,Overhead,74192.33,79713.64,-5521.31,-6.93
2024-11-01,P-GRP,Grand Rapids Machining,Plant,Grand Rapids,MI,Midwest,333,Machinery,360,175000,Other Overhead,Overhead,84089.81,79713.64,4376.17,5.49
2024-12-01,P-GRP,Grand Rapids Machining,Plant,Grand Rapids,MI,Midwest,333,Machinery,360,175000,Direct Labor,COGS,1734320.13,1734320.13,0.0,0.0
2024-12-01,P-GRP,Grand Rapids Machining,Plant,Grand Rapids,MI,Midwest,333,Machinery,360,175000,Indirect Labor,COGS,674457.83,674457.83,0.0,0.0
2024-12-01,P-GRP,Grand Rapids Machining,Plant,Grand Rapids,MI,Midwest,333,Machinery,360,175000,Raw Materials,COGS,1237172.38,1070176.18,166996.2,15.6
2024-12-01,P-GRP,Grand Rapids Machining,Plant,Grand Rapids,MI,Midwest,333,Machinery,360,175000,Consumables & Tooling,COGS,161209.82,161370.31,-160.49,-0.1
2024-12-01,P-GRP,Grand Rapids Machining,Plant,Grand Rapids,MI,Midwest,333,Machinery,360,175000,Utilities,Overhead,413456.38,274329.53,139126.85,50.72
2024-12-01,P-GRP,Grand Rapids Machining,Plant,Grand Rapids,MI,Midwest,333,Machinery,360,175000,Maintenance & Repair,Overhead,268794.56,242055.47,26739.09,11.05
2024-12-01,P-GRP,Grand Rapids Machining,Plant,Grand Rapids,MI,Midwest,333,Machinery,360,175000,Depreciation,Overhead,242055.47,242055.47,0.0,0.0
2024-12-01,P-GRP,Grand Rapids Machining,Plant,Grand Rapids,MI,Midwest,333,Machinery,360,175000,Facilities,Overhead,112959.22,112959.22,0.0,0.0
2024-12-01,P-GRP,Grand Rapids Machining,Plant,Grand Rapids,MI,Midwest,333,Machinery,360,175000,Freight & Logistics,Overhead,180995.98,188265.36,-7269.38,-3.86
2024-12-01,P-GRP,Grand Rapids Machining,Plant,Grand Rapids,MI,Midwest,333,Machinery,360,175000,IT & Systems,Overhead,85413.37,80685.16,4728.21,5.86
2024-12-01,P-GRP,Grand Rapids Machining,Plant,Grand Rapids,MI,Midwest,333,Machinery,360,175000,Other Overhead,Overhead,80952.38,80685.16,267.22,0.33
2022-01-01,P-AUS,Austin Electronics,Plant,Austin,TX,South,334,Computer & Electronic,300,140000,Direct Labor,COGS,1813284.0,1813284.0,0.0,0.0
2022-01-01,P-AUS,Austin Electronics,Plant,Austin,TX,South,334,Computer & Electronic,300,140000,Indirect Labor,COGS,705166.0,705166.0,0.0,0.0
2022-01-01,P-AUS,Austin Electronics,Plant,Austin,TX,South,334,Computer & Electronic,300,140000,Raw Materials,COGS,1186511.0,1222106.33,-35595.33,-2.91
2022-01-01,P-AUS,Austin Electronics,Plant,Austin,TX,South,334,Computer & Electronic,300,140000,Consumables & Tooling,COGS,165048.85,154762.3,10286.55,6.65
2022-01-01,P-AUS,Austin Electronics,Plant,Austin,TX,South,334,Computer & Electronic,300,140000,Utilities,Overhead,355953.3,263095.92,92857.38,35.29
2022-01-01,P-AUS,Austin Electronics,Plant,Austin,TX,South,334,Computer & Electronic,300,140000,Maintenance & Repair,Overhead,202280.31,232143.46,-29863.15,-12.86
2022-01-01,P-AUS,Austin Electronics,Plant,Austin,TX,South,334,Computer & Electronic,300,140000,Depreciation,Overhead,232143.46,232143.46,0.0,0.0
2022-01-01,P-AUS,Austin Electronics,Plant,Austin,TX,South,334,Computer & Electronic,300,140000,Facilities,Overhead,180556.02,180556.02,0.0,0.0
2022-01-01,P-AUS,Austin Electronics,Plant,Austin,TX,South,334,Computer & Electronic,300,140000,Freight & Logistics,Overhead,187346.69,180556.02,6790.67,3.76
2022-01-01,P-AUS,Austin Electronics,Plant,Austin,TX,South,334,Computer & Electronic,300,140000,IT & Systems,Overhead,83944.02,77381.15,6562.87,8.48
2022-01-01,P-AUS,Austin Electronics,Plant,Austin,TX,South,334,Computer & Electronic,300,140000,Other Overhead,Overhead,80860.28,77381.15,3479.13,4.5
2022-02-01,P-AUS,Austin Electronics,Plant,Austin,TX,South,334,Computer & Electronic,300,140000,Direct Labor,COGS,1813284.0,1813284.0,0.0,0.0
2022-02-01,P-AUS,Austin Electronics,Plant,Austin,TX,South,334,Computer & Electronic,300,140000,Indirect Labor,COGS,705166.0,705166.0,0.0,0.0
2022-02-01,P-AUS,Austin Electronics,Plant,Austin,TX,South,334,Computer & Electronic,300,140000,Raw Materials,COGS,1121391.06,1149286.36,-27895.3,-2.43
2022-02-01,P-AUS,Austin Electronics,Plant,Austin,TX,South,334,Computer & Electronic,300,140000,Consumables & Tooling,COGS,150033.3,146268.4,3764.9,2.57
2022-02-01,P-AUS,Austin Electronics,Plant,Austin,TX,South,334,Computer & Electronic,300,140000,Utilities,Overhead,325356.39,248656.28,76700.11,30.85
2022-02-01,P-AUS,Austin Electronics,Plant,Austin,TX,South,334,Computer & Electronic,300,140000,Maintenance & Repair,Overhead,206918.77,219402.6,-12483.83,-5.69
2022-02-01,P-AUS,Austin Electronics,Plant,Austin,TX,South,334,Computer & Electronic,300,140000,Depreciation,Overhead,219402.6,219402.6,0.0,0.0
2022-02-01,P-AUS,Austin Electronics,Plant,Austin,TX,South,334,Computer & Electronic,300,140000,Facilities,Overhead,170646.47,170646.47,0.0,0.0
2022-02-01,P-AUS,Austin Electronics,Plant,Austin,TX,South,334,Computer & Electronic,300,140000,Freight & Logistics,Overhead,176227.75,170646.47,5581.28,3.27
2022-02-01,P-AUS,Austin Electronics,Plant,Austin,TX,South,334,Computer & Electronic,300,140000,IT & Systems,Overhead,74055.92,73134.2,921.72,1.26
2022-02-01,P-AUS,Austin Electronics,Plant,Austin,TX,South,334,Computer & Electronic,300,140000,Other Overhead,Overhead,78701.72,73134.2,5567.52,7.61
2022-03-01,P-AUS,Austin Electronics,Plant,Austin,TX,South,334,Computer & Electronic,300,140000,Direct Labor,COGS,1813284.0,1813284.0,0.0,0.0
2022-03-01,P-AUS,Austin Electronics,Plant,Austin,TX,South,334,Computer & Electronic,300,140000,Indirect Labor,COGS,705166.0,705166.0,0.0,0.0
2022-03-01,P-AUS,Austin Electronics,Plant,Austin,TX,South,334,Computer & Electronic,300,140000,Raw Materials,COGS,1127798.97,1150103.15,-22304.18,-1.94
2022-03-01,P-AUS,Austin Electronics,Plant,Austin,TX,South,334,Computer & Electronic,300,140000,Consumables & Tooling,COGS,153626.61,147104.21,6522.4,4.43
2022-03-01,P-AUS,Austin Electronics,Plant,Austin,TX,South,334,Computer & Electronic,300,140000,Utilities,Overhead,294193.06,250077.16,44115.9,17.64
2022-03-01,P-AUS,Austin Electronics,Plant,Austin,TX,South,334,Computer & Electronic,300,140000,Maintenance & Repair,Overhead,225946.05,220656.32,5289.73,2.4
2022-03-01,P-AUS,Austin Electronics,Plant,Austin,TX,South,334,Computer & Electronic,300,140000,Depreciation,Overhead,220656.32,220656.32,0.0,0.0
2022-03-01,P-AUS,Austin Electronics,Plant,Austin,TX,South,334,Computer & Electronic,300,140000,Facilities,Overhead,171621.58,171621.58,0.0,0.0
2022-03-01,P-AUS,Austin Electronics,Plant,Austin,TX,South,334,Computer & Electronic,300,140000,Freight & Logistics,Overhead,178053.83,171621.58,6432.25,3.75
2022-03-01,P-AUS,Austin Electronics,Plant,Austin,TX,South,334,Computer & Electronic,300,140000,IT & Systems,Overhead,75326.32,73552.11,1774.21,2.41
2022-03-01,P-AUS,Austin Electronics,Plant,Austin,TX,South,334,Computer & Electronic,300,140000,Other Overhead,Overhead,70274.05,73552.11,-3278.06,-4.46
2022-04-01,P-AUS,Austin Electronics,Plant,Austin,TX,South,334,Computer & Electronic,300,140000,Direct Labor,COGS,1813284.0,1813284.0,0.0,0.0
2022-04-01,P-AUS,Austin Electronics,Plant,Austin,TX,South,334,Computer & Electronic,300,140000,Indirect Labor,COGS,705166.0,705166.0,0.0,0.0
2022-04-01,P-AUS,Austin Electronics,Plant,Austin,TX,South,334,Computer & Electronic,300,140000,Raw Materials,COGS,1093314.07,1109389.31,-16075.24,-1.45
2022-04-01,P-AUS,Austin Electronics,Plant,Austin,TX,South,334,Computer & Electronic,300,140000,Consumables & Tooling,COGS,141977.51,142606.18,-628.67,-0.44
2022-04-01,P-AUS,Austin Electronics,Plant,Austin,TX,South,334,Computer & Electronic,300,140000,Utilities,Overhead,240660.33,242430.51,-1770.18,-0.73
2022-04-01,P-AUS,Austin Electronics,Plant,Austin,TX,South,334,Computer & Electronic,300,140000,Maintenance & Repair,Overhead,193502.99,213909.27,-20406.28,-9.54
2022-04-01,P-AUS,Austin Electronics,Plant,Austin,TX,South,334,Computer & Electronic,300,140000,Depreciation,Overhead,213909.27,213909.27,0.0,0.0
2022-04-01,P-AUS,Austin Electronics,Plant,Austin,TX,South,334,Computer & Electronic,300,140000,Facilities,Overhead,166373.88,166373.88,0.0,0.0
2022-04-01,P-AUS,Austin Electronics,Plant,Austin,TX,South,334,Computer & Electronic,300,140000,Freight & Logistics,Overhead,162935.97,166373.88,-3437.91,-2.07
2022-04-01,P-AUS,Austin Electronics,Plant,Austin,TX,South,334,Computer & Electronic,300,140000,IT & Systems,Overhead,71548.55,71303.09,245.46,0.34
2022-04-01,P-AUS,Austin Electronics,Plant,Austin,TX,South,334,Computer & Electronic,300,140000,Other Overhead,Overhead,70904.25,71303.09,-398.84,-0.56
2022-05-01,P-AUS,Austin Electronics,Plant,Austin,TX,South,334,Computer & Electronic,300,140000,Direct Labor,COGS,1813284.0,1813284.0,0.0,0.0
2022-05-01,P-AUS,Austin Electronics,Plant,Austin,TX,South,334,Computer & Electronic,300,140000,Indirect Labor,COGS,705166.0,705166.0,0.0,0.0
2022-05-01,P-AUS,Austin Electronics,Plant,Austin,TX,South,334,Computer & Electronic,300,140000,Raw Materials,COGS,1130393.06,1141306.95,-10913.89,-0.96
2022-05-01,P-AUS,Austin Electronics,Plant,Austin,TX,South,334,Computer & Electronic,300,140000,Consumables & Tooling,COGS,155989.68,147442.57,8547.11,5.8
2022-05-01,P-AUS,Austin Electronics,Plant,Austin,TX,South,334,Computer & Electronic,300,140000,Utilities,Overhead,202385.72,250652.38,-48266.66,-19.26
2022-05-01,P-AUS,Austin Electronics,Plant,Austin,TX,South,334,Computer & Electronic,300,140000,Maintenance & Repair,Overhead,236183.89,221163.86,15020.03,6.79
2022-05-01,P-AUS,Austin Electronics,Plant,Austin,TX,South,334,Computer & Electronic,300,140000,Depreciation,Overhead,221163.86,221163.86,0.0,0.0
2022-05-01,P-AUS,Austin Electronics,Plant,Austin,TX,South,334,Computer & Electronic,300,140000,Facilities,Overhead,172016.34,172016.34,0.0,0.0
2022-05-01,P-AUS,Austin Electronics,Plant,Austin,TX,South,334,Computer & Electronic,300,140000,Freight & Logistics,Overhead,176074.85,172016.34,4058.51,2.36
2022-05-01,P-AUS,Austin Electronics,Plant,Austin,TX,South,334,Computer & Electronic,300,140000,IT & Systems,Overhead,68832.03,73721.29,-4889.26,-6.63
2022-05-01,P-AUS,Austin Electronics,Plant,Austin,TX,South,334,Computer & Electronic,300,140000,Other Overhead,Overhead,76354.99,73721.29,2633.7,3.57
2022-06-01,P-AUS,Austin Electronics,Plant,Austin,TX,South,334,Computer & Electronic,300,140000,Direct Labor,COGS,1813284.0,1813284.0,0.0,0.0
2022-06-01,P-AUS,Austin Electronics,Plant,Austin,TX,South,334,Computer & Electronic,300,140000,Indirect Labor,COGS,705166.0,705166.0,0.0,0.0
2022-06-01,P-AUS,Austin Electronics,Plant,Austin,TX,South,334,Computer & Electronic,300,140000,Raw Materials,COGS,1113155.27,1118311.17,-5155.9,-0.46
2022-06-01,P-AUS,Austin Electronics,Plant,Austin,TX,South,334,Computer & Electronic,300,140000,Consumables & Tooling,COGS,152231.78,145194.17,7037.61,4.85
2022-06-01,P-AUS,Austin Electronics,Plant,Austin,TX,South,334,Computer & Electronic,300,140000,Utilities,Overhead,165764.45,246830.08,-81065.63,-32.84
2022-06-01,P-AUS,Austin Electronics,Plant,Austin,TX,South,334,Computer & Electronic,300,140000,Maintenance & Repair,Overhead,221058.64,217791.25,3267.39,1.5
2022-06-01,P-AUS,Austin Electronics,Plant,Austin,TX,South,334,Computer & Electronic,300,140000,Depreciation,Overhead,217791.25,217791.25,0.0,0.0
2022-06-01,P-AUS,Austin Electronics,Plant,Austin,TX,South,334,Computer & Electronic,300,140000,Facilities,Overhead,169393.19,169393.19,0.0,0.0
2022-06-01,P-AUS,Austin Electronics,Plant,Austin,TX,South,334,Computer & Electronic,300,140000,Freight & Logistics,Overhead,175896.8,169393.19,6503.61,3.84
2022-06-01,P-AUS,Austin Electronics,Plant,Austin,TX,South,334,Computer & Electronic,300,140000,IT & Systems,Overhead,77899.52,72597.08,5302.44,7.3
2022-06-01,P-AUS,Austin Electronics,Plant,Austin,TX,South,334,Computer & Electronic,300,140000,Other Overhead,Overhead,73323.97,72597.08,726.89,1.0
2022-07-01,P-AUS,Austin Electronics,Plant,Austin,TX,South,334,Computer & Electronic,300,140000,Direct Labor,COGS,1813284.0,1813284.0,0.0,0.0
2022-07-01,P-AUS,Austin Electronics,Plant,Austin,TX,South,334,Computer & Electronic,300,140000,Indirect Labor,COGS,705166.0,705166.0,0.0,0.0
2022-07-01,P-AUS,Austin Electronics,Plant,Austin,TX,South,334,Computer & Electronic,300,140000,Raw Materials,COGS,1145873.55,1145453.73,419.82,0.04
2022-07-01,P-AUS,Austin Electronics,Plant,Austin,TX,South,334,Computer & Electronic,300,140000,Consumables & Tooling,COGS,146415.85,149461.77,-3045.92,-2.04
2022-07-01,P-AUS,Austin Electronics,Plant,Austin,TX,South,334,Computer & Electronic,300,140000,Utilities,Overhead,158345.37,254085.01,-95739.64,-37.68
2022-07-01,P-AUS,Austin Electronics,Plant,Austin,TX,South,334,Computer & Electronic,300,140000,Maintenance & Repair,Overhead,220615.22,224192.65,-3577.43,-1.6
2022-07-01,P-AUS,Austin Electronics,Plant,Austin,TX,South,334,Computer & Electronic,300,140000,Depreciation,Overhead,224192.65,224192.65,0.0,0.0
2022-07-01,P-AUS,Austin Electronics,Plant,Austin,TX,South,334,Computer & Electronic,300,140000,Facilities,Overhead,174372.06,174372.06,0.0,0.0
2022-07-01,P-AUS,Austin Electronics,Plant,Austin,TX,South,334,Computer & Electronic,300,140000,Freight & Logistics,Overhead,166096.22,174372.06,-8275.84,-4.75
2022-07-01,P-AUS,Austin Electronics,Plant,Austin,TX,South,334,Computer & Electronic,300,140000,IT & Systems,Overhead,75713.06,74730.88,982.18,1.31
2022-07-01,P-AUS,Austin Electronics,Plant,Austin,TX,South,334,Computer & Electronic,300,140000,Other Overhead,Overhead,83087.93,74730.88,8357.05,11.18
2022-08-01,P-AUS,Austin Electronics,Plant,Austin,TX,South,334,Computer & Electronic,300,140000,Direct Labor,COGS,1813284.0,1813284.0,0.0,0.0
2022-08-01,P-AUS,Austin Electronics,Plant,Austin,TX,South,334,Computer & Electronic,300,140000,Indirect Labor,COGS,705166.0,705166.0,0.0,0.0
2022-08-01,P-AUS,Austin Electronics,Plant,Austin,TX,South,334,Computer & Electronic,300,140000,Raw Materials,COGS,1263409.03,1256662.83,6746.2,0.54
2022-08-01,P-AUS,Austin Electronics,Plant,Austin,TX,South,334,Computer & Electronic,300,140000,Consumables & Tooling,COGS,160598.92,164792.48,-4193.56,-2.54
2022-08-01,P-AUS,Austin Electronics,Plant,Austin,TX,South,334,Computer & Electronic,300,140000,Utilities,Overhead,189710.44,280147.22,-90436.78,-32.28
2022-08-01,P-AUS,Austin Electronics,Plant,Austin,TX,South,334,Computer & Electronic,300,140000,Maintenance & Repair,Overhead,251142.59,247188.72,3953.87,1.6
2022-08-01,P-AUS,Austin Electronics,Plant,Austin,TX,South,334,Computer & Electronic,300,140000,Depreciation,Overhead,247188.72,247188.72,0.0,0.0
2022-08-01,P-AUS,Austin Electronics,Plant,Austin,TX,South,334,Computer & Electronic,300,140000,Facilities,Overhead,192257.9,192257.9,0.0,0.0
2022-08-01,P-AUS,Austin Electronics,Plant,Austin,TX,South,334,Computer & Electronic,300,140000,Freight & Logistics,Overhead,189584.42,192257.9,-2673.48,-1.39
2022-08-01,P-AUS,Austin Electronics,Plant,Austin,TX,South,334,Computer & Electronic,300,140000,IT & Systems,Overhead,90661.49,82396.24,8265.25,10.03
2022-08-01,P-AUS,Austin Electronics,Plant,Austin,TX,South,334,Computer & Electronic,300,140000,Other Overhead,Overhead,78320.06,82396.24,-4076.18,-4.95
2022-09-01,P-AUS,Austin Electronics,Plant,Austin,TX,South,334,Computer & Electronic,300,140000,Direct Labor,COGS,1813284.0,1813284.0,0.0,0.0
2022-09-01,P-AUS,Austin Electronics,Plant,Austin,TX,South,334,Computer & Electronic,300,140000,Indirect Labor,COGS,705166.0,705166.0,0.0,0.0
2022-09-01,P-AUS,Austin Electronics,Plant,Austin,TX,South,334,Computer & Electronic,300,140000,Raw Materials,COGS,1280708.66,1267532.42,13176.24,1.04
2022-09-01,P-AUS,Austin Electronics,Plant,Austin,TX,South,334,Computer & Electronic,300,140000,Consumables & Tooling,COGS,154846.49,167048.96,-12202.47,-7.3
2022-09-01,P-AUS,Austin Electronics,Plant,Austin,TX,South,334,Computer & Electronic,300,140000,Utilities,Overhead,233143.84,283983.22,-50839.38,-17.9
2022-09-01,P-AUS,Austin Electronics,Plant,Austin,TX,South,334,Computer & Electronic,300,140000,Maintenance & Repair,Overhead,271444.77,250573.43,20871.34,8.33
2022-09-01,P-AUS,Austin Electronics,Plant,Austin,TX,South,334,Computer & Electronic,300,140000,Depreciation,Overhead,250573.43,250573.43,0.0,0.0
2022-09-01,P-AUS,Austin Electronics,Plant,Austin,TX,South,334,Computer & Electronic,300,140000,Facilities,Overhead,194890.45,194890.45,0.0,0.0
2022-09-01,P-AUS,Austin Electronics,Plant,Austin,TX,South,334,Computer & Electronic,300,140000,Freight & Logistics,Overhead,205195.06,194890.45,10304.61,5.29
2022-09-01,P-AUS,Austin Electronics,Plant,Austin,TX,South,334,Computer & Electronic,300,140000,IT & Systems,Overhead,87474.77,83524.48,3950.29,4.73
2022-09-01,P-AUS,Austin Electronics,Plant,Austin,TX,South,334,Computer & Electronic,300,140000,Other Overhead,Overhead,83650.41,83524.48,125.93,0.15
2022-10-01,P-AUS,Austin Electronics,Plant,Austin,TX,South,334,Computer & Electronic,300,140000,Direct Labor,COGS,1813284.0,1813284.0,0.0,0.0
2022-10-01,P-AUS,Austin Electronics,Plant,Austin,TX,South,334,Computer & Electronic,300,140000,Indirect Labor,COGS,705166.0,705166.0,0.0,0.0
2022-10-01,P-AUS,Austin Electronics,Plant,Austin,TX,South,334,Computer & Electronic,300,140000,Raw Materials,COGS,1370180.51,1349337.08,20843.43,1.54
2022-10-01,P-AUS,Austin Electronics,Plant,Austin,TX,South,334,Computer & Electronic,300,140000,Consumables & Tooling,COGS,174852.7,178719.2,-3866.5,-2.16
2022-10-01,P-AUS,Austin Electronics,Plant,Austin,TX,South,334,Computer & Electronic,300,140000,Utilities,Overhead,309223.27,303822.64,5400.63,1.78
2022-10-01,P-AUS,Austin Electronics,Plant,Austin,TX,South,334,Computer & Electronic,300,140000,Maintenance & Repair,Overhead,265397.05,268078.8,-2681.75,-1.0
2022-10-01,P-AUS,Austin Electronics,Plant,Austin,TX,South,334,Computer & Electronic,300,140000,Depreciation,Overhead,268078.8,268078.8,0.0,0.0
2022-10-01,P-AUS,Austin Electronics,Plant,Austin,TX,South,334,Computer & Electronic,300,140000,Facilities,Overhead,208505.73,208505.73,0.0,0.0
2022-10-01,P-AUS,Austin Electronics,Plant,Austin,TX,South,334,Computer & Electronic,300,140000,Freight & Logistics,Overhead,214914.45,208505.73,6408.72,3.07
2022-10-01,P-AUS,Austin Electronics,Plant,Austin,TX,South,334,Computer & Electronic,300,140000,IT & Systems,Overhead,89902.41,89359.6,542.81,0.61
2022-10-01,P-AUS,Austin Electronics,Plant,Austin,TX,South,334,Computer & Electronic,300,140000,Other Overhead,Overhead,78246.52,89359.6,-11113.08,-12.44
2022-11-01,P-AUS,Austin Electronics,Plant,Austin,TX,South,334,Computer & Electronic,300,140000,Direct Labor,COGS,1813284.0,1813284.0,0.0,0.0
2022-11-01,P-AUS,Austin Electronics,Plant,Austin,TX,South,334,Computer & Electronic,300,140000,Indirect Labor,COGS,705166.0,705166.0,0.0,0.0
2022-11-01,P-AUS,Austin Electronics,Plant,Austin,TX,South,334,Computer & Electronic,300,140000,Raw Materials,COGS,1364143.38,1336708.25,27435.13,2.05
2022-11-01,P-AUS,Austin Electronics,Plant,Austin,TX,South,334,Computer & Electronic,300,140000,Consumables & Tooling,COGS,193014.84,177931.75,15083.09,8.48
2022-11-01,P-AUS,Austin Electronics,Plant,Austin,TX,South,334,Computer & Electronic,300,140000,Utilities,Overhead,367880.83,302483.97,65396.86,21.62
2022-11-01,P-AUS,Austin Electronics,Plant,Austin,TX,South,334,Computer & Electronic,300,140000,Maintenance & Repair,Overhead,269454.05,266897.62,2556.43,0.96
2022-11-01,P-AUS,Austin Electronics,Plant,Austin,TX,South,334,Computer & Electronic,300,140000,Depreciation,Overhead,266897.62,266897.62,0.0,0.0
2022-11-01,P-AUS,Austin Electronics,Plant,Austin,TX,South,334,Computer & Electronic,300,140000,Facilities,Overhead,207587.04,207587.04,0.0,0.0
2022-11-01,P-AUS,Austin Electronics,Plant,Austin,TX,South,334,Computer & Electronic,300,140000,Freight & Logistics,Overhead,211781.05,207587.04,4194.01,2.02
2022-11-01,P-AUS,Austin Electronics,Plant,Austin,TX,South,334,Computer & Electronic,300,140000,IT & Systems,Overhead,80698.84,88965.87,-8267.03,-9.29
2022-11-01,P-AUS,Austin Electronics,Plant,Austin,TX,South,334,Computer & Electronic,300,140000,Other Overhead,Overhead,85110.54,88965.87,-3855.33,-4.33
2022-12-01,P-AUS,Austin Electronics,Plant,Austin,TX,South,334,Computer & Electronic,300,140000,Direct Labor,COGS,1813284.0,1813284.0,0.0,0.0
2022-12-01,P-AUS,Austin Electronics,Plant,Austin,TX,South,334,Computer & Electronic,300,140000,Indirect Labor,COGS,705166.0,705166.0,0.0,0.0
2022-12-01,P-AUS,Austin Electronics,Plant,Austin,TX,South,334,Computer & Electronic,300,140000,Raw Materials,COGS,1461051.43,1424544.59,36506.84,2.56
2022-12-01,P-AUS,Austin Electronics,Plant,Austin,TX,South,334,Computer & Electronic,300,140000,Consumables & Tooling,COGS,204412.79,190571.93,13840.86,7.26
2022-12-01,P-AUS,Austin Electronics,Plant,Austin,TX,South,334,Computer & Electronic,300,140000,Utilities,Overhead,441901.79,323972.27,117929.52,36.4
2022-12-01,P-AUS,Austin Electronics,Plant,Austin,TX,South,334,Computer & Electronic,300,140000,Maintenance & Repair,Overhead,305141.43,285857.89,19283.54,6.75
2022-12-01,P-AUS,Austin Electronics,Plant,Austin,TX,South,334,Computer & Electronic,300,140000,Depreciation,Overhead,285857.89,285857.89,0.0,0.0
2022-12-01,P-AUS,Austin Electronics,Plant,Austin,TX,South,334,Computer & Electronic,300,140000,Facilities,Overhead,222333.91,222333.91,0.0,0.0
2022-12-01,P-AUS,Austin Electronics,Plant,Austin,TX,South,334,Computer & Electronic,300,140000,Freight & Logistics,Overhead,206987.95,222333.91,-15345.96,-6.9
2022-12-01,P-AUS,Austin Electronics,Plant,Austin,TX,South,334,Computer & Electronic,300,140000,IT & Systems,Overhead,92422.81,95285.96,-2863.15,-3.0
2022-12-01,P-AUS,Austin Electronics,Plant,Austin,TX,South,334,Computer & Electronic,300,140000,Other Overhead,Overhead,92281.38,95285.96,-3004.58,-3.15
2023-01-01,P-AUS,Austin Electronics,Plant,Austin,TX,South,334,Computer & Electronic,300,140000,Direct Labor,COGS,1876748.94,1876748.94,0.0,0.0
2023-01-01,P-AUS,Austin Electronics,Plant,Austin,TX,South,334,Computer & Electronic,300,140000,Indirect Labor,COGS,729846.81,729846.81,0.0,0.0
2023-01-01,P-AUS,Austin Electronics,Plant,Austin,TX,South,334,Computer & Electronic,300,140000,Raw Materials,COGS,1426131.63,1383579.43,42552.2,3.08
2023-01-01,P-AUS,Austin Electronics,Plant,Austin,TX,South,334,Computer & Electronic,300,140000,Consumables & Tooling,COGS,183170.35,186017.17,-2846.82,-1.53
2023-01-01,P-AUS,Austin Electronics,Plant,Austin,TX,South,334,Computer & Electronic,300,140000,Utilities,Overhead,449728.57,316229.19,133499.38,42.22
2023-01-01,P-AUS,Austin Electronics,Plant,Austin,TX,South,334,Computer & Electronic,300,140000,Maintenance & Repair,Overhead,285913.7,279025.75,6887.95,2.47
2023-01-01,P-AUS,Austin Electronics,Plant,Austin,TX,South,334,Computer & Electronic,300,140000,Depreciation,Overhead,279025.75,279025.75,0.0,0.0
2023-01-01,P-AUS,Austin Electronics,Plant,Austin,TX,South,334,Computer & Electronic,300,140000,Facilities,Overhead,217020.03,217020.03,0.0,0.0
2023-01-01,P-AUS,Austin Electronics,Plant,Austin,TX,South,334,Computer & Electronic,300,140000,Freight & Logistics,Overhead,226689.87,217020.03,9669.84,4.46
2023-01-01,P-AUS,Austin Electronics,Plant,Austin,TX,South,334,Computer & Electronic,300,140000,IT & Systems,Overhead,98241.67,93008.58,5233.09,5.63
2023-01-01,P-AUS,Austin Electronics,Plant,Austin,TX,South,334,Computer & Electronic,300,140000,Other Overhead,Overhead,91776.22,93008.58,-1232.36,-1.32
2023-02-01,P-AUS,Austin Electronics,Plant,Austin,TX,South,334,Computer & Electronic,300,140000,Direct Labor,COGS,1876748.94,1876748.94,0.0,0.0
2023-02-01,P-AUS,Austin Electronics,Plant,Austin,TX,South,334,Computer & Electronic,300,140000,Indirect Labor,COGS,729846.81,729846.81,0.0,0.0
2023-02-01,P-AUS,Austin Electronics,Plant,Austin,TX,South,334,Computer & Electronic,300,140000,Raw Materials,COGS,1381909.31,1334006.56,47902.75,3.59
2023-02-01,P-AUS,Austin Electronics,Plant,Austin,TX,South,334,Computer & Electronic,300,140000,Consumables & Tooling,COGS,197199.53,180249.04,16950.49,9.4
2023-02-01,P-AUS,Austin Electronics,Plant,Austin,TX,South,334,Computer & Electronic,300,140000,Utilities,Overhead,421455.18,306423.37,115031.81,37.54
2023-02-01,P-AUS,Austin Electronics,Plant,Austin,TX,South,334,Computer & Electronic,300,140000,Maintenance & Repair,Overhead,270801.5,270373.56,427.94,0.16
2023-02-01,P-AUS,Austin Electronics,Plant,Austin,TX,South,334,Computer & Electronic,300,140000,Depreciation,Overhead,270373.56,270373.56,0.0,0.0
2023-02-01,P-AUS,Austin Electronics,Plant,Austin,TX,South,334,Computer & Electronic,300,140000,Facilities,Overhead,210290.55,210290.55,0.0,0.0
2023-02-01,P-AUS,Austin Electronics,Plant,Austin,TX,South,334,Computer & Electronic,300,140000,Freight & Logistics,Overhead,216022.49,210290.55,5731.94,2.73
2023-02-01,P-AUS,Austin Electronics,Plant,Austin,TX,South,334,Computer & Electronic,300,140000,IT & Systems,Overhead,96026.96,90124.52,5902.44,6.55
2023-02-01,P-AUS,Austin Electronics,Plant,Austin,TX,South,334,Computer & Electronic,300,140000,Other Overhead,Overhead,86165.31,90124.52,-3959.21,-4.39
2023-03-01,P-AUS,Austin Electronics,Plant,Austin,TX,South,334,Computer & Electronic,300,140000,Direct Labor,COGS,1876748.94,1876748.94,0.0,0.0
2023-03-01,P-AUS,Austin Electronics,Plant,Austin,TX,South,334,Computer & Electronic,300,140000,Indirect Labor,COGS,729846.81,729846.81,0.0,0.0
2023-03-01,P-AUS,Austin Electronics,Plant,Austin,TX,South,334,Computer & Electronic,300,140000,Raw Materials,COGS,1404321.41,1348897.27,55424.14,4.11
2023-03-01,P-AUS,Austin Electronics,Plant,Austin,TX,South,334,Computer & Electronic,300,140000,Consumables & Tooling,COGS,179133.56,183172.36,-4038.8,-2.2
2023-03-01,P-AUS,Austin Electronics,Plant,Austin,TX,South,334,Computer & Electronic,300,140000,Utilities,Overhead,385067.49,311393.01,73674.48,23.66
2023-03-01,P-AUS,Austin Electronics,Plant,Austin,TX,South,334,Computer & Electronic,300,140000,Maintenance & Repair,Overhead,264141.73,274758.54,-10616.81,-3.86
2023-03-01,P-AUS,Austin Electronics,Plant,Austin,TX,South,334,Computer & Electronic,300,140000,Depreciation,Overhead,274758.54,274758.54,0.0,0.0
2023-03-01,P-AUS,Austin Electronics,Plant,Austin,TX,South,334,Computer & Electronic,300,140000,Facilities,Overhead,213701.08,213701.08,0.0,0.0
2023-03-01,P-AUS,Austin Electronics,Plant,Austin,TX,South,334,Computer & Electronic,300,140000,Freight & Logistics,Overhead,229510.12,213701.08,15809.04,7.4
2023-03-01,P-AUS,Austin Electronics,Plant,Austin,TX,South,334,Computer & Electronic,300,140000,IT & Systems,Overhead,92142.5,91586.18,556.32,0.61
2023-03-01,P-AUS,Austin Electronics,Plant,Austin,TX,South,334,Computer & Electronic,300,140000,Other Overhead,Overhead,92075.23,91586.18,489.05,0.53
2023-04-01,P-AUS,Austin Electronics,Plant,Austin,TX,South,334,Computer & Electronic,300,140000,Direct Labor,COGS,1876748.94,1876748.94,0.0,0.0
2023-04-01,P-AUS,Austin Electronics,Plant,Austin,TX,South,334,Computer & Electronic,300,140000,Indirect Labor,COGS,729846.81,729846.81,0.0,0.0
2023-04-01,P-AUS,Austin Electronics,Plant,Austin,TX,South,334,Computer & Electronic,300,140000,Raw Materials,COGS,1407530.17,1345253.13,62277.04,4.63
2023-04-01,P-AUS,Austin Electronics,Plant,Austin,TX,South,334,Computer & Electronic,300,140000,Consumables & Tooling,COGS,201112.54,183590.89,17521.65,9.54
2023-04-01,P-AUS,Austin Electronics,Plant,Austin,TX,South,334,Computer & Electronic,300,140000,Utilities,Overhead,325676.85,312104.52,13572.33,4.35
2023-04-01,P-AUS,Austin Electronics,Plant,Austin,TX,South,334,Computer & Electronic,300,140000,Maintenance & Repair,Overhead,261065.12,275386.34,-14321.22,-5.2
2023-04-01,P-AUS,Austin Electronics,Plant,Austin,TX,South,334,Computer & Electronic,300,140000,Depreciation,Overhead,275386.34,275386.34,0.0,0.0
2023-04-01,P-AUS,Austin Electronics,Plant,Austin,TX,South,334,Computer & Electronic,300,140000,Facilities,Overhead,214189.37,214189.37,0.0,0.0
2023-04-01,P-AUS,Austin Electronics,Plant,Austin,TX,South,334,Computer & Electronic,300,140000,Freight & Logistics,Overhead,215747.33,214189.37,1557.96,0.73
2023-04-01,P-AUS,Austin Electronics,Plant,Austin,TX,South,334,Computer & Electronic,300,140000,IT & Systems,Overhead,91686.44,91795.45,-109.01,-0.12
2023-04-01,P-AUS,Austin Electronics,Plant,Austin,TX,South,334,Computer & Electronic,300,140000,Other Overhead,Overhead,87781.2,91795.45,-4014.25,-4.37
2023-05-01,P-AUS,Austin Electronics,Plant,Austin,TX,South,334,Computer & Electronic,300,140000,Direct Labor,COGS,1876748.94,1876748.94,0.0,0.0
2023-05-01,P-AUS,Austin Electronics,Plant,Austin,TX,South,334,Computer & Electronic,300,140000,Indirect Labor,COGS,729846.81,729846.81,0.0,0.0
2023-05-01,P-AUS,Austin Electronics,Plant,Austin,TX,South,334,Computer & Electronic,300,140000,Raw Materials,COGS,1287057.85,1223991.23,63066.62,5.15
2023-05-01,P-AUS,Austin Electronics,Plant,Austin,TX,South,334,Computer & Electronic,300,140000,Consumables & Tooling,COGS,165204.25,167877.11,-2672.86,-1.59
2023-05-01,P-AUS,Austin Electronics,Plant,Austin,TX,South,334,Computer & Electronic,300,140000,Utilities,Overhead,242224.5,285391.09,-43166.59,-15.13
2023-05-01,P-AUS,Austin Electronics,Plant,Austin,TX,South,334,Computer & Electronic,300,140000,Maintenance & Repair,Overhead,237154.27,251815.67,-14661.4,-5.82
2023-05-01,P-AUS,Austin Electronics,Plant,Austin,TX,South,334,Computer & Electronic,300,140000,Depreciation,Overhead,251815.67,251815.67,0.0,0.0
2023-05-01,P-AUS,Austin Electronics,Plant,Austin,TX,South,334,Computer & Electronic,300,140000,Facilities,Overhead,195856.63,195856.63,0.0,0.0
2023-05-01,P-AUS,Austin Electronics,Plant,Austin,TX,South,334,Computer & Electronic,300,140000,Freight & Logistics,Overhead,192401.97,195856.63,-3454.66,-1.76
2023-05-01,P-AUS,Austin Electronics,Plant,Austin,TX,South,334,Computer & Electronic,300,140000,IT & Systems,Overhead,85237.67,83938.56,1299.11,1.55
2023-05-01,P-AUS,Austin Electronics,Plant,Austin,TX,South,334,Computer & Electronic,300,140000,Other Overhead,Overhead,85136.83,83938.56,1198.27,1.43
2023-06-01,P-AUS,Austin Electronics,Plant,Austin,TX,South,334,Computer & Electronic,300,140000,Direct Labor,COGS,1876748.94,1876748.94,0.0,0.0
2023-06-01,P-AUS,Austin Electronics,Plant,Austin,TX,South,334,Computer & Electronic,300,140000,Indirect Labor,COGS,729846.81,729846.81,0.0,0.0
2023-06-01,P-AUS,Austin Electronics,Plant,Austin,TX,South,334,Computer & Electronic,300,140000,Raw Materials,COGS,1355375.78,1282548.79,72826.99,5.68
2023-06-01,P-AUS,Austin Electronics,Plant,Austin,TX,South,334,Computer & Electronic,300,140000,Consumables & Tooling,COGS,170046.85,176788.15,-6741.3,-3.81
2023-06-01,P-AUS,Austin Electronics,Plant,Austin,TX,South,334,Computer & Electronic,300,140000,Utilities,Overhead,212160.73,300539.85,-88379.12,-29.41
2023-06-01,P-AUS,Austin Electronics,Plant,Austin,TX,South,334,Computer & Electronic,300,140000,Maintenance & Repair,Overhead,252864.75,265182.22,-12317.47,-4.64
2023-06-01,P-AUS,Austin Electronics,Plant,Austin,TX,South,334,Computer & Electronic,300,140000,Depreciation,Overhead,265182.22,265182.22,0.0,0.0
2023-06-01,P-AUS,Austin Electronics,Plant,Austin,TX,South,334,Computer & Electronic,300,140000,Facilities,Overhead,206252.84,206252.84,0.0,0.0
2023-06-01,P-AUS,Austin Electronics,Plant,Austin,TX,South,334,Computer & Electronic,300,140000,Freight & Logistics,Overhead,222378.31,206252.84,16125.47,7.82
2023-06-01,P-AUS,Austin Electronics,Plant,Austin,TX,South,334,Computer & Electronic,300,140000,IT & Systems,Overhead,86742.38,88394.07,-1651.69,-1.87
2023-06-01,P-AUS,Austin Electronics,Plant,Austin,TX,South,334,Computer & Electronic,300,140000,Other Overhead,Overhead,87843.59,88394.07,-550.48,-0.62
2023-07-01,P-AUS,Austin Electronics,Plant,Austin,TX,South,334,Computer & Electronic,300,140000,Direct Labor,COGS,1876748.94,1876748.94,0.0,0.0
2023-07-01,P-AUS,Austin Electronics,Plant,Austin,TX,South,334,Computer & Electronic,300,140000,Indirect Labor,COGS,729846.81,729846.81,0.0,0.0
2023-07-01,P-AUS,Austin Electronics,Plant,Austin,TX,South,334,Computer & Electronic,300,140000,Raw Materials,COGS,1488939.02,1401925.79,87013.23,6.21
2023-07-01,P-AUS,Austin Electronics,Plant,Austin,TX,South,334,Computer & Electronic,300,140000,Consumables & Tooling,COGS,214252.73,194209.44,20043.29,10.32
2023-07-01,P-AUS,Austin Electronics,Plant,Austin,TX,South,334,Computer & Electronic,300,140000,Utilities,Overhead,216279.41,330156.04,-113876.63,-34.49
2023-07-01,P-AUS,Austin Electronics,Plant,Austin,TX,South,334,Computer & Electronic,300,140000,Maintenance & Repair,Overhead,307174.05,291314.16,15859.89,5.44
2023-07-01,P-AUS,Austin Electronics,Plant,Austin,TX,South,334,Computer & Electronic,300,140000,Depreciation,Overhead,291314.16,291314.16,0.0,0.0
2023-07-01,P-AUS,Austin Electronics,Plant,Austin,TX,South,334,Computer & Electronic,300,140000,Facilities,Overhead,226577.68,226577.68,0.0,0.0
2023-07-01,P-AUS,Austin Electronics,Plant,Austin,TX,South,334,Computer & Electronic,300,140000,Freight & Logistics,Overhead,227357.62,226577.68,779.94,0.34
2023-07-01,P-AUS,Austin Electronics,Plant,Austin,TX,South,334,Computer & Electronic,300,140000,IT & Systems,Overhead,93209.27,97104.72,-3895.45,-4.01
2023-07-01,P-AUS,Austin Electronics,Plant,Austin,TX,South,334,Computer & Electronic,300,140000,Other Overhead,Overhead,92314.63,97104.72,-4790.09,-4.93
2023-08-01,P-AUS,Austin Electronics,Plant,Austin,TX,South,334,Computer & Electronic,300,140000,Direct Labor,COGS,1876748.94,1876748.94,0.0,0.0
2023-08-01,P-AUS,Austin Electronics,Plant,Austin,TX,South,334,Computer & Electronic,300,140000,Indirect Labor,COGS,729846.81,729846.81,0.0,0.0
2023-08-01,P-AUS,Austin Electronics,Plant,Austin,TX,South,334,Computer & Electronic,300,140000,Raw Materials,COGS,1606434.61,1505029.82,101404.79,6.74
2023-08-01,P-AUS,Austin Electronics,Plant,Austin,TX,South,334,Computer & Electronic,300,140000,Consumables & Tooling,COGS,208319.04,209534.95,-1215.91,-0.58
2023-08-01,P-AUS,Austin Electronics,Plant,Austin,TX,South,334,Computer & Electronic,300,140000,Utilities,Overhead,253559.52,356209.41,-102649.89,-28.82
2023-08-01,P-AUS,Austin Electronics,Plant,Austin,TX,South,334,Computer & Electronic,300,140000,Maintenance & Repair,Overhead,312795.53,314302.42,-1506.89,-0.48
2023-08-01,P-AUS,Austin Electronics,Plant,Austin,TX,South,334,Computer & Electronic,300,140000,Depreciation,Overhead,314302.42,314302.42,0.0,0.0
2023-08-01,P-AUS,Austin Electronics,Plant,Austin,TX,South,334,Computer & Electronic,300,140000,Facilities,Overhead,244457.44,244457.44,0.0,0.0
2023-08-01,P-AUS,Austin Electronics,Plant,Austin,TX,South,334,Computer & Electronic,300,140000,Freight & Logistics,Overhead,239664.33,244457.44,-4793.11,-1.96
2023-08-01,P-AUS,Austin Electronics,Plant,Austin,TX,South,334,Computer & Electronic,300,140000,IT & Systems,Overhead,112712.68,104767.47,7945.21,7.58
2023-08-01,P-AUS,Austin Electronics,Plant,Austin,TX,South,334,Computer & Electronic,300,140000,Other Overhead,Overhead,111522.83,104767.47,6755.36,6.45
2023-09-01,P-AUS,Austin Electronics,Plant,Austin,TX,South,334,Computer & Electronic,300,140000,Direct Labor,COGS,1876748.94,1876748.94,0.0,0.0
2023-09-01,P-AUS,Austin Electronics,Plant,Austin,TX,South,334,Computer & Electronic,300,140000,Indirect Labor,COGS,729846.81,729846.81,0.0,0.0
2023-09-01,P-AUS,Austin Electronics,Plant,Austin,TX,South,334,Computer & Electronic,300,140000,Raw Materials,COGS,1624778.78,1514642.81,110135.97,7.27
2023-09-01,P-AUS,Austin Electronics,Plant,Austin,TX,South,334,Computer & Electronic,300,140000,Consumables & Tooling,COGS,199402.36,211927.67,-12525.31,-5.91
2023-09-01,P-AUS,Austin Electronics,Plant,Austin,TX,South,334,Computer & Electronic,300,140000,Utilities,Overhead,310911.97,360277.03,-49365.06,-13.7
2023-09-01,P-AUS,Austin Electronics,Plant,Austin,TX,South,334,Computer & Electronic,300,140000,Maintenance & Repair,Overhead,332657.09,317891.5,14765.59,4.64
2023-09-01,P-AUS,Austin Electronics,Plant,Austin,TX,South,334,Computer & Electronic,300,140000,Depreciation,Overhead,317891.5,317891.5,0.0,0.0
2023-09-01,P-AUS,Austin Electronics,Plant,Austin,TX,South,334,Computer & Electronic,300,140000,Facilities,Overhead,247248.94,247248.94,0.0,0.0
2023-09-01,P-AUS,Austin Electronics,Plant,Austin,TX,South,334,Computer & Electronic,300,140000,Freight & Logistics,Overhead,225606.82,247248.94,-21642.12,-8.75
2023-09-01,P-AUS,Austin Electronics,Plant,Austin,TX,South,334,Computer & Electronic,300,140000,IT & Systems,Overhead,98476.85,105963.83,-7486.98,-7.07
2023-09-01,P-AUS,Austin Electronics,Plant,Austin,TX,South,334,Computer & Electronic,300,140000,Other Overhead,Overhead,104207.3,105963.83,-1756.53,-1.66
2023-10-01,P-AUS,Austin Electronics,Plant,Austin,TX,South,334,Computer & Electronic,300,140000,Direct Labor,COGS,1876748.94,1876748.94,0.0,0.0
2023-10-01,P-AUS,Austin Electronics,Plant,Austin,TX,South,334,Computer & Electronic,300,140000,Indirect Labor,COGS,729846.81,729846.81,0.0,0.0
2023-10-01,P-AUS,Austin Electronics,Plant,Austin,TX,South,334,Computer & Electronic,300,140000,Raw Materials,COGS,1725294.06,1600342.93,124951.13,7.81
2023-10-01,P-AUS,Austin Electronics,Plant,Austin,TX,South,334,Computer & Electronic,300,140000,Consumables & Tooling,COGS,232429.75,225038.36,7391.39,3.28
2023-10-01,P-AUS,Austin Electronics,Plant,Austin,TX,South,334,Computer & Electronic,300,140000,Utilities,Overhead,409286.21,382565.21,26721.0,6.98
2023-10-01,P-AUS,Austin Electronics,Plant,Austin,TX,South,334,Computer & Electronic,300,140000,Maintenance & Repair,Overhead,334012.96,337557.53,-3544.57,-1.05
2023-10-01,P-AUS,Austin Electronics,Plant,Austin,TX,South,334,Computer & Electronic,300,140000,Depreciation,Overhead,337557.53,337557.53,0.0,0.0
2023-10-01,P-AUS,Austin Electronics,Plant,Austin,TX,South,334,Computer & Electronic,300,140000,Facilities,Overhead,262544.75,262544.75,0.0,0.0
2023-10-01,P-AUS,Austin Electronics,Plant,Austin,TX,South,334,Computer & Electronic,300,140000,Freight & Logistics,Overhead,256803.23,262544.75,-5741.52,-2.19
2023-10-01,P-AUS,Austin Electronics,Plant,Austin,TX,South,334,Computer & Electronic,300,140000,IT & Systems,Overhead,106308.94,112519.18,-6210.24,-5.52
2023-10-01,P-AUS,Austin Electronics,Plant,Austin,TX,South,334,Computer & Electronic,300,140000,Other Overhead,Overhead,121525.64,112519.18,9006.46,8.0
2023-11-01,P-AUS,Austin Electronics,Plant,Austin,TX,South,334,Computer & Electronic,300,140000,Direct Labor,COGS,1876748.94,1876748.94,0.0,0.0
2023-11-01,P-AUS,Austin Electronics,Plant,Austin,TX,South,334,Computer & Electronic,300,140000,Indirect Labor,COGS,729846.81,729846.81,0.0,0.0
2023-11-01,P-AUS,Austin Electronics,Plant,Austin,TX,South,334,Computer & Electronic,300,140000,Raw Materials,COGS,1799135.71,1660534.07,138601.64,8.35
2023-11-01,P-AUS,Austin Electronics,Plant,Austin,TX,South,334,Computer & Electronic,300,140000,Consumables & Tooling,COGS,233258.54,234669.88,-1411.34,-0.6
2023-11-01,P-AUS,Austin Electronics,Plant,Austin,TX,South,334,Computer & Electronic,300,140000,Utilities,Overhead,510012.33,398938.79,111073.54,27.84
2023-11-01,P-AUS,Austin Electronics,Plant,Austin,TX,South,334,Computer & Electronic,300,140000,Maintenance & Repair,Overhead,339323.36,352004.81,-12681.45,-3.6
2023-11-01,P-AUS,Austin Electronics,Plant,Austin,TX,South,334,Computer & Electronic,300,140000,Depreciation,Overhead,352004.81,352004.81,0.0,0.0
2023-11-01,P-AUS,Austin Electronics,Plant,Austin,TX,South,334,Computer & Electronic,300,140000,Facilities,Overhead,273781.52,273781.52,0.0,0.0
2023-11-01,P-AUS,Austin Electronics,Plant,Austin,TX,South,334,Computer & Electronic,300,140000,Freight & Logistics,Overhead,286839.66,273781.52,13058.14,4.77
2023-11-01,P-AUS,Austin Electronics,Plant,Austin,TX,South,334,Computer & Electronic,300,140000,IT & Systems,Overhead,121205.9,117334.94,3870.96,3.3
2023-11-01,P-AUS,Austin Electronics,Plant,Austin,TX,South,334,Computer & Electronic,300,140000,Other Overhead,Overhead,111223.62,117334.94,-6111.32,-5.21
2023-12-01,P-AUS,Austin Electronics,Plant,Austin,TX,South,334,Computer & Electronic,300,140000,Direct Labor,COGS,1876748.94,1876748.94,0.0,0.0
2023-12-01,P-AUS,Austin Electronics,Plant,Austin,TX,South,334,Computer & Electronic,300,140000,Indirect Labor,COGS,729846.81,729846.81,0.0,0.0
2023-12-01,P-AUS,Austin Electronics,Plant,Austin,TX,South,334,Computer & Electronic,300,140000,Raw Materials,COGS,1728428.3,1587337.12,141091.18,8.89
2023-12-01,P-AUS,Austin Electronics,Plant,Austin,TX,South,334,Computer & Electronic,300,140000,Consumables & Tooling,COGS,224292.65,225447.17,-1154.52,-0.51
2023-12-01,P-AUS,Austin Electronics,Plant,Austin,TX,South,334,Computer & Electronic,300,140000,Utilities,Overhead,549517.13,383260.19,166256.94,43.38
2023-12-01,P-AUS,Austin Electronics,Plant,Austin,TX,South,334,Computer & Electronic,300,140000,Maintenance & Repair,Overhead,340329.33,338170.75,2158.58,0.64
2023-12-01,P-AUS,Austin Electronics,Plant,Austin,TX,South,334,Computer & Electronic,300,140000,Depreciation,Overhead,338170.75,338170.75,0.0,0.0
2023-12-01,P-AUS,Austin Electronics,Plant,Austin,TX,South,334,Computer & Electronic,300,140000,Facilities,Overhead,263021.7,263021.7,0.0,0.0
2023-12-01,P-AUS,Austin Electronics,Plant,Austin,TX,South,334,Computer & Electronic,300,140000,Freight & Logistics,Overhead,272990.44,263021.7,9968.74,3.79
2023-12-01,P-AUS,Austin Electronics,Plant,Austin,TX,South,334,Computer & Electronic,300,140000,IT & Systems,Overhead,119906.31,112723.58,7182.73,6.37
2023-12-01,P-AUS,Austin Electronics,Plant,Austin,TX,South,334,Computer & Electronic,300,140000,Other Overhead,Overhead,112458.6,112723.58,-264.98,-0.24
2024-01-01,P-AUS,Austin Electronics,Plant,Austin,TX,South,334,Computer & Electronic,300,140000,Direct Labor,COGS,1942435.15,1942435.15,0.0,0.0
2024-01-01,P-AUS,Austin Electronics,Plant,Austin,TX,South,334,Computer & Electronic,300,140000,Indirect Labor,COGS,755391.45,755391.45,0.0,0.0
2024-01-01,P-AUS,Austin Electronics,Plant,Austin,TX,South,334,Computer & Electronic,300,140000,Raw Materials,COGS,1681102.45,1536193.5,144908.95,9.43
2024-01-01,P-AUS,Austin Electronics,Plant,Austin,TX,South,334,Computer & Electronic,300,140000,Consumables & Tooling,COGS,224054.64,219274.23,4780.41,2.18
2024-01-01,P-AUS,Austin Electronics,Plant,Austin,TX,South,334,Computer & Electronic,300,140000,Utilities,Overhead,557255.88,372766.2,184489.68,49.49
2024-01-01,P-AUS,Austin Electronics,Plant,Austin,TX,South,334,Computer & Electronic,300,140000,Maintenance & Repair,Overhead,308003.88,328911.35,-20907.47,-6.36
2024-01-01,P-AUS,Austin Electronics,Plant,Austin,TX,South,334,Computer & Electronic,300,140000,Depreciation,Overhead,328911.35,328911.35,0.0,0.0
2024-01-01,P-AUS,Austin Electronics,Plant,Austin,TX,South,334,Computer & Electronic,300,140000,Facilities,Overhead,255819.94,255819.94,0.0,0.0
2024-01-01,P-AUS,Austin Electronics,Plant,Austin,TX,South,334,Computer & Electronic,300,140000,Freight & Logistics,Overhead,248871.13,255819.94,-6948.81,-2.72
2024-01-01,P-AUS,Austin Electronics,Plant,Austin,TX,South,334,Computer & Electronic,300,140000,IT & Systems,Overhead,111565.36,109637.12,1928.24,1.76
2024-01-01,P-AUS,Austin Electronics,Plant,Austin,TX,South,334,Computer & Electronic,300,140000,Other Overhead,Overhead,107273.29,109637.12,-2363.83,-2.16
2024-02-01,P-AUS,Austin Electronics,Plant,Austin,TX,South,334,Computer & Electronic,300,140000,Direct Labor,COGS,1942435.15,1942435.15,0.0,0.0
2024-02-01,P-AUS,Austin Electronics,Plant,Austin,TX,South,334,Computer & Electronic,300,140000,Indirect Labor,COGS,755391.45,755391.45,0.0,0.0
2024-02-01,P-AUS,Austin Electronics,Plant,Austin,TX,South,334,Computer & Electronic,300,140000,Raw Materials,COGS,1689577.06,1536256.33,153320.73,9.98
2024-02-01,P-AUS,Austin Electronics,Plant,Austin,TX,South,334,Computer & Electronic,300,140000,Consumables & Tooling,COGS,223138.59,220379.62,2758.97,1.25
2024-02-01,P-AUS,Austin Electronics,Plant,Austin,TX,South,334,Computer & Electronic,300,140000,Utilities,Overhead,541650.9,374645.35,167005.55,44.58
2024-02-01,P-AUS,Austin Electronics,Plant,Austin,TX,South,334,Computer & Electronic,300,140000,Maintenance & Repair,Overhead,336716.27,330569.42,6146.85,1.86
2024-02-01,P-AUS,Austin Electronics,Plant,Austin,TX,South,334,Computer & Electronic,300,140000,Depreciation,Overhead,330569.42,330569.42,0.0,0.0
2024-02-01,P-AUS,Austin Electronics,Plant,Austin,TX,South,334,Computer & Electronic,300,140000,Facilities,Overhead,257109.55,257109.55,0.0,0.0
2024-02-01,P-AUS,Austin Electronics,Plant,Austin,TX,South,334,Computer & Electronic,300,140000,Freight & Logistics,Overhead,241407.32,257109.55,-15702.23,-6.11
2024-02-01,P-AUS,Austin Electronics,Plant,Austin,TX,South,334,Computer & Electronic,300,140000,IT & Systems,Overhead,110185.7,110189.81,-4.11,-0.0
2024-02-01,P-AUS,Austin Electronics,Plant,Austin,TX,South,334,Computer & Electronic,300,140000,Other Overhead,Overhead,113425.26,110189.81,3235.45,2.94
2024-03-01,P-AUS,Austin Electronics,Plant,Austin,TX,South,334,Computer & Electronic,300,140000,Direct Labor,COGS,1942435.15,1942435.15,0.0,0.0
2024-03-01,P-AUS,Austin Electronics,Plant,Austin,TX,South,334,Computer & Electronic,300,140000,Indirect Labor,COGS,755391.45,755391.45,0.0,0.0
2024-03-01,P-AUS,Austin Electronics,Plant,Austin,TX,South,334,Computer & Electronic,300,140000,Raw Materials,COGS,1627815.01,1472735.2,155079.81,10.53
2024-03-01,P-AUS,Austin Electronics,Plant,Austin,TX,South,334,Computer & Electronic,300,140000,Consumables & Tooling,COGS,219806.06,212323.7,7482.36,3.52
2024-03-01,P-AUS,Austin Electronics,Plant,Austin,TX,South,334,Computer & Electronic,300,140000,Utilities,Overhead,469185.95,360950.28,108235.67,29.99
2024-03-01,P-AUS,Austin Electronics,Plant,Austin,TX,South,334,Computer & Electronic,300,140000,Maintenance & Repair,Overhead,301050.46,318485.54,-17435.08,-5.47
2024-03-01,P-AUS,Austin Electronics,Plant,Austin,TX,South,334,Computer & Electronic,300,140000,Depreciation,Overhead,318485.54,318485.54,0.0,0.0
2024-03-01,P-AUS,Austin Electronics,Plant,Austin,TX,South,334,Computer & Electronic,300,140000,Facilities,Overhead,247710.98,247710.98,0.0,0.0
2024-03-01,P-AUS,Austin Electronics,Plant,Austin,TX,South,334,Computer & Electronic,300,140000,Freight & Logistics,Overhead,245138.41,247710.98,-2572.57,-1.04
2024-03-01,P-AUS,Austin Electronics,Plant,Austin,TX,South,334,Computer & Electronic,300,140000,IT & Systems,Overhead,108142.08,106161.85,1980.23,1.87
2024-03-01,P-AUS,Austin Electronics,Plant,Austin,TX,South,334,Computer & Electronic,300,140000,Other Overhead,Overhead,100894.84,106161.85,-5267.01,-4.96
2024-04-01,P-AUS,Austin Electronics,Plant,Austin,TX,South,334,Computer & Electronic,300,140000,Direct Labor,COGS,1942435.15,1942435.15,0.0,0.0
2024-04-01,P-AUS,Austin Electronics,Plant,Austin,TX,South,334,Computer & Electronic,300,140000,Indirect Labor,COGS,755391.45,755391.45,0.0,0.0
2024-04-01,P-AUS,Austin Electronics,Plant,Austin,TX,South,334,Computer & Electronic,300,140000,Raw Materials,COGS,1639792.71,1476190.85,163601.86,11.08
2024-04-01,P-AUS,Austin Electronics,Plant,Austin,TX,South,334,Computer & Electronic,300,140000,Consumables & Tooling,COGS,210522.07,213886.01,-3363.94,-1.57
2024-04-01,P-AUS,Austin Electronics,Plant,Austin,TX,South,334,Computer & Electronic,300,140000,Utilities,Overhead,398829.93,363606.21,35223.72,9.69
2024-04-01,P-AUS,Austin Electronics,Plant,Austin,TX,South,334,Computer & Electronic,300,140000,Maintenance & Repair,Overhead,340836.54,320829.01,20007.53,6.24
2024-04-01,P-AUS,Austin Electronics,Plant,Austin,TX,South,334,Computer & Electronic,300,140000,Depreciation,Overhead,320829.01,320829.01,0.0,0.0
2024-04-01,P-AUS,Austin Electronics,Plant,Austin,TX,South,334,Computer & Electronic,300,140000,Facilities,Overhead,249533.67,249533.67,0.0,0.0
2024-04-01,P-AUS,Austin Electronics,Plant,Austin,TX,South,334,Computer & Electronic,300,140000,Freight & Logistics,Overhead,239541.86,249533.67,-9991.81,-4.0
2024-04-01,P-AUS,Austin Electronics,Plant,Austin,TX,South,334,Computer & Electronic,300,140000,IT & Systems,Overhead,119861.62,106943.0,12918.62,12.08
2024-04-01,P-AUS,Austin Electronics,Plant,Austin,TX,South,334,Computer & Electronic,300,140000,Other Overhead,Overhead,98342.53,106943.0,-8600.47,-8.04
2024-05-01,P-AUS,Austin Electronics,Plant,Austin,TX,South,334,Computer & Electronic,300,140000,Direct Labor,COGS,1942435.15,1942435.15,0.0,0.0
2024-05-01,P-AUS,Austin Electronics,Plant,Austin,TX,South,334,Computer & Electronic,300,140000,Indirect Labor,COGS,755391.45,755391.45,0.0,0.0
2024-05-01,P-AUS,Austin Electronics,Plant,Austin,TX,South,334,Computer & Electronic,300,140000,Raw Materials,COGS,1666509.22,1492777.97,173731.25,11.64
2024-05-01,P-AUS,Austin Electronics,Plant,Austin,TX,South,334,Computer & Electronic,300,140000,Consumables & Tooling,COGS,223436.41,217370.77,6065.64,2.79
2024-05-01,P-AUS,Austin Electronics,Plant,Austin,TX,South,334,Computer & Electronic,300,140000,Utilities,Overhead,329683.59,369530.31,-39846.72,-10.78
2024-05-01,P-AUS,Austin Electronics,Plant,Austin,TX,South,334,Computer & Electronic,300,140000,Maintenance & Repair,Overhead,350441.73,326056.15,24385.58,7.48
2024-05-01,P-AUS,Austin Electronics,Plant,Austin,TX,South,334,Computer & Electronic,300,140000,Depreciation,Overhead,326056.15,326056.15,0.0,0.0
2024-05-01,P-AUS,Austin Electronics,Plant,Austin,TX,South,334,Computer & Electronic,300,140000,Facilities,Overhead,253599.23,253599.23,0.0,0.0
2024-05-01,P-AUS,Austin Electronics,Plant,Austin,TX,South,334,Computer & Electronic,300,140000,Freight & Logistics,Overhead,276764.48,253599.23,23165.25,9.13
2024-05-01,P-AUS,Austin Electronics,Plant,Austin,TX,South,334,Computer & Electronic,300,140000,IT & Systems,Overhead,109280.54,108685.38,595.16,0.55
2024-05-01,P-AUS,Austin Electronics,Plant,Austin,TX,South,334,Computer & Electronic,300,140000,Other Overhead,Overhead,103872.77,108685.38,-4812.61,-4.43
2024-06-01,P-AUS,Austin Electronics,Plant,Austin,TX,South,334,Computer & Electronic,300,140000,Direct Labor,COGS,1942435.15,1942435.15,0.0,0.0
2024-06-01,P-AUS,Austin Electronics,Plant,Austin,TX,South,334,Computer & Electronic,300,140000,Indirect Labor,COGS,755391.45,755391.45,0.0,0.0
2024-06-01,P-AUS,Austin Electronics,Plant,Austin,TX,South,334,Computer & Electronic,300,140000,Raw Materials,COGS,1719181.83,1532298.04,186883.79,12.2
2024-06-01,P-AUS,Austin Electronics,Plant,Austin,TX,South,334,Computer & Electronic,300,140000,Consumables & Tooling,COGS,208886.19,224241.11,-15354.92,-6.85
2024-06-01,P-AUS,Austin Electronics,Plant,Austin,TX,South,334,Computer & Electronic,300,140000,Utilities,Overhead,282876.39,381209.88,-98333.49,-25.8
2024-06-01,P-AUS,Austin Electronics,Plant,Austin,TX,South,334,Computer & Electronic,300,140000,Maintenance & Repair,Overhead,353303.92,336361.66,16942.26,5.04
2024-06-01,P-AUS,Austin Electronics,Plant,Austin,TX,South,334,Computer & Electronic,300,140000,Depreciation,Overhead,336361.66,336361.66,0.0,0.0
2024-06-01,P-AUS,Austin Electronics,Plant,Austin,TX,South,334,Computer & Electronic,300,140000,Facilities,Overhead,261614.63,261614.63,0.0,0.0
2024-06-01,P-AUS,Austin Electronics,Plant,Austin,TX,South,334,Computer & Electronic,300,140000,Freight & Logistics,Overhead,264134.8,261614.63,2520.17,0.96
2024-06-01,P-AUS,Austin Electronics,Plant,Austin,TX,South,334,Computer & Electronic,300,140000,IT & Systems,Overhead,112507.12,112120.55,386.57,0.34
2024-06-01,P-AUS,Austin Electronics,Plant,Austin,TX,South,334,Computer & Electronic,300,140000,Other Overhead,Overhead,113354.01,112120.55,1233.46,1.1
2024-07-01,P-AUS,Austin Electronics,Plant,Austin,TX,South,334,Computer & Electronic,300,140000,Direct Labor,COGS,1942435.15,1942435.15,0.0,0.0
2024-07-01,P-AUS,Austin Electronics,Plant,Austin,TX,South,334,Computer & Electronic,300,140000,Indirect Labor,COGS,755391.45,755391.45,0.0,0.0
2024-07-01,P-AUS,Austin Electronics,Plant,Austin,TX,South,334,Computer & Electronic,300,140000,Raw Materials,COGS,1764900.73,1565220.96,199679.77,12.76
2024-07-01,P-AUS,Austin Electronics,Plant,Austin,TX,South,334,Computer & Electronic,300,140000,Consumables & Tooling,COGS,220343.23,230204.44,-9861.21,-4.28
2024-07-01,P-AUS,Austin Electronics,Plant,Austin,TX,South,334,Computer & Electronic,300,140000,Utilities,Overhead,269481.01,391347.55,-121866.54,-31.14
2024-07-01,P-AUS,Austin Electronics,Plant,Austin,TX,South,334,Computer & Electronic,300,140000,Maintenance & Repair,Overhead,337690.24,345306.66,-7616.42,-2.21
2024-07-01,P-AUS,Austin Electronics,Plant,Austin,TX,South,334,Computer & Electronic,300,140000,Depreciation,Overhead,345306.66,345306.66,0.0,0.0
2024-07-01,P-AUS,Austin Electronics,Plant,Austin,TX,South,334,Computer & Electronic,300,140000,Facilities,Overhead,268571.85,268571.85,0.0,0.0
2024-07-01,P-AUS,Austin Electronics,Plant,Austin,TX,South,334,Computer & Electronic,300,140000,Freight & Logistics,Overhead,277790.03,268571.85,9218.18,3.43
2024-07-01,P-AUS,Austin Electronics,Plant,Austin,TX,South,334,Computer & Electronic,300,140000,IT & Systems,Overhead,103175.74,115102.22,-11926.48,-10.36
2024-07-01,P-AUS,Austin Electronics,Plant,Austin,TX,South,334,Computer & Electronic,300,140000,Other Overhead,Overhead,116278.1,115102.22,1175.88,1.02
2024-08-01,P-AUS,Austin Electronics,Plant,Austin,TX,South,334,Computer & Electronic,300,140000,Direct Labor,COGS,1942435.15,1942435.15,0.0,0.0
2024-08-01,P-AUS,Austin Electronics,Plant,Austin,TX,South,334,Computer & Electronic,300,140000,Indirect Labor,COGS,755391.45,755391.45,0.0,0.0
2024-08-01,P-AUS,Austin Electronics,Plant,Austin,TX,South,334,Computer & Electronic,300,140000,Raw Materials,COGS,1904661.36,1680765.33,223896.03,13.32
2024-08-01,P-AUS,Austin Electronics,Plant,Austin,TX,South,334,Computer & Electronic,300,140000,Consumables & Tooling,COGS,270981.38,248434.09,22547.29,9.08
2024-08-01,P-AUS,Austin Electronics,Plant,Austin,TX,South,334,Computer & Electronic,300,140000,Utilities,Overhead,316012.5,422337.95,-106325.45,-25.18
2024-08-01,P-AUS,Austin Electronics,Plant,Austin,TX,South,334,Computer & Electronic,300,140000,Maintenance & Repair,Overhead,388872.3,372651.14,16221.16,4.35
2024-08-01,P-AUS,Austin Electronics,Plant,Austin,TX,South,334,Computer & Electronic,300,140000,Depreciation,Overhead,372651.14,372651.14,0.0,0.0
2024-08-01,P-AUS,Austin Electronics,Plant,Austin,TX,South,334,Computer & Electronic,300,140000,Facilities,Overhead,289839.77,289839.77,0.0,0.0
2024-08-01,P-AUS,Austin Electronics,Plant,Austin,TX,South,334,Computer & Electronic,300,140000,Freight & Logistics,Overhead,285610.54,289839.77,-4229.23,-1.46
2024-08-01,P-AUS,Austin Electronics,Plant,Austin,TX,South,334,Computer & Electronic,300,140000,IT & Systems,Overhead,125399.22,124217.05,1182.17,0.95
2024-08-01,P-AUS,Austin Electronics,Plant,Austin,TX,South,334,Computer & Electronic,300,140000,Other Overhead,Overhead,131658.14,124217.05,7441.09,5.99
2024-09-01,P-AUS,Austin Electronics,Plant,Austin,TX,South,334,Computer & Electronic,300,140000,Direct Labor,COGS,1942435.15,1942435.15,0.0,0.0
2024-09-01,P-AUS,Austin Electronics,Plant,Austin,TX,South,334,Computer & Electronic,300,140000,Indirect Labor,COGS,755391.45,755391.45,0.0,0.0
2024-09-01,P-AUS,Austin Electronics,Plant,Austin,TX,South,334,Computer & Electronic,300,140000,Raw Materials,COGS,1871465.95,1643255.82,228210.13,13.89
2024-09-01,P-AUS,Austin Electronics,Plant,Austin,TX,South,334,Computer & Electronic,300,140000,Consumables & Tooling,COGS,239883.02,244104.25,-4221.23,-1.73
2024-09-01,P-AUS,Austin Electronics,Plant,Austin,TX,South,334,Computer & Electronic,300,140000,Utilities,Overhead,376439.12,414977.23,-38538.11,-9.29
2024-09-01,P-AUS,Austin Electronics,Plant,Austin,TX,South,334,Computer & Electronic,300,140000,Maintenance & Repair,Overhead,348364.2,366156.38,-17792.18,-4.86
2024-09-01,P-AUS,Austin Electronics,Plant,Austin,TX,South,334,Computer & Electronic,300,140000,Depreciation,Overhead,366156.38,366156.38,0.0,0.0
2024-09-01,P-AUS,Austin Electronics,Plant,Austin,TX,South,334,Computer & Electronic,300,140000,Facilities,Overhead,284788.3,284788.3,0.0,0.0
2024-09-01,P-AUS,Austin Electronics,Plant,Austin,TX,South,334,Computer & Electronic,300,140000,Freight & Logistics,Overhead,272069.39,284788.3,-12718.91,-4.47
2024-09-01,P-AUS,Austin Electronics,Plant,Austin,TX,South,334,Computer & Electronic,300,140000,IT & Systems,Overhead,117073.48,122052.13,-4978.65,-4.08
2024-09-01,P-AUS,Austin Electronics,Plant,Austin,TX,South,334,Computer & Electronic,300,140000,Other Overhead,Overhead,125593.3,122052.13,3541.17,2.9
2024-10-01,P-AUS,Austin Electronics,Plant,Austin,TX,South,334,Computer & Electronic,300,140000,Direct Labor,COGS,1942435.15,1942435.15,0.0,0.0
2024-10-01,P-AUS,Austin Electronics,Plant,Austin,TX,South,334,Computer & Electronic,300,140000,Indirect Labor,COGS,755391.45,755391.45,0.0,0.0
2024-10-01,P-AUS,Austin Electronics,Plant,Austin,TX,South,334,Computer & Electronic,300,140000,Raw Materials,COGS,1977834.47,1728013.49,249820.98,14.46
2024-10-01,P-AUS,Austin Electronics,Plant,Austin,TX,South,334,Computer & Electronic,300,140000,Consumables & Tooling,COGS,272953.76,257978.41,14975.35,5.8
2024-10-01,P-AUS,Austin Electronics,Plant,Austin,TX,South,334,Computer & Electronic,300,140000,Utilities,Overhead,493200.53,438563.3,54637.23,12.46
2024-10-01,P-AUS,Austin Electronics,Plant,Austin,TX,South,334,Computer & Electronic,300,140000,Maintenance & Repair,Overhead,372409.79,386967.61,-14557.82,-3.76
2024-10-01,P-AUS,Austin Electronics,Plant,Austin,TX,South,334,Computer & Electronic,300,140000,Depreciation,Overhead,386967.61,386967.61,0.0,0.0
2024-10-01,P-AUS,Austin Electronics,Plant,Austin,TX,South,334,Computer & Electronic,300,140000,Facilities,Overhead,300974.81,300974.81,0.0,0.0
2024-10-01,P-AUS,Austin Electronics,Plant,Austin,TX,South,334,Computer & Electronic,300,140000,Freight & Logistics,Overhead,314128.51,300974.81,13153.7,4.37
2024-10-01,P-AUS,Austin Electronics,Plant,Austin,TX,South,334,Computer & Electronic,300,140000,IT & Systems,Overhead,132193.35,128989.2,3204.15,2.48
2024-10-01,P-AUS,Austin Electronics,Plant,Austin,TX,South,334,Computer & Electronic,300,140000,Other Overhead,Overhead,117322.1,128989.2,-11667.1,-9.05
2024-11-01,P-AUS,Austin Electronics,Plant,Austin,TX,South,334,Computer & Electronic,300,140000,Direct Labor,COGS,1942435.15,1942435.15,0.0,0.0
2024-11-01,P-AUS,Austin Electronics,Plant,Austin,TX,South,334,Computer & Electronic,300,140000,Indirect Labor,COGS,755391.45,755391.45,0.0,0.0
2024-11-01,P-AUS,Austin Electronics,Plant,Austin,TX,South,334,Computer & Electronic,300,140000,Raw Materials,COGS,2089194.9,1816226.81,272968.09,15.03
2024-11-01,P-AUS,Austin Electronics,Plant,Austin,TX,South,334,Computer & Electronic,300,140000,Consumables & Tooling,COGS,238624.5,272503.68,-33879.18,-12.43
2024-11-01,P-AUS,Austin Electronics,Plant,Austin,TX,South,334,Computer & Electronic,300,140000,Utilities,Overhead,622537.21,463256.26,159280.95,34.38
2024-11-01,P-AUS,Austin Electronics,Plant,Austin,TX,South,334,Computer & Electronic,300,140000,Maintenance & Repair,Overhead,433764.06,408755.52,25008.54,6.12
2024-11-01,P-AUS,Austin Electronics,Plant,Austin,TX,South,334,Computer & Electronic,300,140000,Depreciation,Overhead,408755.52,408755.52,0.0,0.0
2024-11-01,P-AUS,Austin Electronics,Plant,Austin,TX,South,334,Computer & Electronic,300,140000,Facilities,Overhead,317920.96,317920.96,0.0,0.0
2024-11-01,P-AUS,Austin Electronics,Plant,Austin,TX,South,334,Computer & Electronic,300,140000,Freight & Logistics,Overhead,313632.04,317920.96,-4288.92,-1.35
2024-11-01,P-AUS,Austin Electronics,Plant,Austin,TX,South,334,Computer & Electronic,300,140000,IT & Systems,Overhead,129880.56,136251.84,-6371.28,-4.68
2024-11-01,P-AUS,Austin Electronics,Plant,Austin,TX,South,334,Computer & Electronic,300,140000,Other Overhead,Overhead,140128.68,136251.84,3876.84,2.85
2024-12-01,P-AUS,Austin Electronics,Plant,Austin,TX,South,334,Computer & Electronic,300,140000,Direct Labor,COGS,1942435.15,1942435.15,0.0,0.0
2024-12-01,P-AUS,Austin Electronics,Plant,Austin,TX,South,334,Computer & Electronic,300,140000,Indirect Labor,COGS,755391.45,755391.45,0.0,0.0
2024-12-01,P-AUS,Austin Electronics,Plant,Austin,TX,South,334,Computer & Electronic,300,140000,Raw Materials,COGS,1998461.24,1728704.62,269756.62,15.6
2024-12-01,P-AUS,Austin Electronics,Plant,Austin,TX,South,334,Computer & Electronic,300,140000,Consumables & Tooling,COGS,240497.48,260668.86,-20171.38,-7.74
2024-12-01,P-AUS,Austin Electronics,Plant,Austin,TX,South,334,Computer & Electronic,300,140000,Utilities,Overhead,667875.03,443137.06,224737.97,50.72
2024-12-01,P-AUS,Austin Electronics,Plant,Austin,TX,South,334,Computer & Electronic,300,140000,Maintenance & Repair,Overhead,407996.51,391003.29,16993.22,4.35
2024-12-01,P-AUS,Austin Electronics,Plant,Austin,TX,South,334,Computer & Electronic,300,140000,Depreciation,Overhead,391003.29,391003.29,0.0,0.0
2024-12-01,P-AUS,Austin Electronics,Plant,Austin,TX,South,334,Computer & Electronic,300,140000,Facilities,Overhead,304113.67,304113.67,0.0,0.0
2024-12-01,P-AUS,Austin Electronics,Plant,Austin,TX,South,334,Computer & Electronic,300,140000,Freight & Logistics,Overhead,274805.73,304113.67,-29307.94,-9.64
2024-12-01,P-AUS,Austin Electronics,Plant,Austin,TX,South,334,Computer & Electronic,300,140000,IT & Systems,Overhead,134974.02,130334.43,4639.59,3.56
2024-12-01,P-AUS,Austin Electronics,Plant,Austin,TX,South,334,Computer & Electronic,300,140000,Other Overhead,Overhead,136605.86,130334.43,6271.43,4.81
2022-01-01,P-GRN,Greenville Drivetrain,Plant,Greenville,SC,South,336,Transportation Equipment,480,260000,Direct Labor,COGS,2263564.8,2263564.8,0.0,0.0
2022-01-01,P-GRN,Greenville Drivetrain,Plant,Greenville,SC,South,336,Transportation Equipment,480,260000,Indirect Labor,COGS,880275.2,880275.2,0.0,0.0
2022-01-01,P-GRN,Greenville Drivetrain,Plant,Greenville,SC,South,336,Transportation Equipment,480,260000,Raw Materials,COGS,2379968.0,2451367.04,-71399.04,-2.91
2022-01-01,P-GRN,Greenville Drivetrain,Plant,Greenville,SC,South,336,Transportation Equipment,480,260000,Consumables & Tooling,COGS,323446.53,310430.61,13015.92,4.19
2022-01-01,P-GRN,Greenville Drivetrain,Plant,Greenville,SC,South,336,Transportation Equipment,480,260000,Utilities,Overhead,713990.4,527732.03,186258.37,35.29
2022-01-01,P-GRN,Greenville Drivetrain,Plant,Greenville,SC,South,336,Transportation Equipment,480,260000,Maintenance & Repair,Overhead,441869.15,465645.91,-23776.76,-5.11
2022-01-01,P-GRN,Greenville Drivetrain,Plant,Greenville,SC,South,336,Transportation Equipment,480,260000,Depreciation,Overhead,465645.91,465645.91,0.0,0.0
2022-01-01,P-GRN,Greenville Drivetrain,Plant,Greenville,SC,South,336,Transportation Equipment,480,260000,Facilities,Overhead,217301.43,217301.43,0.0,0.0
2022-01-01,P-GRN,Greenville Drivetrain,Plant,Greenville,SC,South,336,Transportation Equipment,480,260000,Freight & Logistics,Overhead,304966.65,362169.04,-57202.39,-15.79
2022-01-01,P-GRN,Greenville Drivetrain,Plant,Greenville,SC,South,336,Transportation Equipment,480,260000,IT & Systems,Overhead,164948.13,155215.3,9732.83,6.27
2022-01-01,P-GRN,Greenville Drivetrain,Plant,Greenville,SC,South,336,Transportation Equipment,480,260000,Other Overhead,Overhead,168750.65,155215.3,13535.35,8.72
2022-02-01,P-GRN,Greenville Drivetrain,Plant,Greenville,SC,South,336,Transportation Equipment,480,260000,Direct Labor,COGS,2263564.8,2263564.8,0.0,0.0
2022-02-01,P-GRN,Greenville Drivetrain,Plant,Greenville,SC,South,336,Transportation Equipment,480,260000,Indirect Labor,COGS,880275.2,880275.2,0.0,0.0
2022-02-01,P-GRN,Greenville Drivetrain,Plant,Greenville,SC,South,336,Transportation Equipment,480,260000,Raw Materials,COGS,2302370.58,2359643.48,-57272.9,-2.43
2022-02-01,P-GRN,Greenville Drivetrain,Plant,Greenville,SC,South,336,Transportation Equipment,480,260000,Consumables & Tooling,COGS,274108.26,300309.21,-26200.95,-8.72
2022-02-01,P-GRN,Greenville Drivetrain,Plant,Greenville,SC,South,336,Transportation Equipment,480,260000,Utilities,Overhead,668001.56,510525.65,157475.91,30.85
2022-02-01,P-GRN,Greenville Drivetrain,Plant,Greenville,SC,South,336,Transportation Equipment,480,260000,Maintenance & Repair,Overhead,405931.74,450463.81,-44532.07,-9.89
2022-02-01,P-GRN,Greenville Drivetrain,Plant,Greenville,SC,South,336,Transportation Equipment,480,260000,Depreciation,Overhead,450463.81,450463.81,0.0,0.0
2022-02-01,P-GRN,Greenville Drivetrain,Plant,Greenville,SC,South,336,Transportation Equipment,480,260000,Facilities,Overhead,210216.44,210216.44,0.0,0.0
2022-02-01,P-GRN,Greenville Drivetrain,Plant,Greenville,SC,South,336,Transportation Equipment,480,260000,Freight & Logistics,Overhead,345124.13,350360.74,-5236.61,-1.49
2022-02-01,P-GRN,Greenville Drivetrain,Plant,Greenville,SC,South,336,Transportation Equipment,480,260000,IT & Systems,Overhead,145707.36,150154.6,-4447.24,-2.96
2022-02-01,P-GRN,Greenville Drivetrain,Plant,Greenville,SC,South,336,Transportation Equipment,480,260000,Other Overhead,Overhead,146209.86,150154.6,-3944.74,-2.63
2022-03-01,P-GRN,Greenville Drivetrain,Plant,Greenville,SC,South,336,Transportation Equipment,480,260000,Direct Labor,COGS,2263564.8,2263564.8,0.0,0.0
2022-03-01,P-GRN,Greenville Drivetrain,Plant,Greenville,SC,South,336,Transportation Equipment,480,260000,Indirect Labor,COGS,880275.2,880275.2,0.0,0.0
2022-03-01,P-GRN,Greenville Drivetrain,Plant,Greenville,SC,South,336,Transportation Equipment,480,260000,Raw Materials,COGS,2127201.53,2169270.64,-42069.11,-1.94
2022-03-01,P-GRN,Greenville Drivetrain,Plant,Greenville,SC,South,336,Transportation Equipment,480,260000,Consumables & Tooling,COGS,268483.46,277461.07,-8977.61,-3.24
2022-03-01,P-GRN,Greenville Drivetrain,Plant,Greenville,SC,South,336,Transportation Equipment,480,260000,Utilities,Overhead,554893.16,471683.82,83209.34,17.64
2022-03-01,P-GRN,Greenville Drivetrain,Plant,Greenville,SC,South,336,Transportation Equipment,480,260000,Maintenance & Repair,Overhead,371745.08,416191.6,-44446.52,-10.68
2022-03-01,P-GRN,Greenville Drivetrain,Plant,Greenville,SC,South,336,Transportation Equipment,480,260000,Depreciation,Overhead,416191.6,416191.6,0.0,0.0
2022-03-01,P-GRN,Greenville Drivetrain,Plant,Greenville,SC,South,336,Transportation Equipment,480,260000,Facilities,Overhead,194222.75,194222.75,0.0,0.0
2022-03-01,P-GRN,Greenville Drivetrain,Plant,Greenville,SC,South,336,Transportation Equipment,480,260000,Freight & Logistics,Overhead,315265.38,323704.58,-8439.2,-2.61
2022-03-01,P-GRN,Greenville Drivetrain,Plant,Greenville,SC,South,336,Transportation Equipment,480,260000,IT & Systems,Overhead,130823.91,138730.53,-7906.62,-5.7
2022-03-01,P-GRN,Greenville Drivetrain,Plant,Greenville,SC,South,336,Transportation Equipment,480,260000,Other Overhead,Overhead,131667.46,138730.53,-7063.07,-5.09
2022-04-01,P-GRN,Greenville Drivetrain,Plant,Greenville,SC,South,336,Transportation Equipment,480,260000,Direct Labor,COGS,2263564.8,2263564.8,0.0,0.0
2022-04-01,P-GRN,Greenville Drivetrain,Plant,Greenville,SC,South,336,Transportation Equipment,480,260000,Indirect Labor,COGS,880275.2,880275.2,0.0,0.0
2022-04-01,P-GRN,Greenville Drivetrain,Plant,Greenville,SC,South,336,Transportation Equipment,480,260000,Raw Materials,COGS,2175210.58,2207193.18,-31982.6,-1.45
2022-04-01,P-GRN,Greenville Drivetrain,Plant,Greenville,SC,South,336,Transportation Equipment,480,260000,Consumables & Tooling,COGS,297379.95,283723.12,13656.83,4.81
2022-04-01,P-GRN,Greenville Drivetrain,Plant,Greenville,SC,South,336,Transportation Equipment,480,260000,Utilities,Overhead,478807.43,482329.3,-3521.87,-0.73
2022-04-01,P-GRN,Greenville Drivetrain,Plant,Greenville,SC,South,336,Transportation Equipment,480,260000,Maintenance & Repair,Overhead,440903.19,425584.68,15318.51,3.6
2022-04-01,P-GRN,Greenville Drivetrain,Plant,Greenville,SC,South,336,Transportation Equipment,480,260000,Depreciation,Overhead,425584.68,425584.68,0.0,0.0
2022-04-01,P-GRN,Greenville Drivetrain,Plant,Greenville,SC,South,336,Transportation Equipment,480,260000,Facilities,Overhead,198606.18,198606.18,0.0,0.0
2022-04-01,P-GRN,Greenville Drivetrain,Plant,Greenville,SC,South,336,Transportation Equipment,480,260000,Freight & Logistics,Overhead,336759.83,331010.31,5749.52,1.74
2022-04-01,P-GRN,Greenville Drivetrain,Plant,Greenville,SC,South,336,Transportation Equipment,480,260000,IT & Systems,Overhead,139086.28,141861.56,-2775.28,-1.96
2022-04-01,P-GRN,Greenville Drivetrain,Plant,Greenville,SC,South,336,Transportation Equipment,480,260000,Other Overhead,Overhead,142888.94,141861.56,1027.38,0.72
2022-05-01,P-GRN,Greenville Drivetrain,Plant,Greenville,SC,South,336,Transportation Equipment,480,260000,Direct Labor,COGS,2263564.8,2263564.8,0.0,0.0
2022-05-01,P-GRN,Greenville Drivetrain,Plant,Greenville,SC,South,336,Transportation Equipment,480,260000,Indirect Labor,COGS,880275.2,880275.2,0.0,0.0
2022-05-01,P-GRN,Greenville Drivetrain,Plant,Greenville,SC,South,336,Transportation Equipment,480,260000,Raw Materials,COGS,2013135.41,2032572.13,-19436.72,-0.96
2022-05-01,P-GRN,Greenville Drivetrain,Plant,Greenville,SC,South,336,Transportation Equipment,480,260000,Consumables & Tooling,COGS,260107.34,262582.88,-2475.54,-0.94
2022-05-01,P-GRN,Greenville Drivetrain,Plant,Greenville,SC,South,336,Transportation Equipment,480,260000,Utilities,Overhead,360432.03,446390.9,-85958.87,-19.26
2022-05-01,P-GRN,Greenville Drivetrain,Plant,Greenville,SC,South,336,Transportation Equipment,480,260000,Maintenance & Repair,Overhead,415166.01,393874.32,21291.69,5.41
2022-05-01,P-GRN,Greenville Drivetrain,Plant,Greenville,SC,South,336,Transportation Equipment,480,260000,Depreciation,Overhead,393874.32,393874.32,0.0,0.0
2022-05-01,P-GRN,Greenville Drivetrain,Plant,Greenville,SC,South,336,Transportation Equipment,480,260000,Facilities,Overhead,183808.02,183808.02,0.0,0.0
2022-05-01,P-GRN,Greenville Drivetrain,Plant,Greenville,SC,South,336,Transportation Equipment,480,260000,Freight & Logistics,Overhead,304723.31,306346.69,-1623.38,-0.53
2022-05-01,P-GRN,Greenville Drivetrain,Plant,Greenville,SC,South,336,Transportation Equipment,480,260000,IT & Systems,Overhead,131462.32,131291.44,170.88,0.13
2022-05-01,P-GRN,Greenville Drivetrain,Plant,Greenville,SC,South,336,Transportation Equipment,480,260000,Other Overhead,Overhead,127245.72,131291.44,-4045.72,-3.08
2022-06-01,P-GRN,Greenville Drivetrain,Plant,Greenville,SC,South,336,Transportation Equipment,480,260000,Direct Labor,COGS,2263564.8,2263564.8,0.0,0.0
2022-06-01,P-GRN,Greenville Drivetrain,Plant,Greenville,SC,South,336,Transportation Equipment,480,260000,Indirect Labor,COGS,880275.2,880275.2,0.0,0.0
2022-06-01,P-GRN,Greenville Drivetrain,Plant,Greenville,SC,South,336,Transportation Equipment,480,260000,Raw Materials,COGS,2146112.31,2156052.65,-9940.34,-0.46
2022-06-01,P-GRN,Greenville Drivetrain,Plant,Greenville,SC,South,336,Transportation Equipment,480,260000,Consumables & Tooling,COGS,283046.44,279927.69,3118.75,1.11
2022-06-01,P-GRN,Greenville Drivetrain,Plant,Greenville,SC,South,336,Transportation Equipment,480,260000,Utilities,Overhead,319586.27,475877.08,-156290.81,-32.84
2022-06-01,P-GRN,Greenville Drivetrain,Plant,Greenville,SC,South,336,Transportation Equipment,480,260000,Maintenance & Repair,Overhead,440711.62,419891.54,20820.08,4.96
2022-06-01,P-GRN,Greenville Drivetrain,Plant,Greenville,SC,South,336,Transportation Equipment,480,260000,Depreciation,Overhead,419891.54,419891.54,0.0,0.0
2022-06-01,P-GRN,Greenville Drivetrain,Plant,Greenville,SC,South,336,Transportation Equipment,480,260000,Facilities,Overhead,195949.38,195949.38,0.0,0.0
2022-06-01,P-GRN,Greenville Drivetrain,Plant,Greenville,SC,South,336,Transportation Equipment,480,260000,Freight & Logistics,Overhead,322560.03,326582.31,-4022.28,-1.23
2022-06-01,P-GRN,Greenville Drivetrain,Plant,Greenville,SC,South,336,Transportation Equipment,480,260000,IT & Systems,Overhead,144480.62,139963.85,4516.77,3.23
2022-06-01,P-GRN,Greenville Drivetrain,Plant,Greenville,SC,South,336,Transportation Equipment,480,260000,Other Overhead,Overhead,149794.04,139963.85,9830.19,7.02
2022-07-01,P-GRN,Greenville Drivetrain,Plant,Greenville,SC,South,336,Transportation Equipment,480,260000,Direct Labor,COGS,2263564.8,2263564.8,0.0,0.0
2022-07-01,P-GRN,Greenville Drivetrain,Plant,Greenville,SC,South,336,Transportation Equipment,480,260000,Indirect Labor,COGS,880275.2,880275.2,0.0,0.0
2022-07-01,P-GRN,Greenville Drivetrain,Plant,Greenville,SC,South,336,Transportation Equipment,480,260000,Raw Materials,COGS,2249402.72,2248578.58,824.14,0.04
2022-07-01,P-GRN,Greenville Drivetrain,Plant,Greenville,SC,South,336,Transportation Equipment,480,260000,Consumables & Tooling,COGS,288194.93,293400.35,-5205.42,-1.77
2022-07-01,P-GRN,Greenville Drivetrain,Plant,Greenville,SC,South,336,Transportation Equipment,480,260000,Utilities,Overhead,310839.27,498780.6,-187941.33,-37.68
2022-07-01,P-GRN,Greenville Drivetrain,Plant,Greenville,SC,South,336,Transportation Equipment,480,260000,Maintenance & Repair,Overhead,410155.41,440100.53,-29945.12,-6.8
2022-07-01,P-GRN,Greenville Drivetrain,Plant,Greenville,SC,South,336,Transportation Equipment,480,260000,Depreciation,Overhead,440100.53,440100.53,0.0,0.0
2022-07-01,P-GRN,Greenville Drivetrain,Plant,Greenville,SC,South,336,Transportation Equipment,480,260000,Facilities,Overhead,205380.25,205380.25,0.0,0.0
2022-07-01,P-GRN,Greenville Drivetrain,Plant,Greenville,SC,South,336,Transportation Equipment,480,260000,Freight & Logistics,Overhead,335796.23,342300.41,-6504.18,-1.9
2022-07-01,P-GRN,Greenville Drivetrain,Plant,Greenville,SC,South,336,Transportation Equipment,480,260000,IT & Systems,Overhead,153156.95,146700.18,6456.77,4.4
2022-07-01,P-GRN,Greenville Drivetrain,Plant,Greenville,SC,South,336,Transportation Equipment,480,260000,Other Overhead,Overhead,143156.45,146700.18,-3543.73,-2.42
2022-08-01,P-GRN,Greenville Drivetrain,Plant,Greenville,SC,South,336,Transportation Equipment,480,260000,Direct Labor,COGS,2263564.8,2263564.8,0.0,0.0
2022-08-01,P-GRN,Greenville Drivetrain,Plant,Greenville,SC,South,336,Transportation Equipment,480,260000,Indirect Labor,COGS,880275.2,880275.2,0.0,0.0
2022-08-01,P-GRN,Greenville Drivetrain,Plant,Greenville,SC,South,336,Transportation Equipment,480,260000,Raw Materials,COGS,2341996.78,2329491.26,12505.52,0.54
2022-08-01,P-GRN,Greenville Drivetrain,Plant,Greenville,SC,South,336,Transportation Equipment,480,260000,Consumables & Tooling,COGS,324777.83,305477.84,19299.99,6.32
2022-08-01,P-GRN,Greenville Drivetrain,Plant,Greenville,SC,South,336,Transportation Equipment,480,260000,Utilities,Overhead,351668.57,519312.33,-167643.76,-32.28
2022-08-01,P-GRN,Greenville Drivetrain,Plant,Greenville,SC,South,336,Transportation Equipment,480,260000,Maintenance & Repair,Overhead,457743.91,458216.76,-472.85,-0.1
2022-08-01,P-GRN,Greenville Drivetrain,Plant,Greenville,SC,South,336,Transportation Equipment,480,260000,Depreciation,Overhead,458216.76,458216.76,0.0,0.0
2022-08-01,P-GRN,Greenville Drivetrain,Plant,Greenville,SC,South,336,Transportation Equipment,480,260000,Facilities,Overhead,213834.49,213834.49,0.0,0.0
2022-08-01,P-GRN,Greenville Drivetrain,Plant,Greenville,SC,South,336,Transportation Equipment,480,260000,Freight & Logistics,Overhead,340355.24,356390.81,-16035.57,-4.5
2022-08-01,P-GRN,Greenville Drivetrain,Plant,Greenville,SC,South,336,Transportation Equipment,480,260000,IT & Systems,Overhead,150442.15,152738.92,-2296.77,-1.5
2022-08-01,P-GRN,Greenville Drivetrain,Plant,Greenville,SC,South,336,Transportation Equipment,480,260000,Other Overhead,Overhead,135143.16,152738.92,-17595.76,-11.52
2022-09-01,P-GRN,Greenville Drivetrain,Plant,Greenville,SC,South,336,Transportation Equipment,480,260000,Direct Labor,COGS,2263564.8,2263564.8,0.0,0.0
2022-09-01,P-GRN,Greenville Drivetrain,Plant,Greenville,SC,South,336,Transportation Equipment,480,260000,Indirect Labor,COGS,880275.2,880275.2,0.0,0.0
2022-09-01,P-GRN,Greenville Drivetrain,Plant,Greenville,SC,South,336,Transportation Equipment,480,260000,Raw Materials,COGS,2363989.99,2339668.69,24321.3,1.04
2022-09-01,P-GRN,Greenville Drivetrain,Plant,Greenville,SC,South,336,Transportation Equipment,480,260000,Consumables & Tooling,COGS,295509.5,308346.52,-12837.02,-4.16
2022-09-01,P-GRN,Greenville Drivetrain,Plant,Greenville,SC,South,336,Transportation Equipment,480,260000,Utilities,Overhead,430347.44,524189.08,-93841.64,-17.9
2022-09-01,P-GRN,Greenville Drivetrain,Plant,Greenville,SC,South,336,Transportation Equipment,480,260000,Maintenance & Repair,Overhead,472640.1,462519.78,10120.32,2.19
2022-09-01,P-GRN,Greenville Drivetrain,Plant,Greenville,SC,South,336,Transportation Equipment,480,260000,Depreciation,Overhead,462519.78,462519.78,0.0,0.0
2022-09-01,P-GRN,Greenville Drivetrain,Plant,Greenville,SC,South,336,Transportation Equipment,480,260000,Facilities,Overhead,215842.56,215842.56,0.0,0.0
2022-09-01,P-GRN,Greenville Drivetrain,Plant,Greenville,SC,South,336,Transportation Equipment,480,260000,Freight & Logistics,Overhead,361308.73,359737.61,1571.12,0.44
2022-09-01,P-GRN,Greenville Drivetrain,Plant,Greenville,SC,South,336,Transportation Equipment,480,260000,IT & Systems,Overhead,154998.92,154173.26,825.66,0.54
2022-09-01,P-GRN,Greenville Drivetrain,Plant,Greenville,SC,South,336,Transportation Equipment,480,260000,Other Overhead,Overhead,161569.88,154173.26,7396.62,4.8
2022-10-01,P-GRN,Greenville Drivetrain,Plant,Greenville,SC,South,336,Transportation Equipment,480,260000,Direct Labor,COGS,2263564.8,2263564.8,0.0,0.0
2022-10-01,P-GRN,Greenville Drivetrain,Plant,Greenville,SC,South,336,Transportation Equipment,480,260000,Indirect Labor,COGS,880275.2,880275.2,0.0,0.0
2022-10-01,P-GRN,Greenville Drivetrain,Plant,Greenville,SC,South,336,Transportation Equipment,480,260000,Raw Materials,COGS,2458529.96,2421130.36,37399.6,1.54
2022-10-01,P-GRN,Greenville Drivetrain,Plant,Greenville,SC,South,336,Transportation Equipment,480,260000,Consumables & Tooling,COGS,302634.62,320677.82,-18043.2,-5.63
2022-10-01,P-GRN,Greenville Drivetrain,Plant,Greenville,SC,South,336,Transportation Equipment,480,260000,Utilities,Overhead,554842.71,545152.3,9690.41,1.78
2022-10-01,P-GRN,Greenville Drivetrain,Plant,Greenville,SC,South,336,Transportation Equipment,480,260000,Maintenance & Repair,Overhead,507090.66,481016.73,26073.93,5.42
2022-10-01,P-GRN,Greenville Drivetrain,Plant,Greenville,SC,South,336,Transportation Equipment,480,260000,Depreciation,Overhead,481016.73,481016.73,0.0,0.0
2022-10-01,P-GRN,Greenville Drivetrain,Plant,Greenville,SC,South,336,Transportation Equipment,480,260000,Facilities,Overhead,224474.47,224474.47,0.0,0.0
2022-10-01,P-GRN,Greenville Drivetrain,Plant,Greenville,SC,South,336,Transportation Equipment,480,260000,Freight & Logistics,Overhead,357432.03,374124.12,-16692.09,-4.46
2022-10-01,P-GRN,Greenville Drivetrain,Plant,Greenville,SC,South,336,Transportation Equipment,480,260000,IT & Systems,Overhead,163666.68,160338.91,3327.77,2.08
2022-10-01,P-GRN,Greenville Drivetrain,Plant,Greenville,SC,South,336,Transportation Equipment,480,260000,Other Overhead,Overhead,166288.31,160338.91,5949.4,3.71
2022-11-01,P-GRN,Greenville Drivetrain,Plant,Greenville,SC,South,336,Transportation Equipment,480,260000,Direct Labor,COGS,2263564.8,2263564.8,0.0,0.0
2022-11-01,P-GRN,Greenville Drivetrain,Plant,Greenville,SC,South,336,Transportation Equipment,480,260000,Indirect Labor,COGS,880275.2,880275.2,0.0,0.0
2022-11-01,P-GRN,Greenville Drivetrain,Plant,Greenville,SC,South,336,Transportation Equipment,480,260000,Raw Materials,COGS,2590028.21,2537938.54,52089.67,2.05
2022-11-01,P-GRN,Greenville Drivetrain,Plant,Greenville,SC,South,336,Transportation Equipment,480,260000,Consumables & Tooling,COGS,350568.37,337829.77,12738.6,3.77
2022-11-01,P-GRN,Greenville Drivetrain,Plant,Greenville,SC,South,336,Transportation Equipment,480,260000,Utilities,Overhead,698476.23,574310.6,124165.63,21.62
2022-11-01,P-GRN,Greenville Drivetrain,Plant,Greenville,SC,South,336,Transportation Equipment,480,260000,Maintenance & Repair,Overhead,534866.32,506744.65,28121.67,5.55
2022-11-01,P-GRN,Greenville Drivetrain,Plant,Greenville,SC,South,336,Transportation Equipment,480,260000,Depreciation,Overhead,506744.65,506744.65,0.0,0.0
2022-11-01,P-GRN,Greenville Drivetrain,Plant,Greenville,SC,South,336,Transportation Equipment,480,260000,Facilities,Overhead,236480.84,236480.84,0.0,0.0
2022-11-01,P-GRN,Greenville Drivetrain,Plant,Greenville,SC,South,336,Transportation Equipment,480,260000,Freight & Logistics,Overhead,398552.44,394134.73,4417.71,1.12
2022-11-01,P-GRN,Greenville Drivetrain,Plant,Greenville,SC,South,336,Transportation Equipment,480,260000,IT & Systems,Overhead,159986.64,168914.88,-8928.24,-5.29
2022-11-01,P-GRN,Greenville Drivetrain,Plant,Greenville,SC,South,336,Transportation Equipment,480,260000,Other Overhead,Overhead,158488.24,168914.88,-10426.64,-6.17
2022-12-01,P-GRN,Greenville Drivetrain,Plant,Greenville,SC,South,336,Transportation Equipment,480,260000,Direct Labor,COGS,2263564.8,2263564.8,0.0,0.0
2022-12-01,P-GRN,Greenville Drivetrain,Plant,Greenville,SC,South,336,Transportation Equipment,480,260000,Indirect Labor,COGS,880275.2,880275.2,0.0,0.0
2022-12-01,P-GRN,Greenville Drivetrain,Plant,Greenville,SC,South,336,Transportation Equipment,480,260000,Raw Materials,COGS,2493961.47,2431645.63,62315.84,2.56
2022-12-01,P-GRN,Greenville Drivetrain,Plant,Greenville,SC,South,336,Transportation Equipment,480,260000,Consumables & Tooling,COGS,343350.63,325299.32,18051.31,5.55
2022-12-01,P-GRN,Greenville Drivetrain,Plant,Greenville,SC,South,336,Transportation Equipment,480,260000,Utilities,Overhead,754310.22,553008.85,201301.37,36.4
2022-12-01,P-GRN,Greenville Drivetrain,Plant,Greenville,SC,South,336,Transportation Equipment,480,260000,Maintenance & Repair,Overhead,480278.75,487948.98,-7670.23,-1.57
2022-12-01,P-GRN,Greenville Drivetrain,Plant,Greenville,SC,South,336,Transportation Equipment,480,260000,Depreciation,Overhead,487948.98,487948.98,0.0,0.0
2022-12-01,P-GRN,Greenville Drivetrain,Plant,Greenville,SC,South,336,Transportation Equipment,480,260000,Facilities,Overhead,227709.53,227709.53,0.0,0.0
2022-12-01,P-GRN,Greenville Drivetrain,Plant,Greenville,SC,South,336,Transportation Equipment,480,260000,Freight & Logistics,Overhead,402018.47,379515.88,22502.59,5.93
2022-12-01,P-GRN,Greenville Drivetrain,Plant,Greenville,SC,South,336,Transportation Equipment,480,260000,IT & Systems,Overhead,164477.84,162649.66,1828.18,1.12
2022-12-01,P-GRN,Greenville Drivetrain,Plant,Greenville,SC,South,336,Transportation Equipment,480,260000,Other Overhead,Overhead,157163.87,162649.66,-5485.79,-3.37
2023-01-01,P-GRN,Greenville Drivetrain,Plant,Greenville,SC,South,336,Transportation Equipment,480,260000,Direct Labor,COGS,2342789.57,2342789.57,0.0,0.0
2023-01-01,P-GRN,Greenville Drivetrain,Plant,Greenville,SC,South,336,Transportation Equipment,480,260000,Indirect Labor,COGS,911084.83,911084.83,0.0,0.0
2023-01-01,P-GRN,Greenville Drivetrain,Plant,Greenville,SC,South,336,Transportation Equipment,480,260000,Raw Materials,COGS,2385595.35,2314415.15,71180.2,3.08
2023-01-01,P-GRN,Greenville Drivetrain,Plant,Greenville,SC,South,336,Transportation Equipment,480,260000,Consumables & Tooling,COGS,340677.2,311164.61,29512.59,9.48
2023-01-01,P-GRN,Greenville Drivetrain,Plant,Greenville,SC,South,336,Transportation Equipment,480,260000,Utilities,Overhead,752294.08,528979.84,223314.24,42.22
2023-01-01,P-GRN,Greenville Drivetrain,Plant,Greenville,SC,South,336,Transportation Equipment,480,260000,Maintenance & Repair,Overhead,452137.59,466746.92,-14609.33,-3.13
2023-01-01,P-GRN,Greenville Drivetrain,Plant,Greenville,SC,South,336,Transportation Equipment,480,260000,Depreciation,Overhead,466746.92,466746.92,0.0,0.0
2023-01-01,P-GRN,Greenville Drivetrain,Plant,Greenville,SC,South,336,Transportation Equipment,480,260000,Facilities,Overhead,217815.23,217815.23,0.0,0.0
2023-01-01,P-GRN,Greenville Drivetrain,Plant,Greenville,SC,South,336,Transportation Equipment,480,260000,Freight & Logistics,Overhead,370058.73,363025.38,7033.35,1.94
2023-01-01,P-GRN,Greenville Drivetrain,Plant,Greenville,SC,South,336,Transportation Equipment,480,260000,IT & Systems,Overhead,156208.9,155582.31,626.59,0.4
2023-01-01,P-GRN,Greenville Drivetrain,Plant,Greenville,SC,South,336,Transportation Equipment,480,260000,Other Overhead,Overhead,149992.54,155582.31,-5589.77,-3.59
2023-02-01,P-GRN,Greenville Drivetrain,Plant,Greenville,SC,South,336,Transportation Equipment,480,260000,Direct Labor,COGS,2342789.57,2342789.57,0.0,0.0
2023-02-01,P-GRN,Greenville Drivetrain,Plant,Greenville,SC,South,336,Transportation Equipment,480,260000,Indirect Labor,COGS,911084.83,911084.83,0.0,0.0
2023-02-01,P-GRN,Greenville Drivetrain,Plant,Greenville,SC,South,336,Transportation Equipment,480,260000,Raw Materials,COGS,2620323.92,2529492.54,90831.38,3.59
2023-02-01,P-GRN,Greenville Drivetrain,Plant,Greenville,SC,South,336,Transportation Equipment,480,260000,Consumables & Tooling,COGS,344484.17,341781.38,2702.79,0.79
2023-02-01,P-GRN,Greenville Drivetrain,Plant,Greenville,SC,South,336,Transportation Equipment,480,260000,Utilities,Overhead,799147.3,581028.35,218118.95,37.54
2023-02-01,P-GRN,Greenville Drivetrain,Plant,Greenville,SC,South,336,Transportation Equipment,480,260000,Maintenance & Repair,Overhead,536613.24,512672.07,23941.17,4.67
2023-02-01,P-GRN,Greenville Drivetrain,Plant,Greenville,SC,South,336,Transportation Equipment,480,260000,Depreciation,Overhead,512672.07,512672.07,0.0,0.0
2023-02-01,P-GRN,Greenville Drivetrain,Plant,Greenville,SC,South,336,Transportation Equipment,480,260000,Facilities,Overhead,239246.97,239246.97,0.0,0.0
2023-02-01,P-GRN,Greenville Drivetrain,Plant,Greenville,SC,South,336,Transportation Equipment,480,260000,Freight & Logistics,Overhead,418884.57,398744.94,20139.63,5.05
2023-02-01,P-GRN,Greenville Drivetrain,Plant,Greenville,SC,South,336,Transportation Equipment,480,260000,IT & Systems,Overhead,165212.61,170890.69,-5678.08,-3.32
2023-02-01,P-GRN,Greenville Drivetrain,Plant,Greenville,SC,South,336,Transportation Equipment,480,260000,Other Overhead,Overhead,172970.14,170890.69,2079.45,1.22
2023-03-01,P-GRN,Greenville Drivetrain,Plant,Greenville,SC,South,336,Transportation Equipment,480,260000,Direct Labor,COGS,2342789.57,2342789.57,0.0,0.0
2023-03-01,P-GRN,Greenville Drivetrain,Plant,Greenville,SC,South,336,Transportation Equipment,480,260000,Indirect Labor,COGS,911084.83,911084.83,0.0,0.0
2023-03-01,P-GRN,Greenville Drivetrain,Plant,Greenville,SC,South,336,Transportation Equipment,480,260000,Raw Materials,COGS,2438044.34,2341822.42,96221.92,4.11
2023-03-01,P-GRN,Greenville Drivetrain,Plant,Greenville,SC,South,336,Transportation Equipment,480,260000,Consumables & Tooling,COGS,318873.67,318005.78,867.89,0.27
2023-03-01,P-GRN,Greenville Drivetrain,Plant,Greenville,SC,South,336,Transportation Equipment,480,260000,Utilities,Overhead,668516.21,540609.83,127906.38,23.66
2023-03-01,P-GRN,Greenville Drivetrain,Plant,Greenville,SC,South,336,Transportation Equipment,480,260000,Maintenance & Repair,Overhead,485918.3,477008.67,8909.63,1.87
2023-03-01,P-GRN,Greenville Drivetrain,Plant,Greenville,SC,South,336,Transportation Equipment,480,260000,Depreciation,Overhead,477008.67,477008.67,0.0,0.0
2023-03-01,P-GRN,Greenville Drivetrain,Plant,Greenville,SC,South,336,Transportation Equipment,480,260000,Facilities,Overhead,222604.05,222604.05,0.0,0.0
2023-03-01,P-GRN,Greenville Drivetrain,Plant,Greenville,SC,South,336,Transportation Equipment,480,260000,Freight & Logistics,Overhead,384739.11,371006.75,13732.36,3.7
2023-03-01,P-GRN,Greenville Drivetrain,Plant,Greenville,SC,South,336,Transportation Equipment,480,260000,IT & Systems,Overhead,165940.28,159002.89,6937.39,4.36
2023-03-01,P-GRN,Greenville Drivetrain,Plant,Greenville,SC,South,336,Transportation Equipment,480,260000,Other Overhead,Overhead,142544.89,159002.89,-16458.0,-10.35
2023-04-01,P-GRN,Greenville Drivetrain,Plant,Greenville,SC,South,336,Transportation Equipment,480,260000,Direct Labor,COGS,2342789.57,2342789.57,0.0,0.0
2023-04-01,P-GRN,Greenville Drivetrain,Plant,Greenville,SC,South,336,Transportation Equipment,480,260000,Indirect Labor,COGS,911084.83,911084.83,0.0,0.0
2023-04-01,P-GRN,Greenville Drivetrain,Plant,Greenville,SC,South,336,Transportation Equipment,480,260000,Raw Materials,COGS,2293731.32,2192243.76,101487.56,4.63
2023-04-01,P-GRN,Greenville Drivetrain,Plant,Greenville,SC,South,336,Transportation Equipment,480,260000,Consumables & Tooling,COGS,279529.31,299182.35,-19653.04,-6.57
2023-04-01,P-GRN,Greenville Drivetrain,Plant,Greenville,SC,South,336,Transportation Equipment,480,260000,Utilities,Overhead,530727.66,508609.99,22117.67,4.35
2023-04-01,P-GRN,Greenville Drivetrain,Plant,Greenville,SC,South,336,Transportation Equipment,480,260000,Maintenance & Repair,Overhead,439217.97,448773.52,-9555.55,-2.13
2023-04-01,P-GRN,Greenville Drivetrain,Plant,Greenville,SC,South,336,Transportation Equipment,480,260000,Depreciation,Overhead,448773.52,448773.52,0.0,0.0
2023-04-01,P-GRN,Greenville Drivetrain,Plant,Greenville,SC,South,336,Transportation Equipment,480,260000,Facilities,Overhead,209427.64,209427.64,0.0,0.0
2023-04-01,P-GRN,Greenville Drivetrain,Plant,Greenville,SC,South,336,Transportation Equipment,480,260000,Freight & Logistics,Overhead,336711.85,349046.07,-12334.22,-3.53
2023-04-01,P-GRN,Greenville Drivetrain,Plant,Greenville,SC,South,336,Transportation Equipment,480,260000,IT & Systems,Overhead,141132.51,149591.17,-8458.66,-5.65
2023-04-01,P-GRN,Greenville Drivetrain,Plant,Greenville,SC,South,336,Transportation Equipment,480,260000,Other Overhead,Overhead,147239.28,149591.17,-2351.89,-1.57
2023-05-01,P-GRN,Greenville Drivetrain,Plant,Greenville,SC,South,336,Transportation Equipment,480,260000,Direct Labor,COGS,2342789.57,2342789.57,0.0,0.0
2023-05-01,P-GRN,Greenville Drivetrain,Plant,Greenville,SC,South,336,Transportation Equipment,480,260000,Indirect Labor,COGS,911084.83,911084.83,0.0,0.0
2023-05-01,P-GRN,Greenville Drivetrain,Plant,Greenville,SC,South,336,Transportation Equipment,480,260000,Raw Materials,COGS,2297384.53,2184811.28,112573.25,5.15
2023-05-01,P-GRN,Greenville Drivetrain,Plant,Greenville,SC,South,336,Transportation Equipment,480,260000,Consumables & Tooling,COGS,300561.76,299658.85,902.91,0.3
2023-05-01,P-GRN,Greenville Drivetrain,Plant,Greenville,SC,South,336,Transportation Equipment,480,260000,Utilities,Overhead,432368.15,509420.05,-77051.9,-15.13
2023-05-01,P-GRN,Greenville Drivetrain,Plant,Greenville,SC,South,336,Transportation Equipment,480,260000,Maintenance & Repair,Overhead,479486.01,449488.28,29997.73,6.67
2023-05-01,P-GRN,Greenville Drivetrain,Plant,Greenville,SC,South,336,Transportation Equipment,480,260000,Depreciation,Overhead,449488.28,449488.28,0.0,0.0
2023-05-01,P-GRN,Greenville Drivetrain,Plant,Greenville,SC,South,336,Transportation Equipment,480,260000,Facilities,Overhead,209761.2,209761.2,0.0,0.0
2023-05-01,P-GRN,Greenville Drivetrain,Plant,Greenville,SC,South,336,Transportation Equipment,480,260000,Freight & Logistics,Overhead,325798.14,349601.99,-23803.85,-6.81
2023-05-01,P-GRN,Greenville Drivetrain,Plant,Greenville,SC,South,336,Transportation Equipment,480,260000,IT & Systems,Overhead,158112.99,149829.43,8283.56,5.53
2023-05-01,P-GRN,Greenville Drivetrain,Plant,Greenville,SC,South,336,Transportation Equipment,480,260000,Other Overhead,Overhead,138731.93,149829.43,-11097.5,-7.41
2023-06-01,P-GRN,Greenville Drivetrain,Plant,Greenville,SC,South,336,Transportation Equipment,480,260000,Direct Labor,COGS,2342789.57,2342789.57,0.0,0.0
2023-06-01,P-GRN,Greenville Drivetrain,Plant,Greenville,SC,South,336,Transportation Equipment,480,260000,Indirect Labor,COGS,911084.83,911084.83,0.0,0.0
2023-06-01,P-GRN,Greenville Drivetrain,Plant,Greenville,SC,South,336,Transportation Equipment,480,260000,Raw Materials,COGS,2276025.29,2153730.0,122295.29,5.68
2023-06-01,P-GRN,Greenville Drivetrain,Plant,Greenville,SC,South,336,Transportation Equipment,480,260000,Consumables & Tooling,COGS,316870.81,296872.86,19997.95,6.74
2023-06-01,P-GRN,Greenville Drivetrain,Plant,Greenville,SC,South,336,Transportation Equipment,480,260000,Utilities,Overhead,356272.54,504683.87,-148411.33,-29.41
2023-06-01,P-GRN,Greenville Drivetrain,Plant,Greenville,SC,South,336,Transportation Equipment,480,260000,Maintenance & Repair,Overhead,462867.08,445309.3,17557.78,3.94
2023-06-01,P-GRN,Greenville Drivetrain,Plant,Greenville,SC,South,336,Transportation Equipment,480,260000,Depreciation,Overhead,445309.3,445309.3,0.0,0.0
2023-06-01,P-GRN,Greenville Drivetrain,Plant,Greenville,SC,South,336,Transportation Equipment,480,260000,Facilities,Overhead,207811.0,207811.0,0.0,0.0
2023-06-01,P-GRN,Greenville Drivetrain,Plant,Greenville,SC,South,336,Transportation Equipment,480,260000,Freight & Logistics,Overhead,319263.71,346351.67,-27087.96,-7.82
2023-06-01,P-GRN,Greenville Drivetrain,Plant,Greenville,SC,South,336,Transportation Equipment,480,260000,IT & Systems,Overhead,141778.43,148436.43,-6658.0,-4.49
2023-06-01,P-GRN,Greenville Drivetrain,Plant,Greenville,SC,South,336,Transportation Equipment,480,260000,Other Overhead,Overhead,147395.3,148436.43,-1041.13,-0.7
2023-07-01,P-GRN,Greenville Drivetrain,Plant,Greenville,SC,South,336,Transportation Equipment,480,260000,Direct Labor,COGS,2342789.57,2342789.57,0.0,0.0
2023-07-01,P-GRN,Greenville Drivetrain,Plant,Greenville,SC,South,336,Transportation Equipment,480,260000,Indirect Labor,COGS,911084.83,911084.83,0.0,0.0
2023-07-01,P-GRN,Greenville Drivetrain,Plant,Greenville,SC,South,336,Transportation Equipment,480,260000,Raw Materials,COGS,2317679.9,2182235.25,135444.65,6.21
2023-07-01,P-GRN,Greenville Drivetrain,Plant,Greenville,SC,South,336,Transportation Equipment,480,260000,Consumables & Tooling,COGS,294075.99,302306.07,-8230.08,-2.72
2023-07-01,P-GRN,Greenville Drivetrain,Plant,Greenville,SC,South,336,Transportation Equipment,480,260000,Utilities,Overhead,336660.16,513920.32,-177260.16,-34.49
2023-07-01,P-GRN,Greenville Drivetrain,Plant,Greenville,SC,South,336,Transportation Equipment,480,260000,Maintenance & Repair,Overhead,469143.13,453459.11,15684.02,3.46
2023-07-01,P-GRN,Greenville Drivetrain,Plant,Greenville,SC,South,336,Transportation Equipment,480,260000,Depreciation,Overhead,453459.11,453459.11,0.0,0.0
2023-07-01,P-GRN,Greenville Drivetrain,Plant,Greenville,SC,South,336,Transportation Equipment,480,260000,Facilities,Overhead,211614.25,211614.25,0.0,0.0
2023-07-01,P-GRN,Greenville Drivetrain,Plant,Greenville,SC,South,336,Transportation Equipment,480,260000,Freight & Logistics,Overhead,362207.28,352690.42,9516.86,2.7
2023-07-01,P-GRN,Greenville Drivetrain,Plant,Greenville,SC,South,336,Transportation Equipment,480,260000,IT & Systems,Overhead,144856.18,151153.04,-6296.86,-4.17
2023-07-01,P-GRN,Greenville Drivetrain,Plant,Greenville,SC,South,336,Transportation Equipment,480,260000,Other Overhead,Overhead,161415.64,151153.04,10262.6,6.79
2023-08-01,P-GRN,Greenville Drivetrain,Plant,Greenville,SC,South,336,Transportation Equipment,480,260000,Direct Labor,COGS,2342789.57,2342789.57,0.0,0.0
2023-08-01,P-GRN,Greenville Drivetrain,Plant,Greenville,SC,South,336,Transportation Equipment,480,260000,Indirect Labor,COGS,911084.83,911084.83,0.0,0.0
2023-08-01,P-GRN,Greenville Drivetrain,Plant,Greenville,SC,South,336,Transportation Equipment,480,260000,Raw Materials,COGS,2609952.45,2445201.46,164750.99,6.74
2023-08-01,P-GRN,Greenville Drivetrain,Plant,Greenville,SC,South,336,Transportation Equipment,480,260000,Consumables & Tooling,COGS,322799.56,340428.58,-17629.02,-5.18
2023-08-01,P-GRN,Greenville Drivetrain,Plant,Greenville,SC,South,336,Transportation Equipment,480,260000,Utilities,Overhead,411954.71,578728.59,-166773.88,-28.82
2023-08-01,P-GRN,Greenville Drivetrain,Plant,Greenville,SC,South,336,Transportation Equipment,480,260000,Maintenance & Repair,Overhead,531871.56,510642.87,21228.69,4.16
2023-08-01,P-GRN,Greenville Drivetrain,Plant,Greenville,SC,South,336,Transportation Equipment,480,260000,Depreciation,Overhead,510642.87,510642.87,0.0,0.0
2023-08-01,P-GRN,Greenville Drivetrain,Plant,Greenville,SC,South,336,Transportation Equipment,480,260000,Facilities,Overhead,238300.01,238300.01,0.0,0.0
2023-08-01,P-GRN,Greenville Drivetrain,Plant,Greenville,SC,South,336,Transportation Equipment,480,260000,Freight & Logistics,Overhead,363480.15,397166.68,-33686.53,-8.48
2023-08-01,P-GRN,Greenville Drivetrain,Plant,Greenville,SC,South,336,Transportation Equipment,480,260000,IT & Systems,Overhead,160833.39,170214.29,-9380.9,-5.51
2023-08-01,P-GRN,Greenville Drivetrain,Plant,Greenville,SC,South,336,Transportation Equipment,480,260000,Other Overhead,Overhead,174918.93,170214.29,4704.64,2.76
2023-09-01,P-GRN,Greenville Drivetrain,Plant,Greenville,SC,South,336,Transportation Equipment,480,260000,Direct Labor,COGS,2342789.57,2342789.57,0.0,0.0
2023-09-01,P-GRN,Greenville Drivetrain,Plant,Greenville,SC,South,336,Transportation Equipment,480,260000,Indirect Labor,COGS,911084.83,911084.83,0.0,0.0
2023-09-01,P-GRN,Greenville Drivetrain,Plant,Greenville,SC,South,336,Transportation Equipment,480,260000,Raw Materials,COGS,2548437.23,2375690.88,172746.35,7.27
2023-09-01,P-GRN,Greenville Drivetrain,Plant,Greenville,SC,South,336,Transportation Equipment,480,260000,Consumables & Tooling,COGS,368326.96,332404.86,35922.1,10.81
2023-09-01,P-GRN,Greenville Drivetrain,Plant,Greenville,SC,South,336,Transportation Equipment,480,260000,Utilities,Overhead,487660.01,565088.26,-77428.25,-13.7
2023-09-01,P-GRN,Greenville Drivetrain,Plant,Greenville,SC,South,336,Transportation Equipment,480,260000,Maintenance & Repair,Overhead,511531.38,498607.28,12924.1,2.59
2023-09-01,P-GRN,Greenville Drivetrain,Plant,Greenville,SC,South,336,Transportation Equipment,480,260000,Depreciation,Overhead,498607.28,498607.28,0.0,0.0
2023-09-01,P-GRN,Greenville Drivetrain,Plant,Greenville,SC,South,336,Transportation Equipment,480,260000,Facilities,Overhead,232683.4,232683.4,0.0,0.0
2023-09-01,P-GRN,Greenville Drivetrain,Plant,Greenville,SC,South,336,Transportation Equipment,480,260000,Freight & Logistics,Overhead,383963.89,387805.67,-3841.78,-0.99
2023-09-01,P-GRN,Greenville Drivetrain,Plant,Greenville,SC,South,336,Transportation Equipment,480,260000,IT & Systems,Overhead,147158.33,166202.43,-19044.1,-11.46
2023-09-01,P-GRN,Greenville Drivetrain,Plant,Greenville,SC,South,336,Transportation Equipment,480,260000,Other Overhead,Overhead,169339.93,166202.43,3137.5,1.89
2023-10-01,P-GRN,Greenville Drivetrain,Plant,Greenville,SC,South,336,Transportation Equipment,480,260000,Direct Labor,COGS,2342789.57,2342789.57,0.0,0.0
2023-10-01,P-GRN,Greenville Drivetrain,Plant,Greenville,SC,South,336,Transportation Equipment,480,260000,Indirect Labor,COGS,911084.83,911084.83,0.0,0.0
2023-10-01,P-GRN,Greenville Drivetrain,Plant,Greenville,SC,South,336,Transportation Equipment,480,260000,Raw Materials,COGS,2703451.98,2507659.63,195792.35,7.81
2023-10-01,P-GRN,Greenville Drivetrain,Plant,Greenville,SC,South,336,Transportation Equipment,480,260000,Consumables & Tooling,COGS,364336.74,352624.17,11712.57,3.32
2023-10-01,P-GRN,Greenville Drivetrain,Plant,Greenville,SC,South,336,Transportation Equipment,480,260000,Utilities,Overhead,641331.61,599461.09,41870.52,6.98
2023-10-01,P-GRN,Greenville Drivetrain,Plant,Greenville,SC,South,336,Transportation Equipment,480,260000,Maintenance & Repair,Overhead,494625.24,528936.26,-34311.02,-6.49
2023-10-01,P-GRN,Greenville Drivetrain,Plant,Greenville,SC,South,336,Transportation Equipment,480,260000,Depreciation,Overhead,528936.26,528936.26,0.0,0.0
2023-10-01,P-GRN,Greenville Drivetrain,Plant,Greenville,SC,South,336,Transportation Equipment,480,260000,Facilities,Overhead,246836.92,246836.92,0.0,0.0
2023-10-01,P-GRN,Greenville Drivetrain,Plant,Greenville,SC,South,336,Transportation Equipment,480,260000,Freight & Logistics,Overhead,382777.03,411394.87,-28617.84,-6.96
2023-10-01,P-GRN,Greenville Drivetrain,Plant,Greenville,SC,South,336,Transportation Equipment,480,260000,IT & Systems,Overhead,165644.34,176312.09,-10667.75,-6.05
2023-10-01,P-GRN,Greenville Drivetrain,Plant,Greenville,SC,South,336,Transportation Equipment,480,260000,Other Overhead,Overhead,178470.25,176312.09,2158.16,1.22
2023-11-01,P-GRN,Greenville Drivetrain,Plant,Greenville,SC,South,336,Transportation Equipment,480,260000,Direct Labor,COGS,2342789.57,2342789.57,0.0,0.0
2023-11-01,P-GRN,Greenville Drivetrain,Plant,Greenville,SC,South,336,Transportation Equipment,480,260000,Indirect Labor,COGS,911084.83,911084.83,0.0,0.0
2023-11-01,P-GRN,Greenville Drivetrain,Plant,Greenville,SC,South,336,Transportation Equipment,480,260000,Raw Materials,COGS,2723146.15,2513360.68,209785.47,8.35
2023-11-01,P-GRN,Greenville Drivetrain,Plant,Greenville,SC,South,336,Transportation Equipment,480,260000,Consumables & Tooling,COGS,343946.43,355192.98,-11246.55,-3.17
2023-11-01,P-GRN,Greenville Drivetrain,Plant,Greenville,SC,South,336,Transportation Equipment,480,260000,Utilities,Overhead,771947.38,603828.06,168119.32,27.84
2023-11-01,P-GRN,Greenville Drivetrain,Plant,Greenville,SC,South,336,Transportation Equipment,480,260000,Maintenance & Repair,Overhead,556545.52,532789.46,23756.06,4.46
2023-11-01,P-GRN,Greenville Drivetrain,Plant,Greenville,SC,South,336,Transportation Equipment,480,260000,Depreciation,Overhead,532789.46,532789.46,0.0,0.0
2023-11-01,P-GRN,Greenville Drivetrain,Plant,Greenville,SC,South,336,Transportation Equipment,480,260000,Facilities,Overhead,248635.08,248635.08,0.0,0.0
2023-11-01,P-GRN,Greenville Drivetrain,Plant,Greenville,SC,South,336,Transportation Equipment,480,260000,Freight & Logistics,Overhead,458468.01,414391.81,44076.2,10.64
2023-11-01,P-GRN,Greenville Drivetrain,Plant,Greenville,SC,South,336,Transportation Equipment,480,260000,IT & Systems,Overhead,177296.62,177596.49,-299.87,-0.17
2023-11-01,P-GRN,Greenville Drivetrain,Plant,Greenville,SC,South,336,Transportation Equipment,480,260000,Other Overhead,Overhead,171808.04,177596.49,-5788.45,-3.26
2023-12-01,P-GRN,Greenville Drivetrain,Plant,Greenville,SC,South,336,Transportation Equipment,480,260000,Direct Labor,COGS,2342789.57,2342789.57,0.0,0.0
2023-12-01,P-GRN,Greenville Drivetrain,Plant,Greenville,SC,South,336,Transportation Equipment,480,260000,Indirect Labor,COGS,911084.83,911084.83,0.0,0.0
2023-12-01,P-GRN,Greenville Drivetrain,Plant,Greenville,SC,South,336,Transportation Equipment,480,260000,Raw Materials,COGS,2764673.95,2538994.29,225679.66,8.89
2023-12-01,P-GRN,Greenville Drivetrain,Plant,Greenville,SC,South,336,Transportation Equipment,480,260000,Consumables & Tooling,COGS,339210.65,360609.65,-21399.0,-5.93
2023-12-01,P-GRN,Greenville Drivetrain,Plant,Greenville,SC,South,336,Transportation Equipment,480,260000,Utilities,Overhead,878969.46,613036.4,265933.06,43.38
2023-12-01,P-GRN,Greenville Drivetrain,Plant,Greenville,SC,South,336,Transportation Equipment,480,260000,Maintenance & Repair,Overhead,502094.46,540914.47,-38820.01,-7.18
2023-12-01,P-GRN,Greenville Drivetrain,Plant,Greenville,SC,South,336,Transportation Equipment,480,260000,Depreciation,Overhead,540914.47,540914.47,0.0,0.0
2023-12-01,P-GRN,Greenville Drivetrain,Plant,Greenville,SC,South,336,Transportation Equipment,480,260000,Facilities,Overhead,252426.75,252426.75,0.0,0.0
2023-12-01,P-GRN,Greenville Drivetrain,Plant,Greenville,SC,South,336,Transportation Equipment,480,260000,Freight & Logistics,Overhead,422768.42,420711.25,2057.17,0.49
2023-12-01,P-GRN,Greenville Drivetrain,Plant,Greenville,SC,South,336,Transportation Equipment,480,260000,IT & Systems,Overhead,189175.74,180304.82,8870.92,4.92
2023-12-01,P-GRN,Greenville Drivetrain,Plant,Greenville,SC,South,336,Transportation Equipment,480,260000,Other Overhead,Overhead,157389.05,180304.82,-22915.77,-12.71
2024-01-01,P-GRN,Greenville Drivetrain,Plant,Greenville,SC,South,336,Transportation Equipment,480,260000,Direct Labor,COGS,2424787.2,2424787.2,0.0,0.0
2024-01-01,P-GRN,Greenville Drivetrain,Plant,Greenville,SC,South,336,Transportation Equipment,480,260000,Indirect Labor,COGS,942972.8,942972.8,0.0,0.0
2024-01-01,P-GRN,Greenville Drivetrain,Plant,Greenville,SC,South,336,Transportation Equipment,480,260000,Raw Materials,COGS,2557550.33,2337092.66,220457.67,9.43
2024-01-01,P-GRN,Greenville Drivetrain,Plant,Greenville,SC,South,336,Transportation Equipment,480,260000,Consumables & Tooling,COGS,345857.49,333593.52,12263.97,3.68
2024-01-01,P-GRN,Greenville Drivetrain,Plant,Greenville,SC,South,336,Transportation Equipment,480,260000,Utilities,Overhead,847782.92,567108.99,280673.93,49.49
2024-01-01,P-GRN,Greenville Drivetrain,Plant,Greenville,SC,South,336,Transportation Equipment,480,260000,Maintenance & Repair,Overhead,528363.07,500390.28,27972.79,5.59
2024-01-01,P-GRN,Greenville Drivetrain,Plant,Greenville,SC,South,336,Transportation Equipment,480,260000,Depreciation,Overhead,500390.28,500390.28,0.0,0.0
2024-01-01,P-GRN,Greenville Drivetrain,Plant,Greenville,SC,South,336,Transportation Equipment,480,260000,Facilities,Overhead,233515.46,233515.46,0.0,0.0
2024-01-01,P-GRN,Greenville Drivetrain,Plant,Greenville,SC,South,336,Transportation Equipment,480,260000,Freight & Logistics,Overhead,400993.36,389192.44,11800.92,3.03
2024-01-01,P-GRN,Greenville Drivetrain,Plant,Greenville,SC,South,336,Transportation Equipment,480,260000,IT & Systems,Overhead,171632.94,166796.76,4836.18,2.9
2024-01-01,P-GRN,Greenville Drivetrain,Plant,Greenville,SC,South,336,Transportation Equipment,480,260000,Other Overhead,Overhead,155441.8,166796.76,-11354.96,-6.81
2024-02-01,P-GRN,Greenville Drivetrain,Plant,Greenville,SC,South,336,Transportation Equipment,480,260000,Direct Labor,COGS,2424787.2,2424787.2,0.0,0.0
2024-02-01,P-GRN,Greenville Drivetrain,Plant,Greenville,SC,South,336,Transportation Equipment,480,260000,Indirect Labor,COGS,942972.8,942972.8,0.0,0.0
2024-02-01,P-GRN,Greenville Drivetrain,Plant,Greenville,SC,South,336,Transportation Equipment,480,260000,Raw Materials,COGS,2592817.28,2357531.98,235285.3,9.98
2024-02-01,P-GRN,Greenville Drivetrain,Plant,Greenville,SC,South,336,Transportation Equipment,480,260000,Consumables & Tooling,COGS,313626.88,338193.56,-24566.68,-7.26
2024-02-01,P-GRN,Greenville Drivetrain,Plant,Greenville,SC,South,336,Transportation Equipment,480,260000,Utilities,Overhead,831215.01,574929.05,256285.96,44.58
2024-02-01,P-GRN,Greenville Drivetrain,Plant,Greenville,SC,South,336,Transportation Equipment,480,260000,Maintenance & Repair,Overhead,525485.09,507290.34,18194.75,3.59
2024-02-01,P-GRN,Greenville Drivetrain,Plant,Greenville,SC,South,336,Transportation Equipment,480,260000,Depreciation,Overhead,507290.34,507290.34,0.0,0.0
2024-02-01,P-GRN,Greenville Drivetrain,Plant,Greenville,SC,South,336,Transportation Equipment,480,260000,Facilities,Overhead,236735.49,236735.49,0.0,0.0
2024-02-01,P-GRN,Greenville Drivetrain,Plant,Greenville,SC,South,336,Transportation Equipment,480,260000,Freight & Logistics,Overhead,378842.92,394559.15,-15716.23,-3.98
2024-02-01,P-GRN,Greenville Drivetrain,Plant,Greenville,SC,South,336,Transportation Equipment,480,260000,IT & Systems,Overhead,165531.21,169096.78,-3565.57,-2.11
2024-02-01,P-GRN,Greenville Drivetrain,Plant,Greenville,SC,South,336,Transportation Equipment,480,260000,Other Overhead,Overhead,178792.53,169096.78,9695.75,5.73
2024-03-01,P-GRN,Greenville Drivetrain,Plant,Greenville,SC,South,336,Transportation Equipment,480,260000,Direct Labor,COGS,2424787.2,2424787.2,0.0,0.0
2024-03-01,P-GRN,Greenville Drivetrain,Plant,Greenville,SC,South,336,Transportation Equipment,480,260000,Indirect Labor,COGS,942972.8,942972.8,0.0,0.0
2024-03-01,P-GRN,Greenville Drivetrain,Plant,Greenville,SC,South,336,Transportation Equipment,480,260000,Raw Materials,COGS,2446800.04,2213696.6,233103.44,10.53
2024-03-01,P-GRN,Greenville Drivetrain,Plant,Greenville,SC,South,336,Transportation Equipment,480,260000,Consumables & Tooling,COGS,320820.89,319147.83,1673.06,0.52
2024-03-01,P-GRN,Greenville Drivetrain,Plant,Greenville,SC,South,336,Transportation Equipment,480,260000,Utilities,Overhead,705242.43,542551.31,162691.12,29.99
2024-03-01,P-GRN,Greenville Drivetrain,Plant,Greenville,SC,South,336,Transportation Equipment,480,260000,Maintenance & Repair,Overhead,468128.76,478721.75,-10592.99,-2.21
2024-03-01,P-GRN,Greenville Drivetrain,Plant,Greenville,SC,South,336,Transportation Equipment,480,260000,Depreciation,Overhead,478721.75,478721.75,0.0,0.0
2024-03-01,P-GRN,Greenville Drivetrain,Plant,Greenville,SC,South,336,Transportation Equipment,480,260000,Facilities,Overhead,223403.48,223403.48,0.0,0.0
2024-03-01,P-GRN,Greenville Drivetrain,Plant,Greenville,SC,South,336,Transportation Equipment,480,260000,Freight & Logistics,Overhead,376281.8,372339.14,3942.66,1.06
2024-03-01,P-GRN,Greenville Drivetrain,Plant,Greenville,SC,South,336,Transportation Equipment,480,260000,IT & Systems,Overhead,166538.47,159573.92,6964.55,4.36
2024-03-01,P-GRN,Greenville Drivetrain,Plant,Greenville,SC,South,336,Transportation Equipment,480,260000,Other Overhead,Overhead,153381.85,159573.92,-6192.07,-3.88
2024-04-01,P-GRN,Greenville Drivetrain,Plant,Greenville,SC,South,336,Transportation Equipment,480,260000,Direct Labor,COGS,2424787.2,2424787.2,0.0,0.0
2024-04-01,P-GRN,Greenville Drivetrain,Plant,Greenville,SC,South,336,Transportation Equipment,480,260000,Indirect Labor,COGS,942972.8,942972.8,0.0,0.0
2024-04-01,P-GRN,Greenville Drivetrain,Plant,Greenville,SC,South,336,Transportation Equipment,480,260000,Raw Materials,COGS,2379615.03,2142201.21,237413.82,11.08
2024-04-01,P-GRN,Greenville Drivetrain,Plant,Greenville,SC,South,336,Transportation Equipment,480,260000,Consumables & Tooling,COGS,303646.26,310384.57,-6738.31,-2.17
2024-04-01,P-GRN,Greenville Drivetrain,Plant,Greenville,SC,South,336,Transportation Equipment,480,260000,Utilities,Overhead,578769.31,527653.77,51115.54,9.69
2024-04-01,P-GRN,Greenville Drivetrain,Plant,Greenville,SC,South,336,Transportation Equipment,480,260000,Maintenance & Repair,Overhead,531033.29,465576.85,65456.44,14.06
2024-04-01,P-GRN,Greenville Drivetrain,Plant,Greenville,SC,South,336,Transportation Equipment,480,260000,Depreciation,Overhead,465576.85,465576.85,0.0,0.0
2024-04-01,P-GRN,Greenville Drivetrain,Plant,Greenville,SC,South,336,Transportation Equipment,480,260000,Facilities,Overhead,217269.2,217269.2,0.0,0.0
2024-04-01,P-GRN,Greenville Drivetrain,Plant,Greenville,SC,South,336,Transportation Equipment,480,260000,Freight & Logistics,Overhead,349665.03,362115.33,-12450.3,-3.44
2024-04-01,P-GRN,Greenville Drivetrain,Plant,Greenville,SC,South,336,Transportation Equipment,480,260000,IT & Systems,Overhead,148927.45,155192.28,-6264.83,-4.04
2024-04-01,P-GRN,Greenville Drivetrain,Plant,Greenville,SC,South,336,Transportation Equipment,480,260000,Other Overhead,Overhead,155325.69,155192.28,133.41,0.09
2024-05-01,P-GRN,Greenville Drivetrain,Plant,Greenville,SC,South,336,Transportation Equipment,480,260000,Direct Labor,COGS,2424787.2,2424787.2,0.0,0.0
2024-05-01,P-GRN,Greenville Drivetrain,Plant,Greenville,SC,South,336,Transportation Equipment,480,260000,Indirect Labor,COGS,942972.8,942972.8,0.0,0.0
2024-05-01,P-GRN,Greenville Drivetrain,Plant,Greenville,SC,South,336,Transportation Equipment,480,260000,Raw Materials,COGS,2269596.71,2032994.43,236602.28,11.64
2024-05-01,P-GRN,Greenville Drivetrain,Plant,Greenville,SC,South,336,Transportation Equipment,480,260000,Consumables & Tooling,COGS,304835.63,296034.35,8801.28,2.97
2024-05-01,P-GRN,Greenville Drivetrain,Plant,Greenville,SC,South,336,Transportation Equipment,480,260000,Utilities,Overhead,448991.69,503258.4,-54266.71,-10.78
2024-05-01,P-GRN,Greenville Drivetrain,Plant,Greenville,SC,South,336,Transportation Equipment,480,260000,Maintenance & Repair,Overhead,449248.63,444051.53,5197.1,1.17
2024-05-01,P-GRN,Greenville Drivetrain,Plant,Greenville,SC,South,336,Transportation Equipment,480,260000,Depreciation,Overhead,444051.53,444051.53,0.0,0.0
2024-05-01,P-GRN,Greenville Drivetrain,Plant,Greenville,SC,South,336,Transportation Equipment,480,260000,Facilities,Overhead,207224.05,207224.05,0.0,0.0
2024-05-01,P-GRN,Greenville Drivetrain,Plant,Greenville,SC,South,336,Transportation Equipment,480,260000,Freight & Logistics,Overhead,366968.92,345373.41,21595.51,6.25
2024-05-01,P-GRN,Greenville Drivetrain,Plant,Greenville,SC,South,336,Transportation Equipment,480,260000,IT & Systems,Overhead,146697.64,148017.18,-1319.54,-0.89
2024-05-01,P-GRN,Greenville Drivetrain,Plant,Greenville,SC,South,336,Transportation Equipment,480,260000,Other Overhead,Overhead,140742.53,148017.18,-7274.65,-4.91
2024-06-01,P-GRN,Greenville Drivetrain,Plant,Greenville,SC,South,336,Transportation Equipment,480,260000,Direct Labor,COGS,2424787.2,2424787.2,0.0,0.0
2024-06-01,P-GRN,Greenville Drivetrain,Plant,Greenville,SC,South,336,Transportation Equipment,480,260000,Indirect Labor,COGS,942972.8,942972.8,0.0,0.0
2024-06-01,P-GRN,Greenville Drivetrain,Plant,Greenville,SC,South,336,Transportation Equipment,480,260000,Raw Materials,COGS,2640136.27,2353140.06,286996.21,12.2
2024-06-01,P-GRN,Greenville Drivetrain,Plant,Greenville,SC,South,336,Transportation Equipment,480,260000,Consumables & Tooling,COGS,349313.67,344365.6,4948.07,1.44
2024-06-01,P-GRN,Greenville Drivetrain,Plant,Greenville,SC,South,336,Transportation Equipment,480,260000,Utilities,Overhead,434411.41,585421.52,-151010.11,-25.8
2024-06-01,P-GRN,Greenville Drivetrain,Plant,Greenville,SC,South,336,Transportation Equipment,480,260000,Maintenance & Repair,Overhead,483203.24,516548.4,-33345.16,-6.46
2024-06-01,P-GRN,Greenville Drivetrain,Plant,Greenville,SC,South,336,Transportation Equipment,480,260000,Depreciation,Overhead,516548.4,516548.4,0.0,0.0
2024-06-01,P-GRN,Greenville Drivetrain,Plant,Greenville,SC,South,336,Transportation Equipment,480,260000,Facilities,Overhead,241055.92,241055.92,0.0,0.0
2024-06-01,P-GRN,Greenville Drivetrain,Plant,Greenville,SC,South,336,Transportation Equipment,480,260000,Freight & Logistics,Overhead,407956.47,401759.87,6196.6,1.54
2024-06-01,P-GRN,Greenville Drivetrain,Plant,Greenville,SC,South,336,Transportation Equipment,480,260000,IT & Systems,Overhead,191588.68,172182.8,19405.88,11.27
2024-06-01,P-GRN,Greenville Drivetrain,Plant,Greenville,SC,South,336,Transportation Equipment,480,260000,Other Overhead,Overhead,177525.96,172182.8,5343.16,3.1
2024-07-01,P-GRN,Greenville Drivetrain,Plant,Greenville,SC,South,336,Transportation Equipment,480,260000,Direct Labor,COGS,2424787.2,2424787.2,0.0,0.0
2024-07-01,P-GRN,Greenville Drivetrain,Plant,Greenville,SC,South,336,Transportation Equipment,480,260000,Indirect Labor,COGS,942972.8,942972.8,0.0,0.0
2024-07-01,P-GRN,Greenville Drivetrain,Plant,Greenville,SC,South,336,Transportation Equipment,480,260000,Raw Materials,COGS,2645527.7,2346214.34,299313.36,12.76
2024-07-01,P-GRN,Greenville Drivetrain,Plant,Greenville,SC,South,336,Transportation Equipment,480,260000,Consumables & Tooling,COGS,331164.75,345068.83,-13904.08,-4.03
2024-07-01,P-GRN,Greenville Drivetrain,Plant,Greenville,SC,South,336,Transportation Equipment,480,260000,Utilities,Overhead,403943.1,586617.01,-182673.91,-31.14
2024-07-01,P-GRN,Greenville Drivetrain,Plant,Greenville,SC,South,336,Transportation Equipment,480,260000,Maintenance & Repair,Overhead,541832.84,517603.25,24229.59,4.68
2024-07-01,P-GRN,Greenville Drivetrain,Plant,Greenville,SC,South,336,Transportation Equipment,480,260000,Depreciation,Overhead,517603.25,517603.25,0.0,0.0
2024-07-01,P-GRN,Greenville Drivetrain,Plant,Greenville,SC,South,336,Transportation Equipment,480,260000,Facilities,Overhead,241548.18,241548.18,0.0,0.0
2024-07-01,P-GRN,Greenville Drivetrain,Plant,Greenville,SC,South,336,Transportation Equipment,480,260000,Freight & Logistics,Overhead,430458.29,402580.3,27877.99,6.92
2024-07-01,P-GRN,Greenville Drivetrain,Plant,Greenville,SC,South,336,Transportation Equipment,480,260000,IT & Systems,Overhead,163855.28,172534.42,-8679.14,-5.03
2024-07-01,P-GRN,Greenville Drivetrain,Plant,Greenville,SC,South,336,Transportation Equipment,480,260000,Other Overhead,Overhead,171185.13,172534.42,-1349.29,-0.78
2024-08-01,P-GRN,Greenville Drivetrain,Plant,Greenville,SC,South,336,Transportation Equipment,480,260000,Direct Labor,COGS,2424787.2,2424787.2,0.0,0.0
2024-08-01,P-GRN,Greenville Drivetrain,Plant,Greenville,SC,South,336,Transportation Equipment,480,260000,Indirect Labor,COGS,942972.8,942972.8,0.0,0.0
2024-08-01,P-GRN,Greenville Drivetrain,Plant,Greenville,SC,South,336,Transportation Equipment,480,260000,Raw Materials,COGS,2688425.74,2372396.94,316028.8,13.32
2024-08-01,P-GRN,Greenville Drivetrain,Plant,Greenville,SC,South,336,Transportation Equipment,480,260000,Consumables & Tooling,COGS,372438.47,350664.23,21774.24,6.21
2024-08-01,P-GRN,Greenville Drivetrain,Plant,Greenville,SC,South,336,Transportation Equipment,480,260000,Utilities,Overhead,446051.01,596129.19,-150078.18,-25.18
2024-08-01,P-GRN,Greenville Drivetrain,Plant,Greenville,SC,South,336,Transportation Equipment,480,260000,Maintenance & Repair,Overhead,511441.75,525996.34,-14554.59,-2.77
2024-08-01,P-GRN,Greenville Drivetrain,Plant,Greenville,SC,South,336,Transportation Equipment,480,260000,Depreciation,Overhead,525996.34,525996.34,0.0,0.0
2024-08-01,P-GRN,Greenville Drivetrain,Plant,Greenville,SC,South,336,Transportation Equipment,480,260000,Facilities,Overhead,245464.96,245464.96,0.0,0.0
2024-08-01,P-GRN,Greenville Drivetrain,Plant,Greenville,SC,South,336,Transportation Equipment,480,260000,Freight & Logistics,Overhead,441276.0,409108.26,32167.74,7.86
2024-08-01,P-GRN,Greenville Drivetrain,Plant,Greenville,SC,South,336,Transportation Equipment,480,260000,IT & Systems,Overhead,166286.18,175332.11,-9045.93,-5.16
2024-08-01,P-GRN,Greenville Drivetrain,Plant,Greenville,SC,South,336,Transportation Equipment,480,260000,Other Overhead,Overhead,164496.42,175332.11,-10835.69,-6.18
2024-09-01,P-GRN,Greenville Drivetrain,Plant,Greenville,SC,South,336,Transportation Equipment,480,260000,Direct Labor,COGS,2424787.2,2424787.2,0.0,0.0
2024-09-01,P-GRN,Greenville Drivetrain,Plant,Greenville,SC,South,336,Transportation Equipment,480,260000,Indirect Labor,COGS,942972.8,942972.8,0.0,0.0
2024-09-01,P-GRN,Greenville Drivetrain,Plant,Greenville,SC,South,336,Transportation Equipment,480,260000,Raw Materials,COGS,2713699.18,2382785.52,330913.66,13.89
2024-09-01,P-GRN,Greenville Drivetrain,Plant,Greenville,SC,South,336,Transportation Equipment,480,260000,Consumables & Tooling,COGS,379639.0,353960.76,25678.24,7.25
2024-09-01,P-GRN,Greenville Drivetrain,Plant,Greenville,SC,South,336,Transportation Equipment,480,260000,Utilities,Overhead,545851.51,601733.3,-55881.79,-9.29
2024-09-01,P-GRN,Greenville Drivetrain,Plant,Greenville,SC,South,336,Transportation Equipment,480,260000,Maintenance & Repair,Overhead,624082.55,530941.14,93141.41,17.54
2024-09-01,P-GRN,Greenville Drivetrain,Plant,Greenville,SC,South,336,Transportation Equipment,480,260000,Depreciation,Overhead,530941.14,530941.14,0.0,0.0
2024-09-01,P-GRN,Greenville Drivetrain,Plant,Greenville,SC,South,336,Transportation Equipment,480,260000,Facilities,Overhead,247772.53,247772.53,0.0,0.0
2024-09-01,P-GRN,Greenville Drivetrain,Plant,Greenville,SC,South,336,Transportation Equipment,480,260000,Freight & Logistics,Overhead,402923.52,412954.22,-10030.7,-2.43
2024-09-01,P-GRN,Greenville Drivetrain,Plant,Greenville,SC,South,336,Transportation Equipment,480,260000,IT & Systems,Overhead,174161.77,176980.38,-2818.61,-1.59
2024-09-01,P-GRN,Greenville Drivetrain,Plant,Greenville,SC,South,336,Transportation Equipment,480,260000,Other Overhead,Overhead,166238.1,176980.38,-10742.28,-6.07
2024-10-01,P-GRN,Greenville Drivetrain,Plant,Greenville,SC,South,336,Transportation Equipment,480,260000,Direct Labor,COGS,2424787.2,2424787.2,0.0,0.0
2024-10-01,P-GRN,Greenville Drivetrain,Plant,Greenville,SC,South,336,Transportation Equipment,480,260000,Indirect Labor,COGS,942972.8,942972.8,0.0,0.0
2024-10-01,P-GRN,Greenville Drivetrain,Plant,Greenville,SC,South,336,Transportation Equipment,480,260000,Raw Materials,COGS,2914470.07,2546342.31,368127.76,14.46
2024-10-01,P-GRN,Greenville Drivetrain,Plant,Greenville,SC,South,336,Transportation Equipment,480,260000,Consumables & Tooling,COGS,413418.08,380148.27,33269.81,8.75
2024-10-01,P-GRN,Greenville Drivetrain,Plant,Greenville,SC,South,336,Transportation Equipment,480,260000,Utilities,Overhead,726763.65,646252.06,80511.59,12.46
2024-10-01,P-GRN,Greenville Drivetrain,Plant,Greenville,SC,South,336,Transportation Equipment,480,260000,Maintenance & Repair,Overhead,545827.59,570222.4,-24394.81,-4.28
2024-10-01,P-GRN,Greenville Drivetrain,Plant,Greenville,SC,South,336,Transportation Equipment,480,260000,Depreciation,Overhead,570222.4,570222.4,0.0,0.0
2024-10-01,P-GRN,Greenville Drivetrain,Plant,Greenville,SC,South,336,Transportation Equipment,480,260000,Facilities,Overhead,266103.79,266103.79,0.0,0.0
2024-10-01,P-GRN,Greenville Drivetrain,Plant,Greenville,SC,South,336,Transportation Equipment,480,260000,Freight & Logistics,Overhead,409801.26,443506.31,-33705.05,-7.6
2024-10-01,P-GRN,Greenville Drivetrain,Plant,Greenville,SC,South,336,Transportation Equipment,480,260000,IT & Systems,Overhead,200911.97,190074.13,10837.84,5.7
2024-10-01,P-GRN,Greenville Drivetrain,Plant,Greenville,SC,South,336,Transportation Equipment,480,260000,Other Overhead,Overhead,187473.22,190074.13,-2600.91,-1.37
2024-11-01,P-GRN,Greenville Drivetrain,Plant,Greenville,SC,South,336,Transportation Equipment,480,260000,Direct Labor,COGS,2424787.2,2424787.2,0.0,0.0
2024-11-01,P-GRN,Greenville Drivetrain,Plant,Greenville,SC,South,336,Transportation Equipment,480,260000,Indirect Labor,COGS,942972.8,942972.8,0.0,0.0
2024-11-01,P-GRN,Greenville Drivetrain,Plant,Greenville,SC,South,336,Transportation Equipment,480,260000,Raw Materials,COGS,2843741.35,2472186.43,371554.92,15.03
2024-11-01,P-GRN,Greenville Drivetrain,Plant,Greenville,SC,South,336,Transportation Equipment,480,260000,Consumables & Tooling,COGS,384252.16,370922.79,13329.37,3.59
2024-11-01,P-GRN,Greenville Drivetrain,Plant,Greenville,SC,South,336,Transportation Equipment,480,260000,Utilities,Overhead,847376.57,630568.73,216807.84,34.38
2024-11-01,P-GRN,Greenville Drivetrain,Plant,Greenville,SC,South,336,Transportation Equipment,480,260000,Maintenance & Repair,Overhead,570603.53,556384.18,14219.35,2.56
2024-11-01,P-GRN,Greenville Drivetrain,Plant,Greenville,SC,South,336,Transportation Equipment,480,260000,Depreciation,Overhead,556384.18,556384.18,0.0,0.0
2024-11-01,P-GRN,Greenville Drivetrain,Plant,Greenville,SC,South,336,Transportation Equipment,480,260000,Facilities,Overhead,259645.95,259645.95,0.0,0.0
2024-11-01,P-GRN,Greenville Drivetrain,Plant,Greenville,SC,South,336,Transportation Equipment,480,260000,Freight & Logistics,Overhead,430224.21,432743.25,-2519.04,-0.58
2024-11-01,P-GRN,Greenville Drivetrain,Plant,Greenville,SC,South,336,Transportation Equipment,480,260000,IT & Systems,Overhead,189642.1,185461.39,4180.71,2.25
2024-11-01,P-GRN,Greenville Drivetrain,Plant,Greenville,SC,South,336,Transportation Equipment,480,260000,Other Overhead,Overhead,179332.35,185461.39,-6129.04,-3.3
2024-12-01,P-GRN,Greenville Drivetrain,Plant,Greenville,SC,South,336,Transportation Equipment,480,260000,Direct Labor,COGS,2424787.2,2424787.2,0.0,0.0
2024-12-01,P-GRN,Greenville Drivetrain,Plant,Greenville,SC,South,336,Transportation Equipment,480,260000,Indirect Labor,COGS,942972.8,942972.8,0.0,0.0
2024-12-01,P-GRN,Greenville Drivetrain,Plant,Greenville,SC,South,336,Transportation Equipment,480,260000,Raw Materials,COGS,2791028.11,2414289.1,376739.01,15.6
2024-12-01,P-GRN,Greenville Drivetrain,Plant,Greenville,SC,South,336,Transportation Equipment,480,260000,Consumables & Tooling,COGS,354362.43,364047.14,-9684.71,-2.66
2024-12-01,P-GRN,Greenville Drivetrain,Plant,Greenville,SC,South,336,Transportation Equipment,480,260000,Utilities,Overhead,932746.62,618880.15,313866.47,50.72
2024-12-01,P-GRN,Greenville Drivetrain,Plant,Greenville,SC,South,336,Transportation Equipment,480,260000,Maintenance & Repair,Overhead,518639.05,546070.72,-27431.67,-5.02
2024-12-01,P-GRN,Greenville Drivetrain,Plant,Greenville,SC,South,336,Transportation Equipment,480,260000,Depreciation,Overhead,546070.72,546070.72,0.0,0.0
2024-12-01,P-GRN,Greenville Drivetrain,Plant,Greenville,SC,South,336,Transportation Equipment,480,260000,Facilities,Overhead,254833.0,254833.0,0.0,0.0
2024-12-01,P-GRN,Greenville Drivetrain,Plant,Greenville,SC,South,336,Transportation Equipment,480,260000,Freight & Logistics,Overhead,393287.38,424721.67,-31434.29,-7.4
2024-12-01,P-GRN,Greenville Drivetrain,Plant,Greenville,SC,South,336,Transportation Equipment,480,260000,IT & Systems,Overhead,195229.56,182023.57,13205.99,7.26
2024-12-01,P-GRN,Greenville Drivetrain,Plant,Greenville,SC,South,336,Transportation Equipment,480,260000,Other Overhead,Overhead,181780.98,182023.57,-242.59,-0.13
2022-01-01,P-FRS,Fresno Polymers,Plant,Fresno,CA,West,326,Plastics & Rubber,240,120000,Direct Labor,COGS,838281.6,838281.6,0.0,0.0
2022-01-01,P-FRS,Fresno Polymers,Plant,Fresno,CA,West,326,Plastics & Rubber,240,120000,Indirect Labor,COGS,325998.4,325998.4,0.0,0.0
2022-01-01,P-FRS,Fresno Polymers,Plant,Fresno,CA,West,326,Plastics & Rubber,240,120000,Raw Materials,COGS,502668.0,517748.04,-15080.04,-2.91
2022-01-01,P-FRS,Fresno Polymers,Plant,Fresno,CA,West,326,Plastics & Rubber,240,120000,Consumables & Tooling,COGS,67976.21,65565.39,2410.82,3.68
2022-01-01,P-FRS,Fresno Polymers,Plant,Fresno,CA,West,326,Plastics & Rubber,240,120000,Utilities,Overhead,150800.4,111461.17,39339.23,35.29
2022-01-01,P-FRS,Fresno Polymers,Plant,Fresno,CA,West,326,Plastics & Rubber,240,120000,Maintenance & Repair,Overhead,89824.43,98348.09,-8523.66,-8.67
2022-01-01,P-FRS,Fresno Polymers,Plant,Fresno,CA,West,326,Plastics & Rubber,240,120000,Depreciation,Overhead,98348.09,98348.09,0.0,0.0
2022-01-01,P-FRS,Fresno Polymers,Plant,Fresno,CA,West,326,Plastics & Rubber,240,120000,Facilities,Overhead,76492.96,76492.96,0.0,0.0
2022-01-01,P-FRS,Fresno Polymers,Plant,Fresno,CA,West,326,Plastics & Rubber,240,120000,Freight & Logistics,Overhead,75557.54,76492.96,-935.42,-1.22
2022-01-01,P-FRS,Fresno Polymers,Plant,Fresno,CA,West,326,Plastics & Rubber,240,120000,IT & Systems,Overhead,33756.63,32782.7,973.93,2.97
2022-01-01,P-FRS,Fresno Polymers,Plant,Fresno,CA,West,326,Plastics & Rubber,240,120000,Other Overhead,Overhead,32134.19,32782.7,-648.51,-1.98
2022-02-01,P-FRS,Fresno Polymers,Plant,Fresno,CA,West,326,Plastics & Rubber,240,120000,Direct Labor,COGS,838281.6,838281.6,0.0,0.0
2022-02-01,P-FRS,Fresno Polymers,Plant,Fresno,CA,West,326,Plastics & Rubber,240,120000,Indirect Labor,COGS,325998.4,325998.4,0.0,0.0
2022-02-01,P-FRS,Fresno Polymers,Plant,Fresno,CA,West,326,Plastics & Rubber,240,120000,Raw Materials,COGS,439966.89,450911.34,-10944.45,-2.43
2022-02-01,P-FRS,Fresno Polymers,Plant,Fresno,CA,West,326,Plastics & Rubber,240,120000,Consumables & Tooling,COGS,56291.32,57386.99,-1095.67,-1.91
2022-02-01,P-FRS,Fresno Polymers,Plant,Fresno,CA,West,326,Plastics & Rubber,240,120000,Utilities,Overhead,127650.42,97557.88,30092.54,30.85
2022-02-01,P-FRS,Fresno Polymers,Plant,Fresno,CA,West,326,Plastics & Rubber,240,120000,Maintenance & Repair,Overhead,82728.88,86080.48,-3351.6,-3.89
2022-02-01,P-FRS,Fresno Polymers,Plant,Fresno,CA,West,326,Plastics & Rubber,240,120000,Depreciation,Overhead,86080.48,86080.48,0.0,0.0
2022-02-01,P-FRS,Fresno Polymers,Plant,Fresno,CA,West,326,Plastics & Rubber,240,120000,Facilities,Overhead,66951.48,66951.48,0.0,0.0
2022-02-01,P-FRS,Fresno Polymers,Plant,Fresno,CA,West,326,Plastics & Rubber,240,120000,Freight & Logistics,Overhead,66604.38,66951.48,-347.1,-0.52
2022-02-01,P-FRS,Fresno Polymers,Plant,Fresno,CA,West,326,Plastics & Rubber,240,120000,IT & Systems,Overhead,29894.4,28693.49,1200.91,4.19
2022-02-01,P-FRS,Fresno Polymers,Plant,Fresno,CA,West,326,Plastics & Rubber,240,120000,Other Overhead,Overhead,30618.78,28693.49,1925.29,6.71
2022-03-01,P-FRS,Fresno Polymers,Plant,Fresno,CA,West,326,Plastics & Rubber,240,120000,Direct Labor,COGS,838281.6,838281.6,0.0,0.0
2022-03-01,P-FRS,Fresno Polymers,Plant,Fresno,CA,West,326,Plastics & Rubber,240,120000,Indirect Labor,COGS,325998.4,325998.4,0.0,0.0
2022-03-01,P-FRS,Fresno Polymers,Plant,Fresno,CA,West,326,Plastics & Rubber,240,120000,Raw Materials,COGS,484454.45,494035.38,-9580.93,-1.94
2022-03-01,P-FRS,Fresno Polymers,Plant,Fresno,CA,West,326,Plastics & Rubber,240,120000,Consumables & Tooling,COGS,64446.41,63189.71,1256.7,1.99
2022-03-01,P-FRS,Fresno Polymers,Plant,Fresno,CA,West,326,Plastics & Rubber,240,120000,Utilities,Overhead,126372.82,107422.51,18950.31,17.64
2022-03-01,P-FRS,Fresno Polymers,Plant,Fresno,CA,West,326,Plastics & Rubber,240,120000,Maintenance & Repair,Overhead,103327.95,94784.57,8543.38,9.01
2022-03-01,P-FRS,Fresno Polymers,Plant,Fresno,CA,West,326,Plastics & Rubber,240,120000,Depreciation,Overhead,94784.57,94784.57,0.0,0.0
2022-03-01,P-FRS,Fresno Polymers,Plant,Fresno,CA,West,326,Plastics & Rubber,240,120000,Facilities,Overhead,73721.33,73721.33,0.0,0.0
2022-03-01,P-FRS,Fresno Polymers,Plant,Fresno,CA,West,326,Plastics & Rubber,240,120000,Freight & Logistics,Overhead,74998.2,73721.33,1276.87,1.73
2022-03-01,P-FRS,Fresno Polymers,Plant,Fresno,CA,West,326,Plastics & Rubber,240,120000,IT & Systems,Overhead,30943.93,31594.86,-650.93,-2.06
2022-03-01,P-FRS,Fresno Polymers,Plant,Fresno,CA,West,326,Plastics & Rubber,240,120000,Other Overhead,Overhead,32040.83,31594.86,445.97,1.41
2022-04-01,P-FRS,Fresno Polymers,Plant,Fresno,CA,West,326,Plastics & Rubber,240,120000,Direct Labor,COGS,838281.6,838281.6,0.0,0.0
2022-04-01,P-FRS,Fresno Polymers,Plant,Fresno,CA,West,326,Plastics & Rubber,240,120000,Indirect Labor,COGS,325998.4,325998.4,0.0,0.0
2022-04-01,P-FRS,Fresno Polymers,Plant,Fresno,CA,West,326,Plastics & Rubber,240,120000,Raw Materials,COGS,414047.11,420134.94,-6087.83,-1.45
2022-04-01,P-FRS,Fresno Polymers,Plant,Fresno,CA,West,326,Plastics & Rubber,240,120000,Consumables & Tooling,COGS,55043.68,54006.15,1037.53,1.92
2022-04-01,P-FRS,Fresno Polymers,Plant,Fresno,CA,West,326,Plastics & Rubber,240,120000,Utilities,Overhead,91140.06,91810.45,-670.39,-0.73
2022-04-01,P-FRS,Fresno Polymers,Plant,Fresno,CA,West,326,Plastics & Rubber,240,120000,Maintenance & Repair,Overhead,81936.35,81009.22,927.13,1.14
2022-04-01,P-FRS,Fresno Polymers,Plant,Fresno,CA,West,326,Plastics & Rubber,240,120000,Depreciation,Overhead,81009.22,81009.22,0.0,0.0
2022-04-01,P-FRS,Fresno Polymers,Plant,Fresno,CA,West,326,Plastics & Rubber,240,120000,Facilities,Overhead,63007.17,63007.17,0.0,0.0
2022-04-01,P-FRS,Fresno Polymers,Plant,Fresno,CA,West,326,Plastics & Rubber,240,120000,Freight & Logistics,Overhead,68164.65,63007.17,5157.48,8.19
2022-04-01,P-FRS,Fresno Polymers,Plant,Fresno,CA,West,326,Plastics & Rubber,240,120000,IT & Systems,Overhead,26591.26,27003.07,-411.81,-1.53
2022-04-01,P-FRS,Fresno Polymers,Plant,Fresno,CA,West,326,Plastics & Rubber,240,120000,Other Overhead,Overhead,26098.65,27003.07,-904.42,-3.35
2022-05-01,P-FRS,Fresno Polymers,Plant,Fresno,CA,West,326,Plastics & Rubber,240,120000,Direct Labor,COGS,838281.6,838281.6,0.0,0.0
2022-05-01,P-FRS,Fresno Polymers,Plant,Fresno,CA,West,326,Plastics & Rubber,240,120000,Indirect Labor,COGS,325998.4,325998.4,0.0,0.0
2022-05-01,P-FRS,Fresno Polymers,Plant,Fresno,CA,West,326,Plastics & Rubber,240,120000,Raw Materials,COGS,452108.26,456473.34,-4365.08,-0.96
2022-05-01,P-FRS,Fresno Polymers,Plant,Fresno,CA,West,326,Plastics & Rubber,240,120000,Consumables & Tooling,COGS,56827.6,58970.64,-2143.04,-3.63
2022-05-01,P-FRS,Fresno Polymers,Plant,Fresno,CA,West,326,Plastics & Rubber,240,120000,Utilities,Overhead,80945.52,100250.09,-19304.57,-19.26
2022-05-01,P-FRS,Fresno Polymers,Plant,Fresno,CA,West,326,Plastics & Rubber,240,120000,Maintenance & Repair,Overhead,88810.43,88455.96,354.47,0.4
2022-05-01,P-FRS,Fresno Polymers,Plant,Fresno,CA,West,326,Plastics & Rubber,240,120000,Depreciation,Overhead,88455.96,88455.96,0.0,0.0
2022-05-01,P-FRS,Fresno Polymers,Plant,Fresno,CA,West,326,Plastics & Rubber,240,120000,Facilities,Overhead,68799.08,68799.08,0.0,0.0
2022-05-01,P-FRS,Fresno Polymers,Plant,Fresno,CA,West,326,Plastics & Rubber,240,120000,Freight & Logistics,Overhead,64994.39,68799.08,-3804.69,-5.53
2022-05-01,P-FRS,Fresno Polymers,Plant,Fresno,CA,West,326,Plastics & Rubber,240,120000,IT & Systems,Overhead,27796.36,29485.32,-1688.96,-5.73
2022-05-01,P-FRS,Fresno Polymers,Plant,Fresno,CA,West,326,Plastics & Rubber,240,120000,Other Overhead,Overhead,30956.25,29485.32,1470.93,4.99
2022-06-01,P-FRS,Fresno Polymers,Plant,Fresno,CA,West,326,Plastics & Rubber,240,120000,Direct Labor,COGS,838281.6,838281.6,0.0,0.0
2022-06-01,P-FRS,Fresno Polymers,Plant,Fresno,CA,West,326,Plastics & Rubber,240,120000,Indirect Labor,COGS,325998.4,325998.4,0.0,0.0
2022-06-01,P-FRS,Fresno Polymers,Plant,Fresno,CA,West,326,Plastics & Rubber,240,120000,Raw Materials,COGS,441081.54,443124.54,-2043.0,-0.46
2022-06-01,P-FRS,Fresno Polymers,Plant,Fresno,CA,West,326,Plastics & Rubber,240,120000,Consumables & Tooling,COGS,56183.93,57532.38,-1348.45,-2.34
2022-06-01,P-FRS,Fresno Polymers,Plant,Fresno,CA,West,326,Plastics & Rubber,240,120000,Utilities,Overhead,65683.24,97805.04,-32121.8,-32.84
2022-06-01,P-FRS,Fresno Polymers,Plant,Fresno,CA,West,326,Plastics & Rubber,240,120000,Maintenance & Repair,Overhead,83403.16,86298.56,-2895.4,-3.36
2022-06-01,P-FRS,Fresno Polymers,Plant,Fresno,CA,West,326,Plastics & Rubber,240,120000,Depreciation,Overhead,86298.56,86298.56,0.0,0.0
2022-06-01,P-FRS,Fresno Polymers,Plant,Fresno,CA,West,326,Plastics & Rubber,240,120000,Facilities,Overhead,67121.1,67121.1,0.0,0.0
2022-06-01,P-FRS,Fresno Polymers,Plant,Fresno,CA,West,326,Plastics & Rubber,240,120000,Freight & Logistics,Overhead,71948.53,67121.1,4827.43,7.19
2022-06-01,P-FRS,Fresno Polymers,Plant,Fresno,CA,West,326,Plastics & Rubber,240,120000,IT & Systems,Overhead,29706.03,28766.19,939.84,3.27
2022-06-01,P-FRS,Fresno Polymers,Plant,Fresno,CA,West,326,Plastics & Rubber,240,120000,Other Overhead,Overhead,27430.79,28766.19,-1335.4,-4.64
2022-07-01,P-FRS,Fresno Polymers,Plant,Fresno,CA,West,326,Plastics & Rubber,240,120000,Direct Labor,COGS,838281.6,838281.6,0.0,0.0
2022-07-01,P-FRS,Fresno Polymers,Plant,Fresno,CA,West,326,Plastics & Rubber,240,120000,Indirect Labor,COGS,325998.4,325998.4,0.0,0.0
2022-07-01,P-FRS,Fresno Polymers,Plant,Fresno,CA,West,326,Plastics & Rubber,240,120000,Raw Materials,COGS,450260.55,450095.58,164.97,0.04
2022-07-01,P-FRS,Fresno Polymers,Plant,Fresno,CA,West,326,Plastics & Rubber,240,120000,Consumables & Tooling,COGS,60142.82,58729.64,1413.18,2.41
2022-07-01,P-FRS,Fresno Polymers,Plant,Fresno,CA,West,326,Plastics & Rubber,240,120000,Utilities,Overhead,62220.37,99840.38,-37620.01,-37.68
2022-07-01,P-FRS,Fresno Polymers,Plant,Fresno,CA,West,326,Plastics & Rubber,240,120000,Maintenance & Repair,Overhead,92064.33,88094.45,3969.88,4.51
2022-07-01,P-FRS,Fresno Polymers,Plant,Fresno,CA,West,326,Plastics & Rubber,240,120000,Depreciation,Overhead,88094.45,88094.45,0.0,0.0
2022-07-01,P-FRS,Fresno Polymers,Plant,Fresno,CA,West,326,Plastics & Rubber,240,120000,Facilities,Overhead,68517.91,68517.91,0.0,0.0
2022-07-01,P-FRS,Fresno Polymers,Plant,Fresno,CA,West,326,Plastics & Rubber,240,120000,Freight & Logistics,Overhead,63425.86,68517.91,-5092.05,-7.43
2022-07-01,P-FRS,Fresno Polymers,Plant,Fresno,CA,West,326,Plastics & Rubber,240,120000,IT & Systems,Overhead,30237.81,29364.82,872.99,2.97
2022-07-01,P-FRS,Fresno Polymers,Plant,Fresno,CA,West,326,Plastics & Rubber,240,120000,Other Overhead,Overhead,27544.07,29364.82,-1820.75,-6.2
2022-08-01,P-FRS,Fresno Polymers,Plant,Fresno,CA,West,326,Plastics & Rubber,240,120000,Direct Labor,COGS,838281.6,838281.6,0.0,0.0
2022-08-01,P-FRS,Fresno Polymers,Plant,Fresno,CA,West,326,Plastics & Rubber,240,120000,Indirect Labor,COGS,325998.4,325998.4,0.0,0.0
2022-08-01,P-FRS,Fresno Polymers,Plant,Fresno,CA,West,326,Plastics & Rubber,240,120000,Raw Materials,COGS,495662.36,493015.68,2646.68,0.54
2022-08-01,P-FRS,Fresno Polymers,Plant,Fresno,CA,West,326,Plastics & Rubber,240,120000,Consumables & Tooling,COGS,67777.03,64651.61,3125.42,4.83
2022-08-01,P-FRS,Fresno Polymers,Plant,Fresno,CA,West,326,Plastics & Rubber,240,120000,Utilities,Overhead,74427.46,109907.74,-35480.28,-32.28
2022-08-01,P-FRS,Fresno Polymers,Plant,Fresno,CA,West,326,Plastics & Rubber,240,120000,Maintenance & Repair,Overhead,99372.54,96977.42,2395.12,2.47
2022-08-01,P-FRS,Fresno Polymers,Plant,Fresno,CA,West,326,Plastics & Rubber,240,120000,Depreciation,Overhead,96977.42,96977.42,0.0,0.0
2022-08-01,P-FRS,Fresno Polymers,Plant,Fresno,CA,West,326,Plastics & Rubber,240,120000,Facilities,Overhead,75426.88,75426.88,0.0,0.0
2022-08-01,P-FRS,Fresno Polymers,Plant,Fresno,CA,West,326,Plastics & Rubber,240,120000,Freight & Logistics,Overhead,82104.24,75426.88,6677.36,8.85
2022-08-01,P-FRS,Fresno Polymers,Plant,Fresno,CA,West,326,Plastics & Rubber,240,120000,IT & Systems,Overhead,33720.1,32325.81,1394.29,4.31
2022-08-01,P-FRS,Fresno Polymers,Plant,Fresno,CA,West,326,Plastics & Rubber,240,120000,Other Overhead,Overhead,29034.14,32325.81,-3291.67,-10.18
2022-09-01,P-FRS,Fresno Polymers,Plant,Fresno,CA,West,326,Plastics & Rubber,240,120000,Direct Labor,COGS,838281.6,838281.6,0.0,0.0
2022-09-01,P-FRS,Fresno Polymers,Plant,Fresno,CA,West,326,Plastics & Rubber,240,120000,Indirect Labor,COGS,325998.4,325998.4,0.0,0.0
2022-09-01,P-FRS,Fresno Polymers,Plant,Fresno,CA,West,326,Plastics & Rubber,240,120000,Raw Materials,COGS,486020.6,481020.3,5000.3,1.04
2022-09-01,P-FRS,Fresno Polymers,Plant,Fresno,CA,West,326,Plastics & Rubber,240,120000,Consumables & Tooling,COGS,58031.53,63393.99,-5362.46,-8.46
2022-09-01,P-FRS,Fresno Polymers,Plant,Fresno,CA,West,326,Plastics & Rubber,240,120000,Utilities,Overhead,88476.57,107769.78,-19293.21,-17.9
2022-09-01,P-FRS,Fresno Polymers,Plant,Fresno,CA,West,326,Plastics & Rubber,240,120000,Maintenance & Repair,Overhead,90988.49,95090.99,-4102.5,-4.31
2022-09-01,P-FRS,Fresno Polymers,Plant,Fresno,CA,West,326,Plastics & Rubber,240,120000,Depreciation,Overhead,95090.99,95090.99,0.0,0.0
2022-09-01,P-FRS,Fresno Polymers,Plant,Fresno,CA,West,326,Plastics & Rubber,240,120000,Facilities,Overhead,73959.66,73959.66,0.0,0.0
2022-09-01,P-FRS,Fresno Polymers,Plant,Fresno,CA,West,326,Plastics & Rubber,240,120000,Freight & Logistics,Overhead,77178.3,73959.66,3218.64,4.35
2022-09-01,P-FRS,Fresno Polymers,Plant,Fresno,CA,West,326,Plastics & Rubber,240,120000,IT & Systems,Overhead,29206.05,31697.0,-2490.95,-7.86
2022-09-01,P-FRS,Fresno Polymers,Plant,Fresno,CA,West,326,Plastics & Rubber,240,120000,Other Overhead,Overhead,34690.25,31697.0,2993.25,9.44
2022-10-01,P-FRS,Fresno Polymers,Plant,Fresno,CA,West,326,Plastics & Rubber,240,120000,Direct Labor,COGS,838281.6,838281.6,0.0,0.0
2022-10-01,P-FRS,Fresno Polymers,Plant,Fresno,CA,West,326,Plastics & Rubber,240,120000,Indirect Labor,COGS,325998.4,325998.4,0.0,0.0
2022-10-01,P-FRS,Fresno Polymers,Plant,Fresno,CA,West,326,Plastics & Rubber,240,120000,Raw Materials,COGS,537757.02,529576.56,8180.46,1.54
2022-10-01,P-FRS,Fresno Polymers,Plant,Fresno,CA,West,326,Plastics & Rubber,240,120000,Consumables & Tooling,COGS,68750.89,70142.22,-1391.33,-1.98
2022-10-01,P-FRS,Fresno Polymers,Plant,Fresno,CA,West,326,Plastics & Rubber,240,120000,Utilities,Overhead,121361.37,119241.77,2119.6,1.78
2022-10-01,P-FRS,Fresno Polymers,Plant,Fresno,CA,West,326,Plastics & Rubber,240,120000,Maintenance & Repair,Overhead,108294.1,105213.33,3080.77,2.93
2022-10-01,P-FRS,Fresno Polymers,Plant,Fresno,CA,West,326,Plastics & Rubber,240,120000,Depreciation,Overhead,105213.33,105213.33,0.0,0.0
2022-10-01,P-FRS,Fresno Polymers,Plant,Fresno,CA,West,326,Plastics & Rubber,240,120000,Facilities,Overhead,81832.59,81832.59,0.0,0.0
2022-10-01,P-FRS,Fresno Polymers,Plant,Fresno,CA,West,326,Plastics & Rubber,240,120000,Freight & Logistics,Overhead,85750.71,81832.59,3918.12,4.79
2022-10-01,P-FRS,Fresno Polymers,Plant,Fresno,CA,West,326,Plastics & Rubber,240,120000,IT & Systems,Overhead,33852.31,35071.11,-1218.8,-3.48
2022-10-01,P-FRS,Fresno Polymers,Plant,Fresno,CA,West,326,Plastics & Rubber,240,120000,Other Overhead,Overhead,34354.24,35071.11,-716.87,-2.04
2022-11-01,P-FRS,Fresno Polymers,Plant,Fresno,CA,West,326,Plastics & Rubber,240,120000,Direct Labor,COGS,838281.6,838281.6,0.0,0.0
2022-11-01,P-FRS,Fresno Polymers,Plant,Fresno,CA,West,326,Plastics & Rubber,240,120000,Indirect Labor,COGS,325998.4,325998.4,0.0,0.0
2022-11-01,P-FRS,Fresno Polymers,Plant,Fresno,CA,West,326,Plastics & Rubber,240,120000,Raw Materials,COGS,498385.48,488362.14,10023.34,2.05
2022-11-01,P-FRS,Fresno Polymers,Plant,Fresno,CA,West,326,Plastics & Rubber,240,120000,Consumables & Tooling,COGS,65440.34,65006.8,433.54,0.67
2022-11-01,P-FRS,Fresno Polymers,Plant,Fresno,CA,West,326,Plastics & Rubber,240,120000,Utilities,Overhead,134404.1,110511.56,23892.54,21.62
2022-11-01,P-FRS,Fresno Polymers,Plant,Fresno,CA,West,326,Plastics & Rubber,240,120000,Maintenance & Repair,Overhead,92479.45,97510.2,-5030.75,-5.16
2022-11-01,P-FRS,Fresno Polymers,Plant,Fresno,CA,West,326,Plastics & Rubber,240,120000,Depreciation,Overhead,97510.2,97510.2,0.0,0.0
2022-11-01,P-FRS,Fresno Polymers,Plant,Fresno,CA,West,326,Plastics & Rubber,240,120000,Facilities,Overhead,75841.27,75841.27,0.0,0.0
2022-11-01,P-FRS,Fresno Polymers,Plant,Fresno,CA,West,326,Plastics & Rubber,240,120000,Freight & Logistics,Overhead,74159.59,75841.27,-1681.68,-2.22
2022-11-01,P-FRS,Fresno Polymers,Plant,Fresno,CA,West,326,Plastics & Rubber,240,120000,IT & Systems,Overhead,33113.26,32503.4,609.86,1.88
2022-11-01,P-FRS,Fresno Polymers,Plant,Fresno,CA,West,326,Plastics & Rubber,240,120000,Other Overhead,Overhead,31086.38,32503.4,-1417.02,-4.36
2022-12-01,P-FRS,Fresno Polymers,Plant,Fresno,CA,West,326,Plastics & Rubber,240,120000,Direct Labor,COGS,838281.6,838281.6,0.0,0.0
2022-12-01,P-FRS,Fresno Polymers,Plant,Fresno,CA,West,326,Plastics & Rubber,240,120000,Indirect Labor,COGS,325998.4,325998.4,0.0,0.0
2022-12-01,P-FRS,Fresno Polymers,Plant,Fresno,CA,West,326,Plastics & Rubber,240,120000,Raw Materials,COGS,557675.59,543741.12,13934.47,2.56
2022-12-01,P-FRS,Fresno Polymers,Plant,Fresno,CA,West,326,Plastics & Rubber,240,120000,Consumables & Tooling,COGS,77073.64,72740.29,4333.35,5.96
2022-12-01,P-FRS,Fresno Polymers,Plant,Fresno,CA,West,326,Plastics & Rubber,240,120000,Utilities,Overhead,168671.57,123658.5,45013.07,36.4
2022-12-01,P-FRS,Fresno Polymers,Plant,Fresno,CA,West,326,Plastics & Rubber,240,120000,Maintenance & Repair,Overhead,115489.88,109110.44,6379.44,5.85
2022-12-01,P-FRS,Fresno Polymers,Plant,Fresno,CA,West,326,Plastics & Rubber,240,120000,Depreciation,Overhead,109110.44,109110.44,0.0,0.0
2022-12-01,P-FRS,Fresno Polymers,Plant,Fresno,CA,West,326,Plastics & Rubber,240,120000,Facilities,Overhead,84863.68,84863.68,0.0,0.0
2022-12-01,P-FRS,Fresno Polymers,Plant,Fresno,CA,West,326,Plastics & Rubber,240,120000,Freight & Logistics,Overhead,80133.43,84863.68,-4730.25,-5.57
2022-12-01,P-FRS,Fresno Polymers,Plant,Fresno,CA,West,326,Plastics & Rubber,240,120000,IT & Systems,Overhead,37220.87,36370.15,850.72,2.34
2022-12-01,P-FRS,Fresno Polymers,Plant,Fresno,CA,West,326,Plastics & Rubber,240,120000,Other Overhead,Overhead,37180.32,36370.15,810.17,2.23
2023-01-01,P-FRS,Fresno Polymers,Plant,Fresno,CA,West,326,Plastics & Rubber,240,120000,Direct Labor,COGS,867621.46,867621.46,0.0,0.0
2023-01-01,P-FRS,Fresno Polymers,Plant,Fresno,CA,West,326,Plastics & Rubber,240,120000,Indirect Labor,COGS,337408.34,337408.34,0.0,0.0
2023-01-01,P-FRS,Fresno Polymers,Plant,Fresno,CA,West,326,Plastics & Rubber,240,120000,Raw Materials,COGS,521555.6,505993.68,15561.92,3.08
2023-01-01,P-FRS,Fresno Polymers,Plant,Fresno,CA,West,326,Plastics & Rubber,240,120000,Consumables & Tooling,COGS,67500.87,68028.99,-528.12,-0.78
2023-01-01,P-FRS,Fresno Polymers,Plant,Fresno,CA,West,326,Plastics & Rubber,240,120000,Utilities,Overhead,164471.81,115649.28,48822.53,42.22
2023-01-01,P-FRS,Fresno Polymers,Plant,Fresno,CA,West,326,Plastics & Rubber,240,120000,Maintenance & Repair,Overhead,101949.13,102043.49,-94.36,-0.09
2023-01-01,P-FRS,Fresno Polymers,Plant,Fresno,CA,West,326,Plastics & Rubber,240,120000,Depreciation,Overhead,102043.49,102043.49,0.0,0.0
2023-01-01,P-FRS,Fresno Polymers,Plant,Fresno,CA,West,326,Plastics & Rubber,240,120000,Facilities,Overhead,79367.16,79367.16,0.0,0.0
2023-01-01,P-FRS,Fresno Polymers,Plant,Fresno,CA,West,326,Plastics & Rubber,240,120000,Freight & Logistics,Overhead,76409.27,79367.16,-2957.89,-3.73
2023-01-01,P-FRS,Fresno Polymers,Plant,Fresno,CA,West,326,Plastics & Rubber,240,120000,IT & Systems,Overhead,32612.38,34014.5,-1402.12,-4.12
2023-01-01,P-FRS,Fresno Polymers,Plant,Fresno,CA,West,326,Plastics & Rubber,240,120000,Other Overhead,Overhead,36562.96,34014.5,2548.46,7.49
2023-02-01,P-FRS,Fresno Polymers,Plant,Fresno,CA,West,326,Plastics & Rubber,240,120000,Direct Labor,COGS,867621.46,867621.46,0.0,0.0
2023-02-01,P-FRS,Fresno Polymers,Plant,Fresno,CA,West,326,Plastics & Rubber,240,120000,Indirect Labor,COGS,337408.34,337408.34,0.0,0.0
2023-02-01,P-FRS,Fresno Polymers,Plant,Fresno,CA,West,326,Plastics & Rubber,240,120000,Raw Materials,COGS,481661.04,464964.66,16696.38,3.59
2023-02-01,P-FRS,Fresno Polymers,Plant,Fresno,CA,West,326,Plastics & Rubber,240,120000,Consumables & Tooling,COGS,68210.19,62825.35,5384.84,8.57
2023-02-01,P-FRS,Fresno Polymers,Plant,Fresno,CA,West,326,Plastics & Rubber,240,120000,Utilities,Overhead,146897.15,106803.1,40094.05,37.54
2023-02-01,P-FRS,Fresno Polymers,Plant,Fresno,CA,West,326,Plastics & Rubber,240,120000,Maintenance & Repair,Overhead,98754.11,94238.03,4516.08,4.79
2023-02-01,P-FRS,Fresno Polymers,Plant,Fresno,CA,West,326,Plastics & Rubber,240,120000,Depreciation,Overhead,94238.03,94238.03,0.0,0.0
2023-02-01,P-FRS,Fresno Polymers,Plant,Fresno,CA,West,326,Plastics & Rubber,240,120000,Facilities,Overhead,73296.25,73296.25,0.0,0.0
2023-02-01,P-FRS,Fresno Polymers,Plant,Fresno,CA,West,326,Plastics & Rubber,240,120000,Freight & Logistics,Overhead,74941.71,73296.25,1645.46,2.24
2023-02-01,P-FRS,Fresno Polymers,Plant,Fresno,CA,West,326,Plastics & Rubber,240,120000,IT & Systems,Overhead,32033.24,31412.68,620.56,1.98
2023-02-01,P-FRS,Fresno Polymers,Plant,Fresno,CA,West,326,Plastics & Rubber,240,120000,Other Overhead,Overhead,31845.49,31412.68,432.81,1.38
2023-03-01,P-FRS,Fresno Polymers,Plant,Fresno,CA,West,326,Plastics & Rubber,240,120000,Direct Labor,COGS,867621.46,867621.46,0.0,0.0
2023-03-01,P-FRS,Fresno Polymers,Plant,Fresno,CA,West,326,Plastics & Rubber,240,120000,Indirect Labor,COGS,337408.34,337408.34,0.0,0.0
2023-03-01,P-FRS,Fresno Polymers,Plant,Fresno,CA,West,326,Plastics & Rubber,240,120000,Raw Materials,COGS,480363.41,461404.98,18958.43,4.11
2023-03-01,P-FRS,Fresno Polymers,Plant,Fresno,CA,West,326,Plastics & Rubber,240,120000,Consumables & Tooling,COGS,62410.95,62656.1,-245.15,-0.39
2023-03-01,P-FRS,Fresno Polymers,Plant,Fresno,CA,West,326,Plastics & Rubber,240,120000,Utilities,Overhead,131716.52,106515.36,25201.16,23.66
2023-03-01,P-FRS,Fresno Polymers,Plant,Fresno,CA,West,326,Plastics & Rubber,240,120000,Maintenance & Repair,Overhead,88944.47,93984.15,-5039.68,-5.36
2023-03-01,P-FRS,Fresno Polymers,Plant,Fresno,CA,West,326,Plastics & Rubber,240,120000,Depreciation,Overhead,93984.15,93984.15,0.0,0.0
2023-03-01,P-FRS,Fresno Polymers,Plant,Fresno,CA,West,326,Plastics & Rubber,240,120000,Facilities,Overhead,73098.78,73098.78,0.0,0.0
2023-03-01,P-FRS,Fresno Polymers,Plant,Fresno,CA,West,326,Plastics & Rubber,240,120000,Freight & Logistics,Overhead,75806.41,73098.78,2707.63,3.7
2023-03-01,P-FRS,Fresno Polymers,Plant,Fresno,CA,West,326,Plastics & Rubber,240,120000,IT & Systems,Overhead,30333.84,31328.05,-994.21,-3.17
2023-03-01,P-FRS,Fresno Polymers,Plant,Fresno,CA,West,326,Plastics & Rubber,240,120000,Other Overhead,Overhead,30814.46,31328.05,-513.59,-1.64
2023-04-01,P-FRS,Fresno Polymers,Plant,Fresno,CA,West,326,Plastics & Rubber,240,120000,Direct Labor,COGS,867621.46,867621.46,0.0,0.0
2023-04-01,P-FRS,Fresno Polymers,Plant,Fresno,CA,West,326,Plastics & Rubber,240,120000,Indirect Labor,COGS,337408.34,337408.34,0.0,0.0
2023-04-01,P-FRS,Fresno Polymers,Plant,Fresno,CA,West,326,Plastics & Rubber,240,120000,Raw Materials,COGS,489632.22,467968.14,21664.08,4.63
2023-04-01,P-FRS,Fresno Polymers,Plant,Fresno,CA,West,326,Plastics & Rubber,240,120000,Consumables & Tooling,COGS,64588.41,63865.07,723.34,1.13
2023-04-01,P-FRS,Fresno Polymers,Plant,Fresno,CA,West,326,Plastics & Rubber,240,120000,Utilities,Overhead,113291.98,108570.62,4721.36,4.35
2023-04-01,P-FRS,Fresno Polymers,Plant,Fresno,CA,West,326,Plastics & Rubber,240,120000,Maintenance & Repair,Overhead,98379.08,95797.61,2581.47,2.69
2023-04-01,P-FRS,Fresno Polymers,Plant,Fresno,CA,West,326,Plastics & Rubber,240,120000,Depreciation,Overhead,95797.61,95797.61,0.0,0.0
2023-04-01,P-FRS,Fresno Polymers,Plant,Fresno,CA,West,326,Plastics & Rubber,240,120000,Facilities,Overhead,74509.25,74509.25,0.0,0.0
2023-04-01,P-FRS,Fresno Polymers,Plant,Fresno,CA,West,326,Plastics & Rubber,240,120000,Freight & Logistics,Overhead,70358.64,74509.25,-4150.61,-5.57
2023-04-01,P-FRS,Fresno Polymers,Plant,Fresno,CA,West,326,Plastics & Rubber,240,120000,IT & Systems,Overhead,32293.59,31932.54,361.05,1.13
2023-04-01,P-FRS,Fresno Polymers,Plant,Fresno,CA,West,326,Plastics & Rubber,240,120000,Other Overhead,Overhead,30902.06,31932.54,-1030.48,-3.23
2023-05-01,P-FRS,Fresno Polymers,Plant,Fresno,CA,West,326,Plastics & Rubber,240,120000,Direct Labor,COGS,867621.46,867621.46,0.0,0.0
2023-05-01,P-FRS,Fresno Polymers,Plant,Fresno,CA,West,326,Plastics & Rubber,240,120000,Indirect Labor,COGS,337408.34,337408.34,0.0,0.0
2023-05-01,P-FRS,Fresno Polymers,Plant,Fresno,CA,West,326,Plastics & Rubber,240,120000,Raw Materials,COGS,443907.54,422155.8,21751.74,5.15
2023-05-01,P-FRS,Fresno Polymers,Plant,Fresno,CA,West,326,Plastics & Rubber,240,120000,Consumables & Tooling,COGS,57419.34,57900.98,-481.64,-0.83
2023-05-01,P-FRS,Fresno Polymers,Plant,Fresno,CA,West,326,Plastics & Rubber,240,120000,Utilities,Overhead,83543.47,98431.67,-14888.2,-15.13
2023-05-01,P-FRS,Fresno Polymers,Plant,Fresno,CA,West,326,Plastics & Rubber,240,120000,Maintenance & Repair,Overhead,92992.45,86851.48,6140.97,7.07
2023-05-01,P-FRS,Fresno Polymers,Plant,Fresno,CA,West,326,Plastics & Rubber,240,120000,Depreciation,Overhead,86851.48,86851.48,0.0,0.0
2023-05-01,P-FRS,Fresno Polymers,Plant,Fresno,CA,West,326,Plastics & Rubber,240,120000,Facilities,Overhead,67551.15,67551.15,0.0,0.0
2023-05-01,P-FRS,Fresno Polymers,Plant,Fresno,CA,West,326,Plastics & Rubber,240,120000,Freight & Logistics,Overhead,63686.84,67551.15,-3864.31,-5.72
2023-05-01,P-FRS,Fresno Polymers,Plant,Fresno,CA,West,326,Plastics & Rubber,240,120000,IT & Systems,Overhead,29173.59,28950.49,223.1,0.77
2023-05-01,P-FRS,Fresno Polymers,Plant,Fresno,CA,West,326,Plastics & Rubber,240,120000,Other Overhead,Overhead,28881.9,28950.49,-68.59,-0.24
2023-06-01,P-FRS,Fresno Polymers,Plant,Fresno,CA,West,326,Plastics & Rubber,240,120000,Direct Labor,COGS,867621.46,867621.46,0.0,0.0
2023-06-01,P-FRS,Fresno Polymers,Plant,Fresno,CA,West,326,Plastics & Rubber,240,120000,Indirect Labor,COGS,337408.34,337408.34,0.0,0.0
2023-06-01,P-FRS,Fresno Polymers,Plant,Fresno,CA,West,326,Plastics & Rubber,240,120000,Raw Materials,COGS,497607.44,440065.44,57542.0,13.08
2023-06-01,P-FRS,Fresno Polymers,Plant,Fresno,CA,West,326,Plastics & Rubber,240,120000,Consumables & Tooling,COGS,63415.33,60659.18,2756.15,4.54
2023-06-01,P-FRS,Fresno Polymers,Plant,Fresno,CA,West,326,Plastics & Rubber,240,120000,Utilities,Overhead,72796.14,103120.6,-30324.46,-29.41
2023-06-01,P-FRS,Fresno Polymers,Plant,Fresno,CA,West,326,Plastics & Rubber,240,120000,Maintenance & Repair,Overhead,79094.83,90988.76,-11893.93,-13.07
2023-06-01,P-FRS,Fresno Polymers,Plant,Fresno,CA,West,326,Plastics & Rubber,240,120000,Depreciation,Overhead,90988.76,90988.76,0.0,0.0
2023-06-01,P-FRS,Fresno Polymers,Plant,Fresno,CA,West,326,Plastics & Rubber,240,120000,Facilities,Overhead,70769.04,70769.04,0.0,0.0
2023-06-01,P-FRS,Fresno Polymers,Plant,Fresno,CA,West,326,Plastics & Rubber,240,120000,Freight & Logistics,Overhead,73358.24,70769.04,2589.2,3.66
2023-06-01,P-FRS,Fresno Polymers,Plant,Fresno,CA,West,326,Plastics & Rubber,240,120000,IT & Systems,Overhead,30621.73,30329.59,292.14,0.96
2023-06-01,P-FRS,Fresno Polymers,Plant,Fresno,CA,West,326,Plastics & Rubber,240,120000,Other Overhead,Overhead,31717.19,30329.59,1387.6,4.58
2023-07-01,P-FRS,Fresno Polymers,Plant,Fresno,CA,West,326,Plastics & Rubber,240,120000,Direct Labor,COGS,867621.46,867621.46,0.0,0.0
2023-07-01,P-FRS,Fresno Polymers,Plant,Fresno,CA,West,326,Plastics & Rubber,240,120000,Indirect Labor,COGS,337408.34,337408.34,0.0,0.0
2023-07-01,P-FRS,Fresno Polymers,Plant,Fresno,CA,West,326,Plastics & Rubber,240,120000,Raw Materials,COGS,511514.91,450114.12,61400.79,13.64
2023-07-01,P-FRS,Fresno Polymers,Plant,Fresno,CA,West,326,Plastics & Rubber,240,120000,Consumables & Tooling,COGS,59453.12,62354.52,-2901.4,-4.65
2023-07-01,P-FRS,Fresno Polymers,Plant,Fresno,CA,West,326,Plastics & Rubber,240,120000,Utilities,Overhead,100688.72,106002.68,-5313.96,-5.01
2023-07-01,P-FRS,Fresno Polymers,Plant,Fresno,CA,West,326,Plastics & Rubber,240,120000,Maintenance & Repair,Overhead,91964.55,93531.78,-1567.23,-1.68
2023-07-01,P-FRS,Fresno Polymers,Plant,Fresno,CA,West,326,Plastics & Rubber,240,120000,Depreciation,Overhead,93531.78,93531.78,0.0,0.0
2023-07-01,P-FRS,Fresno Polymers,Plant,Fresno,CA,West,326,Plastics & Rubber,240,120000,Facilities,Overhead,72746.94,72746.94,0.0,0.0
2023-07-01,P-FRS,Fresno Polymers,Plant,Fresno,CA,West,326,Plastics & Rubber,240,120000,Freight & Logistics,Overhead,67771.92,72746.94,-4975.02,-6.84
2023-07-01,P-FRS,Fresno Polymers,Plant,Fresno,CA,West,326,Plastics & Rubber,240,120000,IT & Systems,Overhead,31749.82,31177.26,572.56,1.84
2023-07-01,P-FRS,Fresno Polymers,Plant,Fresno,CA,West,326,Plastics & Rubber,240,120000,Other Overhead,Overhead,34182.48,31177.26,3005.22,9.64
2023-08-01,P-FRS,Fresno Polymers,Plant,Fresno,CA,West,326,Plastics & Rubber,240,120000,Direct Labor,COGS,867621.46,867621.46,0.0,0.0
2023-08-01,P-FRS,Fresno Polymers,Plant,Fresno,CA,West,326,Plastics & Rubber,240,120000,Indirect Labor,COGS,337408.34,337408.34,0.0,0.0
2023-08-01,P-FRS,Fresno Polymers,Plant,Fresno,CA,West,326,Plastics & Rubber,240,120000,Raw Materials,COGS,543822.54,476162.82,67659.72,14.21
2023-08-01,P-FRS,Fresno Polymers,Plant,Fresno,CA,West,326,Plastics & Rubber,240,120000,Consumables & Tooling,COGS,56669.38,66292.87,-9623.49,-14.52
2023-08-01,P-FRS,Fresno Polymers,Plant,Fresno,CA,West,326,Plastics & Rubber,240,120000,Utilities,Overhead,116321.05,112697.89,3623.16,3.21
2023-08-01,P-FRS,Fresno Polymers,Plant,Fresno,CA,West,326,Plastics & Rubber,240,120000,Maintenance & Repair,Overhead,84279.62,99439.31,-15159.69,-15.25
2023-08-01,P-FRS,Fresno Polymers,Plant,Fresno,CA,West,326,Plastics & Rubber,240,120000,Depreciation,Overhead,99439.31,99439.31,0.0,0.0
2023-08-01,P-FRS,Fresno Polymers,Plant,Fresno,CA,West,326,Plastics & Rubber,240,120000,Facilities,Overhead,77341.69,77341.69,0.0,0.0
2023-08-01,P-FRS,Fresno Polymers,Plant,Fresno,CA,West,326,Plastics & Rubber,240,120000,Freight & Logistics,Overhead,78694.34,77341.69,1352.65,1.75
2023-08-01,P-FRS,Fresno Polymers,Plant,Fresno,CA,West,326,Plastics & Rubber,240,120000,IT & Systems,Overhead,30109.03,33146.44,-3037.41,-9.16
2023-08-01,P-FRS,Fresno Polymers,Plant,Fresno,CA,West,326,Plastics & Rubber,240,120000,Other Overhead,Overhead,33346.67,33146.44,200.23,0.6
2023-09-01,P-FRS,Fresno Polymers,Plant,Fresno,CA,West,326,Plastics & Rubber,240,120000,Direct Labor,COGS,867621.46,867621.46,0.0,0.0
2023-09-01,P-FRS,Fresno Polymers,Plant,Fresno,CA,West,326,Plastics & Rubber,240,120000,Indirect Labor,COGS,337408.34,337408.34,0.0,0.0
2023-09-01,P-FRS,Fresno Polymers,Plant,Fresno,CA,West,326,Plastics & Rubber,240,120000,Raw Materials,COGS,603828.2,526072.5,77755.7,14.78
2023-09-01,P-FRS,Fresno Polymers,Plant,Fresno,CA,West,326,Plastics & Rubber,240,120000,Consumables & Tooling,COGS,71219.93,73607.66,-2387.73,-3.24
2023-09-01,P-FRS,Fresno Polymers,Plant,Fresno,CA,West,326,Plastics & Rubber,240,120000,Utilities,Overhead,156581.63,125133.03,31448.6,25.13
2023-09-01,P-FRS,Fresno Polymers,Plant,Fresno,CA,West,326,Plastics & Rubber,240,120000,Maintenance & Repair,Overhead,115920.3,110411.49,5508.81,4.99
2023-09-01,P-FRS,Fresno Polymers,Plant,Fresno,CA,West,326,Plastics & Rubber,240,120000,Depreciation,Overhead,110411.49,110411.49,0.0,0.0
2023-09-01,P-FRS,Fresno Polymers,Plant,Fresno,CA,West,326,Plastics & Rubber,240,120000,Facilities,Overhead,85875.61,85875.61,0.0,0.0
2023-09-01,P-FRS,Fresno Polymers,Plant,Fresno,CA,West,326,Plastics & Rubber,240,120000,Freight & Logistics,Overhead,88265.23,85875.61,2389.62,2.78
2023-09-01,P-FRS,Fresno Polymers,Plant,Fresno,CA,West,326,Plastics & Rubber,240,120000,IT & Systems,Overhead,38396.09,36803.83,1592.26,4.33
2023-09-01,P-FRS,Fresno Polymers,Plant,Fresno,CA,West,326,Plastics & Rubber,240,120000,Other Overhead,Overhead,38112.91,36803.83,1309.08,3.56
2023-10-01,P-FRS,Fresno Polymers,Plant,Fresno,CA,West,326,Plastics & Rubber,240,120000,Direct Labor,COGS,867621.46,867621.46,0.0,0.0
2023-10-01,P-FRS,Fresno Polymers,Plant,Fresno,CA,West,326,Plastics & Rubber,240,120000,Indirect Labor,COGS,337408.34,337408.34,0.0,0.0
2023-10-01,P-FRS,Fresno Polymers,Plant,Fresno,CA,West,326,Plastics & Rubber,240,120000,Raw Materials,COGS,592218.84,513391.14,78827.7,15.35
2023-10-01,P-FRS,Fresno Polymers,Plant,Fresno,CA,West,326,Plastics & Rubber,240,120000,Consumables & Tooling,COGS,67497.7,72192.46,-4694.76,-6.5
2023-10-01,P-FRS,Fresno Polymers,Plant,Fresno,CA,West,326,Plastics & Rubber,240,120000,Utilities,Overhead,131299.31,122727.19,8572.12,6.98
2023-10-01,P-FRS,Fresno Polymers,Plant,Fresno,CA,West,326,Plastics & Rubber,240,120000,Maintenance & Repair,Overhead,107708.43,108288.69,-580.26,-0.54
2023-10-01,P-FRS,Fresno Polymers,Plant,Fresno,CA,West,326,Plastics & Rubber,240,120000,Depreciation,Overhead,108288.69,108288.69,0.0,0.0
2023-10-01,P-FRS,Fresno Polymers,Plant,Fresno,CA,West,326,Plastics & Rubber,240,120000,Facilities,Overhead,84224.54,84224.54,0.0,0.0
2023-10-01,P-FRS,Fresno Polymers,Plant,Fresno,CA,West,326,Plastics & Rubber,240,120000,Freight & Logistics,Overhead,87303.25,84224.54,3078.71,3.66
2023-10-01,P-FRS,Fresno Polymers,Plant,Fresno,CA,West,326,Plastics & Rubber,240,120000,IT & Systems,Overhead,37801.46,36096.23,1705.23,4.72
2023-10-01,P-FRS,Fresno Polymers,Plant,Fresno,CA,West,326,Plastics & Rubber,240,120000,Other Overhead,Overhead,36580.33,36096.23,484.1,1.34
2023-11-01,P-FRS,Fresno Polymers,Plant,Fresno,CA,West,326,Plastics & Rubber,240,120000,Direct Labor,COGS,867621.46,867621.46,0.0,0.0
2023-11-01,P-FRS,Fresno Polymers,Plant,Fresno,CA,West,326,Plastics & Rubber,240,120000,Indirect Labor,COGS,337408.34,337408.34,0.0,0.0
2023-11-01,P-FRS,Fresno Polymers,Plant,Fresno,CA,West,326,Plastics & Rubber,240,120000,Raw Materials,COGS,649021.46,559833.84,89187.62,15.93
2023-11-01,P-FRS,Fresno Polymers,Plant,Fresno,CA,West,326,Plastics & Rubber,240,120000,Consumables & Tooling,COGS,82520.87,79116.8,3404.07,4.3
2023-11-01,P-FRS,Fresno Polymers,Plant,Fresno,CA,West,326,Plastics & Rubber,240,120000,Utilities,Overhead,171945.98,134498.56,37447.42,27.84
2023-11-01,P-FRS,Fresno Polymers,Plant,Fresno,CA,West,326,Plastics & Rubber,240,120000,Maintenance & Repair,Overhead,113145.56,118675.2,-5529.64,-4.66
2023-11-01,P-FRS,Fresno Polymers,Plant,Fresno,CA,West,326,Plastics & Rubber,240,120000,Depreciation,Overhead,118675.2,118675.2,0.0,0.0
2023-11-01,P-FRS,Fresno Polymers,Plant,Fresno,CA,West,326,Plastics & Rubber,240,120000,Facilities,Overhead,92302.93,92302.93,0.0,0.0
2023-11-01,P-FRS,Fresno Polymers,Plant,Fresno,CA,West,326,Plastics & Rubber,240,120000,Freight & Logistics,Overhead,88691.67,92302.93,-3611.26,-3.91
2023-11-01,P-FRS,Fresno Polymers,Plant,Fresno,CA,West,326,Plastics & Rubber,240,120000,IT & Systems,Overhead,36299.28,39558.4,-3259.12,-8.24
2023-11-01,P-FRS,Fresno Polymers,Plant,Fresno,CA,West,326,Plastics & Rubber,240,120000,Other Overhead,Overhead,41111.85,39558.4,1553.45,3.93
2023-12-01,P-FRS,Fresno Polymers,Plant,Fresno,CA,West,326,Plastics & Rubber,240,120000,Direct Labor,COGS,867621.46,867621.46,0.0,0.0
2023-12-01,P-FRS,Fresno Polymers,Plant,Fresno,CA,West,326,Plastics & Rubber,240,120000,Indirect Labor,COGS,337408.34,337408.34,0.0,0.0
2023-12-01,P-FRS,Fresno Polymers,Plant,Fresno,CA,West,326,Plastics & Rubber,240,120000,Raw Materials,COGS,593878.82,509720.22,84158.6,16.51
2023-12-01,P-FRS,Fresno Polymers,Plant,Fresno,CA,West,326,Plastics & Rubber,240,120000,Consumables & Tooling,COGS,78947.92,72394.82,6553.1,9.05
2023-12-01,P-FRS,Fresno Polymers,Plant,Fresno,CA,West,326,Plastics & Rubber,240,120000,Utilities,Overhead,176459.04,123071.19,53387.85,43.38
2023-12-01,P-FRS,Fresno Polymers,Plant,Fresno,CA,West,326,Plastics & Rubber,240,120000,Maintenance & Repair,Overhead,112056.22,108592.23,3463.99,3.19
2023-12-01,P-FRS,Fresno Polymers,Plant,Fresno,CA,West,326,Plastics & Rubber,240,120000,Depreciation,Overhead,108592.23,108592.23,0.0,0.0
2023-12-01,P-FRS,Fresno Polymers,Plant,Fresno,CA,West,326,Plastics & Rubber,240,120000,Facilities,Overhead,84460.62,84460.62,0.0,0.0
2023-12-01,P-FRS,Fresno Polymers,Plant,Fresno,CA,West,326,Plastics & Rubber,240,120000,Freight & Logistics,Overhead,89937.72,84460.62,5477.1,6.48
2023-12-01,P-FRS,Fresno Polymers,Plant,Fresno,CA,West,326,Plastics & Rubber,240,120000,IT & Systems,Overhead,34775.88,36197.41,-1421.53,-3.93
2023-12-01,P-FRS,Fresno Polymers,Plant,Fresno,CA,West,326,Plastics & Rubber,240,120000,Other Overhead,Overhead,35991.01,36197.41,-206.4,-0.57
2024-01-01,P-FRS,Fresno Polymers,Plant,Fresno,CA,West,326,Plastics & Rubber,240,120000,Direct Labor,COGS,897988.21,897988.21,0.0,0.0
2024-01-01,P-FRS,Fresno Polymers,Plant,Fresno,CA,West,326,Plastics & Rubber,240,120000,Indirect Labor,COGS,349217.64,349217.64,0.0,0.0
2024-01-01,P-FRS,Fresno Polymers,Plant,Fresno,CA,West,326,Plastics & Rubber,240,120000,Raw Materials,COGS,598281.01,510943.86,87337.15,17.09
2024-01-01,P-FRS,Fresno Polymers,Plant,Fresno,CA,West,326,Plastics & Rubber,240,120000,Consumables & Tooling,COGS,81670.48,72931.45,8739.03,11.98
2024-01-01,P-FRS,Fresno Polymers,Plant,Fresno,CA,West,326,Plastics & Rubber,240,120000,Utilities,Overhead,185345.45,123983.47,61361.98,49.49
2024-01-01,P-FRS,Fresno Polymers,Plant,Fresno,CA,West,326,Plastics & Rubber,240,120000,Maintenance & Repair,Overhead,109375.93,109397.18,-21.25,-0.02
2024-01-01,P-FRS,Fresno Polymers,Plant,Fresno,CA,West,326,Plastics & Rubber,240,120000,Depreciation,Overhead,109397.18,109397.18,0.0,0.0
2024-01-01,P-FRS,Fresno Polymers,Plant,Fresno,CA,West,326,Plastics & Rubber,240,120000,Facilities,Overhead,85086.69,85086.69,0.0,0.0
2024-01-01,P-FRS,Fresno Polymers,Plant,Fresno,CA,West,326,Plastics & Rubber,240,120000,Freight & Logistics,Overhead,82778.89,85086.69,-2307.8,-2.71
2024-01-01,P-FRS,Fresno Polymers,Plant,Fresno,CA,West,326,Plastics & Rubber,240,120000,IT & Systems,Overhead,38341.34,36465.73,1875.61,5.14
2024-01-01,P-FRS,Fresno Polymers,Plant,Fresno,CA,West,326,Plastics & Rubber,240,120000,Other Overhead,Overhead,35910.97,36465.73,-554.76,-1.52
2024-02-01,P-FRS,Fresno Polymers,Plant,Fresno,CA,West,326,Plastics & Rubber,240,120000,Direct Labor,COGS,897988.21,897988.21,0.0,0.0
2024-02-01,P-FRS,Fresno Polymers,Plant,Fresno,CA,West,326,Plastics & Rubber,240,120000,Indirect Labor,COGS,349217.64,349217.64,0.0,0.0
2024-02-01,P-FRS,Fresno Polymers,Plant,Fresno,CA,West,326,Plastics & Rubber,240,120000,Raw Materials,COGS,529885.09,450280.98,79604.11,17.68
2024-02-01,P-FRS,Fresno Polymers,Plant,Fresno,CA,West,326,Plastics & Rubber,240,120000,Consumables & Tooling,COGS,67766.45,64593.88,3172.57,4.91
2024-02-01,P-FRS,Fresno Polymers,Plant,Fresno,CA,West,326,Plastics & Rubber,240,120000,Utilities,Overhead,158759.38,109809.59,48949.79,44.58
2024-02-01,P-FRS,Fresno Polymers,Plant,Fresno,CA,West,326,Plastics & Rubber,240,120000,Maintenance & Repair,Overhead,95154.35,96890.81,-1736.46,-1.79
2024-02-01,P-FRS,Fresno Polymers,Plant,Fresno,CA,West,326,Plastics & Rubber,240,120000,Depreciation,Overhead,96890.81,96890.81,0.0,0.0
2024-02-01,P-FRS,Fresno Polymers,Plant,Fresno,CA,West,326,Plastics & Rubber,240,120000,Facilities,Overhead,75359.52,75359.52,0.0,0.0
2024-02-01,P-FRS,Fresno Polymers,Plant,Fresno,CA,West,326,Plastics & Rubber,240,120000,Freight & Logistics,Overhead,73214.33,75359.52,-2145.19,-2.85
2024-02-01,P-FRS,Fresno Polymers,Plant,Fresno,CA,West,326,Plastics & Rubber,240,120000,IT & Systems,Overhead,30550.83,32296.94,-1746.11,-5.41
2024-02-01,P-FRS,Fresno Polymers,Plant,Fresno,CA,West,326,Plastics & Rubber,240,120000,Other Overhead,Overhead,33429.38,32296.94,1132.44,3.51
2024-03-01,P-FRS,Fresno Polymers,Plant,Fresno,CA,West,326,Plastics & Rubber,240,120000,Direct Labor,COGS,897988.21,897988.21,0.0,0.0
2024-03-01,P-FRS,Fresno Polymers,Plant,Fresno,CA,West,326,Plastics & Rubber,240,120000,Indirect Labor,COGS,349217.64,349217.64,0.0,0.0
2024-03-01,P-FRS,Fresno Polymers,Plant,Fresno,CA,West,326,Plastics & Rubber,240,120000,Raw Materials,COGS,565687.73,478313.46,87374.27,18.27
2024-03-01,P-FRS,Fresno Polymers,Plant,Fresno,CA,West,326,Plastics & Rubber,240,120000,Consumables & Tooling,COGS,67005.97,68958.28,-1952.31,-2.83
2024-03-01,P-FRS,Fresno Polymers,Plant,Fresno,CA,West,326,Plastics & Rubber,240,120000,Utilities,Overhead,152381.74,117229.07,35152.67,29.99
2024-03-01,P-FRS,Fresno Polymers,Plant,Fresno,CA,West,326,Plastics & Rubber,240,120000,Maintenance & Repair,Overhead,92437.09,103437.42,-11000.33,-10.63
2024-03-01,P-FRS,Fresno Polymers,Plant,Fresno,CA,West,326,Plastics & Rubber,240,120000,Depreciation,Overhead,103437.42,103437.42,0.0,0.0
2024-03-01,P-FRS,Fresno Polymers,Plant,Fresno,CA,West,326,Plastics & Rubber,240,120000,Facilities,Overhead,80451.32,80451.32,0.0,0.0
2024-03-01,P-FRS,Fresno Polymers,Plant,Fresno,CA,West,326,Plastics & Rubber,240,120000,Freight & Logistics,Overhead,72312.13,80451.32,-8139.19,-10.12
2024-03-01,P-FRS,Fresno Polymers,Plant,Fresno,CA,West,326,Plastics & Rubber,240,120000,IT & Systems,Overhead,32913.54,34479.14,-1565.6,-4.54
2024-03-01,P-FRS,Fresno Polymers,Plant,Fresno,CA,West,326,Plastics & Rubber,240,120000,Other Overhead,Overhead,37625.5,34479.14,3146.36,9.13
2024-04-01,P-FRS,Fresno Polymers,Plant,Fresno,CA,West,326,Plastics & Rubber,240,120000,Direct Labor,COGS,897988.21,897988.21,0.0,0.0
2024-04-01,P-FRS,Fresno Polymers,Plant,Fresno,CA,West,326,Plastics & Rubber,240,120000,Indirect Labor,COGS,349217.64,349217.64,0.0,0.0
2024-04-01,P-FRS,Fresno Polymers,Plant,Fresno,CA,West,326,Plastics & Rubber,240,120000,Raw Materials,COGS,505117.55,424973.88,80143.67,18.86
2024-04-01,P-FRS,Fresno Polymers,Plant,Fresno,CA,West,326,Plastics & Rubber,240,120000,Consumables & Tooling,COGS,63473.95,61574.67,1899.28,3.08
2024-04-01,P-FRS,Fresno Polymers,Plant,Fresno,CA,West,326,Plastics & Rubber,240,120000,Utilities,Overhead,114817.34,104676.94,10140.4,9.69
2024-04-01,P-FRS,Fresno Polymers,Plant,Fresno,CA,West,326,Plastics & Rubber,240,120000,Maintenance & Repair,Overhead,87809.62,92362.01,-4552.39,-4.93
2024-04-01,P-FRS,Fresno Polymers,Plant,Fresno,CA,West,326,Plastics & Rubber,240,120000,Depreciation,Overhead,92362.01,92362.01,0.0,0.0
2024-04-01,P-FRS,Fresno Polymers,Plant,Fresno,CA,West,326,Plastics & Rubber,240,120000,Facilities,Overhead,71837.12,71837.12,0.0,0.0
2024-04-01,P-FRS,Fresno Polymers,Plant,Fresno,CA,West,326,Plastics & Rubber,240,120000,Freight & Logistics,Overhead,81487.73,71837.12,9650.61,13.43
2024-04-01,P-FRS,Fresno Polymers,Plant,Fresno,CA,West,326,Plastics & Rubber,240,120000,IT & Systems,Overhead,30551.87,30787.34,-235.47,-0.76
2024-04-01,P-FRS,Fresno Polymers,Plant,Fresno,CA,West,326,Plastics & Rubber,240,120000,Other Overhead,Overhead,29267.29,30787.34,-1520.05,-4.94
2024-05-01,P-FRS,Fresno Polymers,Plant,Fresno,CA,West,326,Plastics & Rubber,240,120000,Direct Labor,COGS,897988.21,897988.21,0.0,0.0
2024-05-01,P-FRS,Fresno Polymers,Plant,Fresno,CA,West,326,Plastics & Rubber,240,120000,Indirect Labor,COGS,349217.64,349217.64,0.0,0.0
2024-05-01,P-FRS,Fresno Polymers,Plant,Fresno,CA,West,326,Plastics & Rubber,240,120000,Raw Materials,COGS,534019.67,447055.02,86964.65,19.45
2024-05-01,P-FRS,Fresno Polymers,Plant,Fresno,CA,West,326,Plastics & Rubber,240,120000,Consumables & Tooling,COGS,67763.43,65097.89,2665.54,4.09
2024-05-01,P-FRS,Fresno Polymers,Plant,Fresno,CA,West,326,Plastics & Rubber,240,120000,Utilities,Overhead,98733.17,110666.41,-11933.24,-10.78
2024-05-01,P-FRS,Fresno Polymers,Plant,Fresno,CA,West,326,Plastics & Rubber,240,120000,Maintenance & Repair,Overhead,91537.29,97646.83,-6109.54,-6.26
2024-05-01,P-FRS,Fresno Polymers,Plant,Fresno,CA,West,326,Plastics & Rubber,240,120000,Depreciation,Overhead,97646.83,97646.83,0.0,0.0
2024-05-01,P-FRS,Fresno Polymers,Plant,Fresno,CA,West,326,Plastics & Rubber,240,120000,Facilities,Overhead,75947.54,75947.54,0.0,0.0
2024-05-01,P-FRS,Fresno Polymers,Plant,Fresno,CA,West,326,Plastics & Rubber,240,120000,Freight & Logistics,Overhead,82858.97,75947.54,6911.43,9.1
2024-05-01,P-FRS,Fresno Polymers,Plant,Fresno,CA,West,326,Plastics & Rubber,240,120000,IT & Systems,Overhead,32715.28,32548.94,166.34,0.51
2024-05-01,P-FRS,Fresno Polymers,Plant,Fresno,CA,West,326,Plastics & Rubber,240,120000,Other Overhead,Overhead,31767.43,32548.94,-781.51,-2.4
2024-06-01,P-FRS,Fresno Polymers,Plant,Fresno,CA,West,326,Plastics & Rubber,240,120000,Direct Labor,COGS,897988.21,897988.21,0.0,0.0
2024-06-01,P-FRS,Fresno Polymers,Plant,Fresno,CA,West,326,Plastics & Rubber,240,120000,Indirect Labor,COGS,349217.64,349217.64,0.0,0.0
2024-06-01,P-FRS,Fresno Polymers,Plant,Fresno,CA,West,326,Plastics & Rubber,240,120000,Raw Materials,COGS,519707.47,432909.0,86798.47,20.05
2024-06-01,P-FRS,Fresno Polymers,Plant,Fresno,CA,West,326,Plastics & Rubber,240,120000,Consumables & Tooling,COGS,61279.53,63353.21,-2073.68,-3.27
2024-06-01,P-FRS,Fresno Polymers,Plant,Fresno,CA,West,326,Plastics & Rubber,240,120000,Utilities,Overhead,79919.0,107700.45,-27781.45,-25.8
2024-06-01,P-FRS,Fresno Polymers,Plant,Fresno,CA,West,326,Plastics & Rubber,240,120000,Maintenance & Repair,Overhead,97289.16,95029.81,2259.35,2.38
2024-06-01,P-FRS,Fresno Polymers,Plant,Fresno,CA,West,326,Plastics & Rubber,240,120000,Depreciation,Overhead,95029.81,95029.81,0.0,0.0
2024-06-01,P-FRS,Fresno Polymers,Plant,Fresno,CA,West,326,Plastics & Rubber,240,120000,Facilities,Overhead,73912.07,73912.07,0.0,0.0
2024-06-01,P-FRS,Fresno Polymers,Plant,Fresno,CA,West,326,Plastics & Rubber,240,120000,Freight & Logistics,Overhead,74638.15,73912.07,726.08,0.98
2024-06-01,P-FRS,Fresno Polymers,Plant,Fresno,CA,West,326,Plastics & Rubber,240,120000,IT & Systems,Overhead,32518.62,31676.6,842.02,2.66
2024-06-01,P-FRS,Fresno Polymers,Plant,Fresno,CA,West,326,Plastics & Rubber,240,120000,Other Overhead,Overhead,31008.84,31676.6,-667.76,-2.11
2024-07-01,P-FRS,Fresno Polymers,Plant,Fresno,CA,West,326,Plastics & Rubber,240,120000,Direct Labor,COGS,897988.21,897988.21,0.0,0.0
2024-07-01,P-FRS,Fresno Polymers,Plant,Fresno,CA,West,326,Plastics & Rubber,240,120000,Indirect Labor,COGS,349217.64,349217.64,0.0,0.0
2024-07-01,P-FRS,Fresno Polymers,Plant,Fresno,CA,West,326,Plastics & Rubber,240,120000,Raw Materials,COGS,586615.63,486211.5,100404.13,20.65
2024-07-01,P-FRS,Fresno Polymers,Plant,Fresno,CA,West,326,Plastics & Rubber,240,120000,Consumables & Tooling,COGS,72790.44,71509.42,1281.02,1.79
2024-07-01,P-FRS,Fresno Polymers,Plant,Fresno,CA,West,326,Plastics & Rubber,240,120000,Utilities,Overhead,83710.08,121566.02,-37855.94,-31.14
2024-07-01,P-FRS,Fresno Polymers,Plant,Fresno,CA,West,326,Plastics & Rubber,240,120000,Maintenance & Repair,Overhead,107933.1,107264.13,668.97,0.62
2024-07-01,P-FRS,Fresno Polymers,Plant,Fresno,CA,West,326,Plastics & Rubber,240,120000,Depreciation,Overhead,107264.13,107264.13,0.0,0.0
2024-07-01,P-FRS,Fresno Polymers,Plant,Fresno,CA,West,326,Plastics & Rubber,240,120000,Facilities,Overhead,83427.66,83427.66,0.0,0.0
2024-07-01,P-FRS,Fresno Polymers,Plant,Fresno,CA,West,326,Plastics & Rubber,240,120000,Freight & Logistics,Overhead,85079.44,83427.66,1651.78,1.98
2024-07-01,P-FRS,Fresno Polymers,Plant,Fresno,CA,West,326,Plastics & Rubber,240,120000,IT & Systems,Overhead,34021.88,35754.71,-1732.83,-4.85
2024-07-01,P-FRS,Fresno Polymers,Plant,Fresno,CA,West,326,Plastics & Rubber,240,120000,Other Overhead,Overhead,36930.36,35754.71,1175.65,3.29
2024-08-01,P-FRS,Fresno Polymers,Plant,Fresno,CA,West,326,Plastics & Rubber,240,120000,Direct Labor,COGS,897988.21,897988.21,0.0,0.0
2024-08-01,P-FRS,Fresno Polymers,Plant,Fresno,CA,West,326,Plastics & Rubber,240,120000,Indirect Labor,COGS,349217.64,349217.64,0.0,0.0
2024-08-01,P-FRS,Fresno Polymers,Plant,Fresno,CA,West,326,Plastics & Rubber,240,120000,Raw Materials,COGS,572103.91,471824.46,100279.45,21.25
2024-08-01,P-FRS,Fresno Polymers,Plant,Fresno,CA,West,326,Plastics & Rubber,240,120000,Consumables & Tooling,COGS,72380.01,69740.42,2639.59,3.78
2024-08-01,P-FRS,Fresno Polymers,Plant,Fresno,CA,West,326,Plastics & Rubber,240,120000,Utilities,Overhead,88711.03,118558.71,-29847.68,-25.18
2024-08-01,P-FRS,Fresno Polymers,Plant,Fresno,CA,West,326,Plastics & Rubber,240,120000,Maintenance & Repair,Overhead,110445.61,104610.63,5834.98,5.58
2024-08-01,P-FRS,Fresno Polymers,Plant,Fresno,CA,West,326,Plastics & Rubber,240,120000,Depreciation,Overhead,104610.63,104610.63,0.0,0.0
2024-08-01,P-FRS,Fresno Polymers,Plant,Fresno,CA,West,326,Plastics & Rubber,240,120000,Facilities,Overhead,81363.82,81363.82,0.0,0.0
2024-08-01,P-FRS,Fresno Polymers,Plant,Fresno,CA,West,326,Plastics & Rubber,240,120000,Freight & Logistics,Overhead,79537.07,81363.82,-1826.75,-2.25
2024-08-01,P-FRS,Fresno Polymers,Plant,Fresno,CA,West,326,Plastics & Rubber,240,120000,IT & Systems,Overhead,34792.94,34870.21,-77.27,-0.22
2024-08-01,P-FRS,Fresno Polymers,Plant,Fresno,CA,West,326,Plastics & Rubber,240,120000,Other Overhead,Overhead,34465.49,34870.21,-404.72,-1.16
2024-09-01,P-FRS,Fresno Polymers,Plant,Fresno,CA,West,326,Plastics & Rubber,240,120000,Direct Labor,COGS,897988.21,897988.21,0.0,0.0
2024-09-01,P-FRS,Fresno Polymers,Plant,Fresno,CA,West,326,Plastics & Rubber,240,120000,Indirect Labor,COGS,349217.64,349217.64,0.0,0.0
2024-09-01,P-FRS,Fresno Polymers,Plant,Fresno,CA,West,326,Plastics & Rubber,240,120000,Raw Materials,COGS,607656.23,498651.84,109004.39,21.86
2024-09-01,P-FRS,Fresno Polymers,Plant,Fresno,CA,West,326,Plastics & Rubber,240,120000,Consumables & Tooling,COGS,75618.58,74074.31,1544.27,2.08
2024-09-01,P-FRS,Fresno Polymers,Plant,Fresno,CA,West,326,Plastics & Rubber,240,120000,Utilities,Overhead,114231.79,125926.32,-11694.53,-9.29
2024-09-01,P-FRS,Fresno Polymers,Plant,Fresno,CA,West,326,Plastics & Rubber,240,120000,Maintenance & Repair,Overhead,111484.05,111111.46,372.59,0.34
2024-09-01,P-FRS,Fresno Polymers,Plant,Fresno,CA,West,326,Plastics & Rubber,240,120000,Depreciation,Overhead,111111.46,111111.46,0.0,0.0
2024-09-01,P-FRS,Fresno Polymers,Plant,Fresno,CA,West,326,Plastics & Rubber,240,120000,Facilities,Overhead,86420.02,86420.02,0.0,0.0
2024-09-01,P-FRS,Fresno Polymers,Plant,Fresno,CA,West,326,Plastics & Rubber,240,120000,Freight & Logistics,Overhead,85854.65,86420.02,-565.37,-0.65
2024-09-01,P-FRS,Fresno Polymers,Plant,Fresno,CA,West,326,Plastics & Rubber,240,120000,IT & Systems,Overhead,35664.71,37037.15,-1372.44,-3.71
2024-09-01,P-FRS,Fresno Polymers,Plant,Fresno,CA,West,326,Plastics & Rubber,240,120000,Other Overhead,Overhead,36581.43,37037.15,-455.72,-1.23
2024-10-01,P-FRS,Fresno Polymers,Plant,Fresno,CA,West,326,Plastics & Rubber,240,120000,Direct Labor,COGS,897988.21,897988.21,0.0,0.0
2024-10-01,P-FRS,Fresno Polymers,Plant,Fresno,CA,West,326,Plastics & Rubber,240,120000,Indirect Labor,COGS,349217.64,349217.64,0.0,0.0
2024-10-01,P-FRS,Fresno Polymers,Plant,Fresno,CA,West,326,Plastics & Rubber,240,120000,Raw Materials,COGS,687871.44,561669.3,126202.14,22.47
2024-10-01,P-FRS,Fresno Polymers,Plant,Fresno,CA,West,326,Plastics & Rubber,240,120000,Consumables & Tooling,COGS,85710.16,83852.67,1857.49,2.22
2024-10-01,P-FRS,Fresno Polymers,Plant,Fresno,CA,West,326,Plastics & Rubber,240,120000,Utilities,Overhead,160308.7,142549.55,17759.15,12.46
2024-10-01,P-FRS,Fresno Polymers,Plant,Fresno,CA,West,326,Plastics & Rubber,240,120000,Maintenance & Repair,Overhead,125033.82,125779.01,-745.19,-0.59
2024-10-01,P-FRS,Fresno Polymers,Plant,Fresno,CA,West,326,Plastics & Rubber,240,120000,Depreciation,Overhead,125779.01,125779.01,0.0,0.0
2024-10-01,P-FRS,Fresno Polymers,Plant,Fresno,CA,West,326,Plastics & Rubber,240,120000,Facilities,Overhead,97828.12,97828.12,0.0,0.0
2024-10-01,P-FRS,Fresno Polymers,Plant,Fresno,CA,West,326,Plastics & Rubber,240,120000,Freight & Logistics,Overhead,98672.29,97828.12,844.17,0.86
2024-10-01,P-FRS,Fresno Polymers,Plant,Fresno,CA,West,326,Plastics & Rubber,240,120000,IT & Systems,Overhead,42470.11,41926.34,543.77,1.3
2024-10-01,P-FRS,Fresno Polymers,Plant,Fresno,CA,West,326,Plastics & Rubber,240,120000,Other Overhead,Overhead,43613.66,41926.34,1687.32,4.02
2024-11-01,P-FRS,Fresno Polymers,Plant,Fresno,CA,West,326,Plastics & Rubber,240,120000,Direct Labor,COGS,897988.21,897988.21,0.0,0.0
2024-11-01,P-FRS,Fresno Polymers,Plant,Fresno,CA,West,326,Plastics & Rubber,240,120000,Indirect Labor,COGS,349217.64,349217.64,0.0,0.0
2024-11-01,P-FRS,Fresno Polymers,Plant,Fresno,CA,West,326,Plastics & Rubber,240,120000,Raw Materials,COGS,632140.34,513595.08,118545.26,23.08
2024-11-01,P-FRS,Fresno Polymers,Plant,Fresno,CA,West,326,Plastics & Rubber,240,120000,Consumables & Tooling,COGS,74373.27,77058.96,-2685.69,-3.49
2024-11-01,P-FRS,Fresno Polymers,Plant,Fresno,CA,West,326,Plastics & Rubber,240,120000,Utilities,Overhead,176041.92,131000.23,45041.69,34.38
2024-11-01,P-FRS,Fresno Polymers,Plant,Fresno,CA,West,326,Plastics & Rubber,240,120000,Maintenance & Repair,Overhead,101283.43,115588.44,-14305.01,-12.38
2024-11-01,P-FRS,Fresno Polymers,Plant,Fresno,CA,West,326,Plastics & Rubber,240,120000,Depreciation,Overhead,115588.44,115588.44,0.0,0.0
2024-11-01,P-FRS,Fresno Polymers,Plant,Fresno,CA,West,326,Plastics & Rubber,240,120000,Facilities,Overhead,89902.12,89902.12,0.0,0.0
2024-11-01,P-FRS,Fresno Polymers,Plant,Fresno,CA,West,326,Plastics & Rubber,240,120000,Freight & Logistics,Overhead,89777.88,89902.12,-124.24,-0.14
2024-11-01,P-FRS,Fresno Polymers,Plant,Fresno,CA,West,326,Plastics & Rubber,240,120000,IT & Systems,Overhead,40771.08,38529.48,2241.6,5.82
2024-11-01,P-FRS,Fresno Polymers,Plant,Fresno,CA,West,326,Plastics & Rubber,240,120000,Other Overhead,Overhead,37624.27,38529.48,-905.21,-2.35
2024-12-01,P-FRS,Fresno Polymers,Plant,Fresno,CA,West,326,Plastics & Rubber,240,120000,Direct Labor,COGS,897988.21,897988.21,0.0,0.0
2024-12-01,P-FRS,Fresno Polymers,Plant,Fresno,CA,West,326,Plastics & Rubber,240,120000,Indirect Labor,COGS,349217.64,349217.64,0.0,0.0
2024-12-01,P-FRS,Fresno Polymers,Plant,Fresno,CA,West,326,Plastics & Rubber,240,120000,Raw Materials,COGS,594158.52,480334.32,113824.2,23.7
2024-12-01,P-FRS,Fresno Polymers,Plant,Fresno,CA,West,326,Plastics & Rubber,240,120000,Consumables & Tooling,COGS,71562.09,72428.91,-866.82,-1.2
2024-12-01,P-FRS,Fresno Polymers,Plant,Fresno,CA,West,326,Plastics & Rubber,240,120000,Utilities,Overhead,185574.39,123129.15,62445.24,50.72
2024-12-01,P-FRS,Fresno Polymers,Plant,Fresno,CA,West,326,Plastics & Rubber,240,120000,Maintenance & Repair,Overhead,104856.47,108643.37,-3786.9,-3.49
2024-12-01,P-FRS,Fresno Polymers,Plant,Fresno,CA,West,326,Plastics & Rubber,240,120000,Depreciation,Overhead,108643.37,108643.37,0.0,0.0
2024-12-01,P-FRS,Fresno Polymers,Plant,Fresno,CA,West,326,Plastics & Rubber,240,120000,Facilities,Overhead,84500.4,84500.4,0.0,0.0
2024-12-01,P-FRS,Fresno Polymers,Plant,Fresno,CA,West,326,Plastics & Rubber,240,120000,Freight & Logistics,Overhead,85109.35,84500.4,608.95,0.72
2024-12-01,P-FRS,Fresno Polymers,Plant,Fresno,CA,West,326,Plastics & Rubber,240,120000,IT & Systems,Overhead,36249.92,36214.46,35.46,0.1
2024-12-01,P-FRS,Fresno Polymers,Plant,Fresno,CA,West,326,Plastics & Rubber,240,120000,Other Overhead,Overhead,40617.81,36214.46,4403.35,12.16
2022-01-01,P-PHX,Phoenix Precision,Plant,Phoenix,AZ,West,333,Machinery,210,98000,Direct Labor,COGS,944420.4,944420.4,0.0,0.0
2022-01-01,P-PHX,Phoenix Precision,Plant,Phoenix,AZ,West,333,Machinery,210,98000,Indirect Labor,COGS,367274.6,367274.6,0.0,0.0
2022-01-01,P-PHX,Phoenix Precision,Plant,Phoenix,AZ,West,333,Machinery,210,98000,Raw Materials,COGS,510238.0,525545.14,-15307.14,-2.91
2022-01-01,P-PHX,Phoenix Precision,Plant,Phoenix,AZ,West,333,Machinery,210,98000,Consumables & Tooling,COGS,66014.35,66552.78,-538.43,-0.81
2022-01-01,P-PHX,Phoenix Precision,Plant,Phoenix,AZ,West,333,Machinery,210,98000,Utilities,Overhead,153071.4,113139.73,39931.67,35.29
2022-01-01,P-PHX,Phoenix Precision,Plant,Phoenix,AZ,West,333,Machinery,210,98000,Maintenance & Repair,Overhead,101393.55,99829.17,1564.38,1.57
2022-01-01,P-PHX,Phoenix Precision,Plant,Phoenix,AZ,West,333,Machinery,210,98000,Depreciation,Overhead,99829.17,99829.17,0.0,0.0
2022-01-01,P-PHX,Phoenix Precision,Plant,Phoenix,AZ,West,333,Machinery,210,98000,Facilities,Overhead,77644.91,77644.91,0.0,0.0
2022-01-01,P-PHX,Phoenix Precision,Plant,Phoenix,AZ,West,333,Machinery,210,98000,Freight & Logistics,Overhead,73248.43,77644.91,-4396.48,-5.66
2022-01-01,P-PHX,Phoenix Precision,Plant,Phoenix,AZ,West,333,Machinery,210,98000,IT & Systems,Overhead,32899.88,33276.39,-376.51,-1.13
2022-01-01,P-PHX,Phoenix Precision,Plant,Phoenix,AZ,West,333,Machinery,210,98000,Other Overhead,Overhead,34639.36,33276.39,1362.97,4.1
2022-02-01,P-PHX,Phoenix Precision,Plant,Phoenix,AZ,West,333,Machinery,210,98000,Direct Labor,COGS,944420.4,944420.4,0.0,0.0
2022-02-01,P-PHX,Phoenix Precision,Plant,Phoenix,AZ,West,333,Machinery,210,98000,Indirect Labor,COGS,367274.6,367274.6,0.0,0.0
2022-02-01,P-PHX,Phoenix Precision,Plant,Phoenix,AZ,West,333,Machinery,210,98000,Raw Materials,COGS,551879.67,565608.02,-13728.35,-2.43
2022-02-01,P-PHX,Phoenix Precision,Plant,Phoenix,AZ,West,333,Machinery,210,98000,Consumables & Tooling,COGS,71547.19,71984.3,-437.11,-0.61
2022-02-01,P-PHX,Phoenix Precision,Plant,Phoenix,AZ,West,333,Machinery,210,98000,Utilities,Overhead,160120.39,122373.32,37747.07,30.85
2022-02-01,P-PHX,Phoenix Precision,Plant,Phoenix,AZ,West,333,Machinery,210,98000,Maintenance & Repair,Overhead,122179.62,107976.46,14203.16,13.15
2022-02-01,P-PHX,Phoenix Precision,Plant,Phoenix,AZ,West,333,Machinery,210,98000,Depreciation,Overhead,107976.46,107976.46,0.0,0.0
2022-02-01,P-PHX,Phoenix Precision,Plant,Phoenix,AZ,West,333,Machinery,210,98000,Facilities,Overhead,83981.69,83981.69,0.0,0.0
2022-02-01,P-PHX,Phoenix Precision,Plant,Phoenix,AZ,West,333,Machinery,210,98000,Freight & Logistics,Overhead,84530.34,83981.69,548.65,0.65
2022-02-01,P-PHX,Phoenix Precision,Plant,Phoenix,AZ,West,333,Machinery,210,98000,IT & Systems,Overhead,37038.34,35992.15,1046.19,2.91
2022-02-01,P-PHX,Phoenix Precision,Plant,Phoenix,AZ,West,333,Machinery,210,98000,Other Overhead,Overhead,36706.53,35992.15,714.38,1.98
2022-03-01,P-PHX,Phoenix Precision,Plant,Phoenix,AZ,West,333,Machinery,210,98000,Direct Labor,COGS,944420.4,944420.4,0.0,0.0
2022-03-01,P-PHX,Phoenix Precision,Plant,Phoenix,AZ,West,333,Machinery,210,98000,Indirect Labor,COGS,367274.6,367274.6,0.0,0.0
2022-03-01,P-PHX,Phoenix Precision,Plant,Phoenix,AZ,West,333,Machinery,210,98000,Raw Materials,COGS,495744.51,505548.72,-9804.21,-1.94
2022-03-01,P-PHX,Phoenix Precision,Plant,Phoenix,AZ,West,333,Machinery,210,98000,Consumables & Tooling,COGS,64429.02,64662.33,-233.31,-0.36
2022-03-01,P-PHX,Phoenix Precision,Plant,Phoenix,AZ,West,333,Machinery,210,98000,Utilities,Overhead,129317.9,109925.96,19391.94,17.64
2022-03-01,P-PHX,Phoenix Precision,Plant,Phoenix,AZ,West,333,Machinery,210,98000,Maintenance & Repair,Overhead,95216.8,96993.49,-1776.69,-1.83
2022-03-01,P-PHX,Phoenix Precision,Plant,Phoenix,AZ,West,333,Machinery,210,98000,Depreciation,Overhead,96993.49,96993.49,0.0,0.0
2022-03-01,P-PHX,Phoenix Precision,Plant,Phoenix,AZ,West,333,Machinery,210,98000,Facilities,Overhead,75439.38,75439.38,0.0,0.0
2022-03-01,P-PHX,Phoenix Precision,Plant,Phoenix,AZ,West,333,Machinery,210,98000,Freight & Logistics,Overhead,74099.75,75439.38,-1339.63,-1.78
2022-03-01,P-PHX,Phoenix Precision,Plant,Phoenix,AZ,West,333,Machinery,210,98000,IT & Systems,Overhead,30766.76,32331.16,-1564.4,-4.84
2022-03-01,P-PHX,Phoenix Precision,Plant,Phoenix,AZ,West,333,Machinery,210,98000,Other Overhead,Overhead,33786.96,32331.16,1455.8,4.5
2022-04-01,P-PHX,Phoenix Precision,Plant,Phoenix,AZ,West,333,Machinery,210,98000,Direct Labor,COGS,944420.4,944420.4,0.0,0.0
2022-04-01,P-PHX,Phoenix Precision,Plant,Phoenix,AZ,West,333,Machinery,210,98000,Indirect Labor,COGS,367274.6,367274.6,0.0,0.0
2022-04-01,P-PHX,Phoenix Precision,Plant,Phoenix,AZ,West,333,Machinery,210,98000,Raw Materials,COGS,442243.87,448746.28,-6502.41,-1.45
2022-04-01,P-PHX,Phoenix Precision,Plant,Phoenix,AZ,West,333,Machinery,210,98000,Consumables & Tooling,COGS,57448.52,57683.98,-235.46,-0.41
2022-04-01,P-PHX,Phoenix Precision,Plant,Phoenix,AZ,West,333,Machinery,210,98000,Utilities,Overhead,97346.74,98062.77,-716.03,-0.73
2022-04-01,P-PHX,Phoenix Precision,Plant,Phoenix,AZ,West,333,Machinery,210,98000,Maintenance & Repair,Overhead,87466.71,86525.97,940.74,1.09
2022-04-01,P-PHX,Phoenix Precision,Plant,Phoenix,AZ,West,333,Machinery,210,98000,Depreciation,Overhead,86525.97,86525.97,0.0,0.0
2022-04-01,P-PHX,Phoenix Precision,Plant,Phoenix,AZ,West,333,Machinery,210,98000,Facilities,Overhead,67297.98,67297.98,0.0,0.0
2022-04-01,P-PHX,Phoenix Precision,Plant,Phoenix,AZ,West,333,Machinery,210,98000,Freight & Logistics,Overhead,70433.86,67297.98,3135.88,4.66
2022-04-01,P-PHX,Phoenix Precision,Plant,Phoenix,AZ,West,333,Machinery,210,98000,IT & Systems,Overhead,30952.89,28841.99,2110.9,7.32
2022-04-01,P-PHX,Phoenix Precision,Plant,Phoenix,AZ,West,333,Machinery,210,98000,Other Overhead,Overhead,27061.52,28841.99,-1780.47,-6.17
2022-05-01,P-PHX,Phoenix Precision,Plant,Phoenix,AZ,West,333,Machinery,210,98000,Direct Labor,COGS,944420.4,944420.4,0.0,0.0
2022-05-01,P-PHX,Phoenix Precision,Plant,Phoenix,AZ,West,333,Machinery,210,98000,Indirect Labor,COGS,367274.6,367274.6,0.0,0.0
2022-05-01,P-PHX,Phoenix Precision,Plant,Phoenix,AZ,West,333,Machinery,210,98000,Raw Materials,COGS,465266.16,469758.28,-4492.12,-0.96
2022-05-01,P-PHX,Phoenix Precision,Plant,Phoenix,AZ,West,333,Machinery,210,98000,Consumables & Tooling,COGS,63937.11,60686.89,3250.22,5.36
2022-05-01,P-PHX,Phoenix Precision,Plant,Phoenix,AZ,West,333,Machinery,210,98000,Utilities,Overhead,83301.31,103167.71,-19866.4,-19.26
2022-05-01,P-PHX,Phoenix Precision,Plant,Phoenix,AZ,West,333,Machinery,210,98000,Maintenance & Repair,Overhead,88514.82,91030.34,-2515.52,-2.76
2022-05-01,P-PHX,Phoenix Precision,Plant,Phoenix,AZ,West,333,Machinery,210,98000,Depreciation,Overhead,91030.34,91030.34,0.0,0.0
2022-05-01,P-PHX,Phoenix Precision,Plant,Phoenix,AZ,West,333,Machinery,210,98000,Facilities,Overhead,70801.37,70801.37,0.0,0.0
2022-05-01,P-PHX,Phoenix Precision,Plant,Phoenix,AZ,West,333,Machinery,210,98000,Freight & Logistics,Overhead,70008.84,70801.37,-792.53,-1.12
2022-05-01,P-PHX,Phoenix Precision,Plant,Phoenix,AZ,West,333,Machinery,210,98000,IT & Systems,Overhead,30389.45,30343.45,46.0,0.15
2022-05-01,P-PHX,Phoenix Precision,Plant,Phoenix,AZ,West,333,Machinery,210,98000,Other Overhead,Overhead,30296.33,30343.45,-47.12,-0.16
2022-06-01,P-PHX,Phoenix Precision,Plant,Phoenix,AZ,West,333,Machinery,210,98000,Direct Labor,COGS,944420.4,944420.4,0.0,0.0
2022-06-01,P-PHX,Phoenix Precision,Plant,Phoenix,AZ,West,333,Machinery,210,98000,Indirect Labor,COGS,367274.6,367274.6,0.0,0.0
2022-06-01,P-PHX,Phoenix Precision,Plant,Phoenix,AZ,West,333,Machinery,210,98000,Raw Materials,COGS,476690.57,478898.5,-2207.93,-0.46
2022-06-01,P-PHX,Phoenix Precision,Plant,Phoenix,AZ,West,333,Machinery,210,98000,Consumables & Tooling,COGS,58201.11,62177.03,-3975.92,-6.39
2022-06-01,P-PHX,Phoenix Precision,Plant,Phoenix,AZ,West,333,Machinery,210,98000,Utilities,Overhead,70985.92,105700.95,-34715.03,-32.84
2022-06-01,P-PHX,Phoenix Precision,Plant,Phoenix,AZ,West,333,Machinery,210,98000,Maintenance & Repair,Overhead,106097.82,93265.55,12832.27,13.76
2022-06-01,P-PHX,Phoenix Precision,Plant,Phoenix,AZ,West,333,Machinery,210,98000,Depreciation,Overhead,93265.55,93265.55,0.0,0.0
2022-06-01,P-PHX,Phoenix Precision,Plant,Phoenix,AZ,West,333,Machinery,210,98000,Facilities,Overhead,72539.87,72539.87,0.0,0.0
2022-06-01,P-PHX,Phoenix Precision,Plant,Phoenix,AZ,West,333,Machinery,210,98000,Freight & Logistics,Overhead,76940.44,72539.87,4400.57,6.07
2022-06-01,P-PHX,Phoenix Precision,Plant,Phoenix,AZ,West,333,Machinery,210,98000,IT & Systems,Overhead,32636.02,31088.52,1547.5,4.98
2022-06-01,P-PHX,Phoenix Precision,Plant,Phoenix,AZ,West,333,Machinery,210,98000,Other Overhead,Overhead,33048.92,31088.52,1960.4,6.31
2022-07-01,P-PHX,Phoenix Precision,Plant,Phoenix,AZ,West,333,Machinery,210,98000,Direct Labor,COGS,944420.4,944420.4,0.0,0.0
2022-07-01,P-PHX,Phoenix Precision,Plant,Phoenix,AZ,West,333,Machinery,210,98000,Indirect Labor,COGS,367274.6,367274.6,0.0,0.0
2022-07-01,P-PHX,Phoenix Precision,Plant,Phoenix,AZ,West,333,Machinery,210,98000,Raw Materials,COGS,525982.99,525790.28,192.71,0.04
2022-07-01,P-PHX,Phoenix Precision,Plant,Phoenix,AZ,West,333,Machinery,210,98000,Consumables & Tooling,COGS,62102.44,68606.48,-6504.04,-9.48
2022-07-01,P-PHX,Phoenix Precision,Plant,Phoenix,AZ,West,333,Machinery,210,98000,Utilities,Overhead,72684.26,116631.01,-43946.75,-37.68
2022-07-01,P-PHX,Phoenix Precision,Plant,Phoenix,AZ,West,333,Machinery,210,98000,Maintenance & Repair,Overhead,103433.96,102909.72,524.24,0.51
2022-07-01,P-PHX,Phoenix Precision,Plant,Phoenix,AZ,West,333,Machinery,210,98000,Depreciation,Overhead,102909.72,102909.72,0.0,0.0
2022-07-01,P-PHX,Phoenix Precision,Plant,Phoenix,AZ,West,333,Machinery,210,98000,Facilities,Overhead,80040.89,80040.89,0.0,0.0
2022-07-01,P-PHX,Phoenix Precision,Plant,Phoenix,AZ,West,333,Machinery,210,98000,Freight & Logistics,Overhead,84654.37,80040.89,4613.48,5.76
2022-07-01,P-PHX,Phoenix Precision,Plant,Phoenix,AZ,West,333,Machinery,210,98000,IT & Systems,Overhead,34309.43,34303.24,6.19,0.02
2022-07-01,P-PHX,Phoenix Precision,Plant,Phoenix,AZ,West,333,Machinery,210,98000,Other Overhead,Overhead,36357.4,34303.24,2054.16,5.99
2022-08-01,P-PHX,Phoenix Precision,Plant,Phoenix,AZ,West,333,Machinery,210,98000,Direct Labor,COGS,944420.4,944420.4,0.0,0.0
2022-08-01,P-PHX,Phoenix Precision,Plant,Phoenix,AZ,West,333,Machinery,210,98000,Indirect Labor,COGS,367274.6,367274.6,0.0,0.0
2022-08-01,P-PHX,Phoenix Precision,Plant,Phoenix,AZ,West,333,Machinery,210,98000,Raw Materials,COGS,543541.1,540638.76,2902.34,0.54
2022-08-01,P-PHX,Phoenix Precision,Plant,Phoenix,AZ,West,333,Machinery,210,98000,Consumables & Tooling,COGS,71419.49,70896.66,522.83,0.74
2022-08-01,P-PHX,Phoenix Precision,Plant,Phoenix,AZ,West,333,Machinery,210,98000,Utilities,Overhead,81616.82,120524.33,-38907.51,-32.28
2022-08-01,P-PHX,Phoenix Precision,Plant,Phoenix,AZ,West,333,Machinery,210,98000,Maintenance & Repair,Overhead,108421.13,106345.0,2076.13,1.95
2022-08-01,P-PHX,Phoenix Precision,Plant,Phoenix,AZ,West,333,Machinery,210,98000,Depreciation,Overhead,106345.0,106345.0,0.0,0.0
2022-08-01,P-PHX,Phoenix Precision,Plant,Phoenix,AZ,West,333,Machinery,210,98000,Facilities,Overhead,82712.78,82712.78,0.0,0.0
2022-08-01,P-PHX,Phoenix Precision,Plant,Phoenix,AZ,West,333,Machinery,210,98000,Freight & Logistics,Overhead,81219.12,82712.78,-1493.66,-1.81
2022-08-01,P-PHX,Phoenix Precision,Plant,Phoenix,AZ,West,333,Machinery,210,98000,IT & Systems,Overhead,35738.69,35448.33,290.36,0.82
2022-08-01,P-PHX,Phoenix Precision,Plant,Phoenix,AZ,West,333,Machinery,210,98000,Other Overhead,Overhead,33332.47,35448.33,-2115.86,-5.97
2022-09-01,P-PHX,Phoenix Precision,Plant,Phoenix,AZ,West,333,Machinery,210,98000,Direct Labor,COGS,944420.4,944420.4,0.0,0.0
2022-09-01,P-PHX,Phoenix Precision,Plant,Phoenix,AZ,West,333,Machinery,210,98000,Indirect Labor,COGS,367274.6,367274.6,0.0,0.0
2022-09-01,P-PHX,Phoenix Precision,Plant,Phoenix,AZ,West,333,Machinery,210,98000,Raw Materials,COGS,551177.18,545506.54,5670.64,1.04
2022-09-01,P-PHX,Phoenix Precision,Plant,Phoenix,AZ,West,333,Machinery,210,98000,Consumables & Tooling,COGS,70099.53,71892.68,-1793.15,-2.49
2022-09-01,P-PHX,Phoenix Precision,Plant,Phoenix,AZ,West,333,Machinery,210,98000,Utilities,Overhead,100337.86,122217.55,-21879.69,-17.9
2022-09-01,P-PHX,Phoenix Precision,Plant,Phoenix,AZ,West,333,Machinery,210,98000,Maintenance & Repair,Overhead,103862.67,107839.01,-3976.34,-3.69
2022-09-01,P-PHX,Phoenix Precision,Plant,Phoenix,AZ,West,333,Machinery,210,98000,Depreciation,Overhead,107839.01,107839.01,0.0,0.0
2022-09-01,P-PHX,Phoenix Precision,Plant,Phoenix,AZ,West,333,Machinery,210,98000,Facilities,Overhead,83874.79,83874.79,0.0,0.0
2022-09-01,P-PHX,Phoenix Precision,Plant,Phoenix,AZ,West,333,Machinery,210,98000,Freight & Logistics,Overhead,85090.99,83874.79,1216.2,1.45
2022-09-01,P-PHX,Phoenix Precision,Plant,Phoenix,AZ,West,333,Machinery,210,98000,IT & Systems,Overhead,35855.06,35946.34,-91.28,-0.25
2022-09-01,P-PHX,Phoenix Precision,Plant,Phoenix,AZ,West,333,Machinery,210,98000,Other Overhead,Overhead,34287.79,35946.34,-1658.55,-4.61
2022-10-01,P-PHX,Phoenix Precision,Plant,Phoenix,AZ,West,333,Machinery,210,98000,Direct Labor,COGS,944420.4,944420.4,0.0,0.0
2022-10-01,P-PHX,Phoenix Precision,Plant,Phoenix,AZ,West,333,Machinery,210,98000,Indirect Labor,COGS,367274.6,367274.6,0.0,0.0
2022-10-01,P-PHX,Phoenix Precision,Plant,Phoenix,AZ,West,333,Machinery,210,98000,Raw Materials,COGS,564316.87,555732.38,8584.49,1.54
2022-10-01,P-PHX,Phoenix Precision,Plant,Phoenix,AZ,West,333,Machinery,210,98000,Consumables & Tooling,COGS,71736.07,73606.55,-1870.48,-2.54
2022-10-01,P-PHX,Phoenix Precision,Plant,Phoenix,AZ,West,333,Machinery,210,98000,Utilities,Overhead,127355.41,125131.13,2224.28,1.78
2022-10-01,P-PHX,Phoenix Precision,Plant,Phoenix,AZ,West,333,Machinery,210,98000,Maintenance & Repair,Overhead,113066.11,110409.82,2656.29,2.41
2022-10-01,P-PHX,Phoenix Precision,Plant,Phoenix,AZ,West,333,Machinery,210,98000,Depreciation,Overhead,110409.82,110409.82,0.0,0.0
2022-10-01,P-PHX,Phoenix Precision,Plant,Phoenix,AZ,West,333,Machinery,210,98000,Facilities,Overhead,85874.31,85874.31,0.0,0.0
2022-10-01,P-PHX,Phoenix Precision,Plant,Phoenix,AZ,West,333,Machinery,210,98000,Freight & Logistics,Overhead,78086.87,85874.31,-7787.44,-9.07
2022-10-01,P-PHX,Phoenix Precision,Plant,Phoenix,AZ,West,333,Machinery,210,98000,IT & Systems,Overhead,39532.47,36803.27,2729.2,7.42
2022-10-01,P-PHX,Phoenix Precision,Plant,Phoenix,AZ,West,333,Machinery,210,98000,Other Overhead,Overhead,34615.87,36803.27,-2187.4,-5.94
2022-11-01,P-PHX,Phoenix Precision,Plant,Phoenix,AZ,West,333,Machinery,210,98000,Direct Labor,COGS,944420.4,944420.4,0.0,0.0
2022-11-01,P-PHX,Phoenix Precision,Plant,Phoenix,AZ,West,333,Machinery,210,98000,Indirect Labor,COGS,367274.6,367274.6,0.0,0.0
2022-11-01,P-PHX,Phoenix Precision,Plant,Phoenix,AZ,West,333,Machinery,210,98000,Raw Materials,COGS,582148.73,570440.78,11707.95,2.05
2022-11-01,P-PHX,Phoenix Precision,Plant,Phoenix,AZ,West,333,Machinery,210,98000,Consumables & Tooling,COGS,73759.08,75932.44,-2173.36,-2.86
2022-11-01,P-PHX,Phoenix Precision,Plant,Phoenix,AZ,West,333,Machinery,210,98000,Utilities,Overhead,156993.29,129085.15,27908.14,21.62
2022-11-01,P-PHX,Phoenix Precision,Plant,Phoenix,AZ,West,333,Machinery,210,98000,Maintenance & Repair,Overhead,116663.83,113898.67,2765.16,2.43
2022-11-01,P-PHX,Phoenix Precision,Plant,Phoenix,AZ,West,333,Machinery,210,98000,Depreciation,Overhead,113898.67,113898.67,0.0,0.0
2022-11-01,P-PHX,Phoenix Precision,Plant,Phoenix,AZ,West,333,Machinery,210,98000,Facilities,Overhead,88587.85,88587.85,0.0,0.0
2022-11-01,P-PHX,Phoenix Precision,Plant,Phoenix,AZ,West,333,Machinery,210,98000,Freight & Logistics,Overhead,92559.39,88587.85,3971.54,4.48
2022-11-01,P-PHX,Phoenix Precision,Plant,Phoenix,AZ,West,333,Machinery,210,98000,IT & Systems,Overhead,35256.19,37966.22,-2710.03,-7.14
2022-11-01,P-PHX,Phoenix Precision,Plant,Phoenix,AZ,West,333,Machinery,210,98000,Other Overhead,Overhead,38070.77,37966.22,104.55,0.28
2022-12-01,P-PHX,Phoenix Precision,Plant,Phoenix,AZ,West,333,Machinery,210,98000,Direct Labor,COGS,944420.4,944420.4,0.0,0.0
2022-12-01,P-PHX,Phoenix Precision,Plant,Phoenix,AZ,West,333,Machinery,210,98000,Indirect Labor,COGS,367274.6,367274.6,0.0,0.0
2022-12-01,P-PHX,Phoenix Precision,Plant,Phoenix,AZ,West,333,Machinery,210,98000,Raw Materials,COGS,566130.98,551985.24,14145.74,2.56
2022-12-01,P-PHX,Phoenix Precision,Plant,Phoenix,AZ,West,333,Machinery,210,98000,Consumables & Tooling,COGS,73309.56,73843.17,-533.61,-0.72
2022-12-01,P-PHX,Phoenix Precision,Plant,Phoenix,AZ,West,333,Machinery,210,98000,Utilities,Overhead,171228.94,125533.39,45695.55,36.4
2022-12-01,P-PHX,Phoenix Precision,Plant,Phoenix,AZ,West,333,Machinery,210,98000,Maintenance & Repair,Overhead,107961.42,110764.76,-2803.34,-2.53
2022-12-01,P-PHX,Phoenix Precision,Plant,Phoenix,AZ,West,333,Machinery,210,98000,Depreciation,Overhead,110764.76,110764.76,0.0,0.0
2022-12-01,P-PHX,Phoenix Precision,Plant,Phoenix,AZ,West,333,Machinery,210,98000,Facilities,Overhead,86150.37,86150.37,0.0,0.0
2022-12-01,P-PHX,Phoenix Precision,Plant,Phoenix,AZ,West,333,Machinery,210,98000,Freight & Logistics,Overhead,94325.76,86150.37,8175.39,9.49
2022-12-01,P-PHX,Phoenix Precision,Plant,Phoenix,AZ,West,333,Machinery,210,98000,IT & Systems,Overhead,35330.83,36921.59,-1590.76,-4.31
2022-12-01,P-PHX,Phoenix Precision,Plant,Phoenix,AZ,West,333,Machinery,210,98000,Other Overhead,Overhead,34970.08,36921.59,-1951.51,-5.29
2023-01-01,P-PHX,Phoenix Precision,Plant,Phoenix,AZ,West,333,Machinery,210,98000,Direct Labor,COGS,977475.11,977475.11,0.0,0.0
2023-01-01,P-PHX,Phoenix Precision,Plant,Phoenix,AZ,West,333,Machinery,210,98000,Indirect Labor,COGS,380129.21,380129.21,0.0,0.0
2023-01-01,P-PHX,Phoenix Precision,Plant,Phoenix,AZ,West,333,Machinery,210,98000,Raw Materials,COGS,563474.88,546662.2,16812.68,3.08
2023-01-01,P-PHX,Phoenix Precision,Plant,Phoenix,AZ,West,333,Machinery,210,98000,Consumables & Tooling,COGS,75024.78,73496.72,1528.06,2.08
2023-01-01,P-PHX,Phoenix Precision,Plant,Phoenix,AZ,West,333,Machinery,210,98000,Utilities,Overhead,177691.0,124944.43,52746.57,42.22
2023-01-01,P-PHX,Phoenix Precision,Plant,Phoenix,AZ,West,333,Machinery,210,98000,Maintenance & Repair,Overhead,107872.27,110245.09,-2372.82,-2.15
2023-01-01,P-PHX,Phoenix Precision,Plant,Phoenix,AZ,West,333,Machinery,210,98000,Depreciation,Overhead,110245.09,110245.09,0.0,0.0
2023-01-01,P-PHX,Phoenix Precision,Plant,Phoenix,AZ,West,333,Machinery,210,98000,Facilities,Overhead,85746.18,85746.18,0.0,0.0
2023-01-01,P-PHX,Phoenix Precision,Plant,Phoenix,AZ,West,333,Machinery,210,98000,Freight & Logistics,Overhead,86610.86,85746.18,864.68,1.01
2023-01-01,P-PHX,Phoenix Precision,Plant,Phoenix,AZ,West,333,Machinery,210,98000,IT & Systems,Overhead,39099.22,36748.36,2350.86,6.4
2023-01-01,P-PHX,Phoenix Precision,Plant,Phoenix,AZ,West,333,Machinery,210,98000,Other Overhead,Overhead,38206.8,36748.36,1458.44,3.97
2023-02-01,P-PHX,Phoenix Precision,Plant,Phoenix,AZ,West,333,Machinery,210,98000,Direct Labor,COGS,977475.11,977475.11,0.0,0.0
2023-02-01,P-PHX,Phoenix Precision,Plant,Phoenix,AZ,West,333,Machinery,210,98000,Indirect Labor,COGS,380129.21,380129.21,0.0,0.0
2023-02-01,P-PHX,Phoenix Precision,Plant,Phoenix,AZ,West,333,Machinery,210,98000,Raw Materials,COGS,537850.67,519206.52,18644.15,3.59
2023-02-01,P-PHX,Phoenix Precision,Plant,Phoenix,AZ,West,333,Machinery,210,98000,Consumables & Tooling,COGS,71025.72,70154.44,871.28,1.24
2023-02-01,P-PHX,Phoenix Precision,Plant,Phoenix,AZ,West,333,Machinery,210,98000,Utilities,Overhead,164033.89,119262.54,44771.35,37.54
2023-02-01,P-PHX,Phoenix Precision,Plant,Phoenix,AZ,West,333,Machinery,210,98000,Maintenance & Repair,Overhead,121358.35,105231.65,16126.7,15.32
2023-02-01,P-PHX,Phoenix Precision,Plant,Phoenix,AZ,West,333,Machinery,210,98000,Depreciation,Overhead,105231.65,105231.65,0.0,0.0
2023-02-01,P-PHX,Phoenix Precision,Plant,Phoenix,AZ,West,333,Machinery,210,98000,Facilities,Overhead,81846.84,81846.84,0.0,0.0
2023-02-01,P-PHX,Phoenix Precision,Plant,Phoenix,AZ,West,333,Machinery,210,98000,Freight & Logistics,Overhead,77861.18,81846.84,-3985.66,-4.87
2023-02-01,P-PHX,Phoenix Precision,Plant,Phoenix,AZ,West,333,Machinery,210,98000,IT & Systems,Overhead,33946.2,35077.22,-1131.02,-3.22
2023-02-01,P-PHX,Phoenix Precision,Plant,Phoenix,AZ,West,333,Machinery,210,98000,Other Overhead,Overhead,33492.67,35077.22,-1584.55,-4.52
2023-03-01,P-PHX,Phoenix Precision,Plant,Phoenix,AZ,West,333,Machinery,210,98000,Direct Labor,COGS,977475.11,977475.11,0.0,0.0
2023-03-01,P-PHX,Phoenix Precision,Plant,Phoenix,AZ,West,333,Machinery,210,98000,Indirect Labor,COGS,380129.21,380129.21,0.0,0.0
2023-03-01,P-PHX,Phoenix Precision,Plant,Phoenix,AZ,West,333,Machinery,210,98000,Raw Materials,COGS,536128.4,514969.1,21159.3,4.11
2023-03-01,P-PHX,Phoenix Precision,Plant,Phoenix,AZ,West,333,Machinery,210,98000,Consumables & Tooling,COGS,72612.84,69929.79,2683.05,3.84
2023-03-01,P-PHX,Phoenix Precision,Plant,Phoenix,AZ,West,333,Machinery,210,98000,Utilities,Overhead,147007.38,118880.64,28126.74,23.66
2023-03-01,P-PHX,Phoenix Precision,Plant,Phoenix,AZ,West,333,Machinery,210,98000,Maintenance & Repair,Overhead,110342.14,104894.69,5447.45,5.19
2023-03-01,P-PHX,Phoenix Precision,Plant,Phoenix,AZ,West,333,Machinery,210,98000,Depreciation,Overhead,104894.69,104894.69,0.0,0.0
2023-03-01,P-PHX,Phoenix Precision,Plant,Phoenix,AZ,West,333,Machinery,210,98000,Facilities,Overhead,81584.76,81584.76,0.0,0.0
2023-03-01,P-PHX,Phoenix Precision,Plant,Phoenix,AZ,West,333,Machinery,210,98000,Freight & Logistics,Overhead,82240.37,81584.76,655.61,0.8
2023-03-01,P-PHX,Phoenix Precision,Plant,Phoenix,AZ,West,333,Machinery,210,98000,IT & Systems,Overhead,38208.36,34964.9,3243.46,9.28
2023-03-01,P-PHX,Phoenix Precision,Plant,Phoenix,AZ,West,333,Machinery,210,98000,Other Overhead,Overhead,33258.95,34964.9,-1705.95,-4.88
2023-04-01,P-PHX,Phoenix Precision,Plant,Phoenix,AZ,West,333,Machinery,210,98000,Direct Labor,COGS,977475.11,977475.11,0.0,0.0
2023-04-01,P-PHX,Phoenix Precision,Plant,Phoenix,AZ,West,333,Machinery,210,98000,Indirect Labor,COGS,380129.21,380129.21,0.0,0.0
2023-04-01,P-PHX,Phoenix Precision,Plant,Phoenix,AZ,West,333,Machinery,210,98000,Raw Materials,COGS,504989.2,482645.64,22343.56,4.63
2023-04-01,P-PHX,Phoenix Precision,Plant,Phoenix,AZ,West,333,Machinery,210,98000,Consumables & Tooling,COGS,64670.41,65868.16,-1197.75,-1.82
2023-04-01,P-PHX,Phoenix Precision,Plant,Phoenix,AZ,West,333,Machinery,210,98000,Utilities,Overhead,116845.31,111975.87,4869.44,4.35
2023-04-01,P-PHX,Phoenix Precision,Plant,Phoenix,AZ,West,333,Machinery,210,98000,Maintenance & Repair,Overhead,96851.81,98802.23,-1950.42,-1.97
2023-04-01,P-PHX,Phoenix Precision,Plant,Phoenix,AZ,West,333,Machinery,210,98000,Depreciation,Overhead,98802.23,98802.23,0.0,0.0
2023-04-01,P-PHX,Phoenix Precision,Plant,Phoenix,AZ,West,333,Machinery,210,98000,Facilities,Overhead,76846.18,76846.18,0.0,0.0
2023-04-01,P-PHX,Phoenix Precision,Plant,Phoenix,AZ,West,333,Machinery,210,98000,Freight & Logistics,Overhead,74176.56,76846.18,-2669.62,-3.47
2023-04-01,P-PHX,Phoenix Precision,Plant,Phoenix,AZ,West,333,Machinery,210,98000,IT & Systems,Overhead,29638.47,32934.08,-3295.61,-10.01
2023-04-01,P-PHX,Phoenix Precision,Plant,Phoenix,AZ,West,333,Machinery,210,98000,Other Overhead,Overhead,33403.62,32934.08,469.54,1.43
2023-05-01,P-PHX,Phoenix Precision,Plant,Phoenix,AZ,West,333,Machinery,210,98000,Direct Labor,COGS,977475.11,977475.11,0.0,0.0
2023-05-01,P-PHX,Phoenix Precision,Plant,Phoenix,AZ,West,333,Machinery,210,98000,Indirect Labor,COGS,380129.21,380129.21,0.0,0.0
2023-05-01,P-PHX,Phoenix Precision,Plant,Phoenix,AZ,West,333,Machinery,210,98000,Raw Materials,COGS,514731.73,489509.56,25222.17,5.15
2023-05-01,P-PHX,Phoenix Precision,Plant,Phoenix,AZ,West,333,Machinery,210,98000,Consumables & Tooling,COGS,68369.7,67138.92,1230.78,1.83
2023-05-01,P-PHX,Phoenix Precision,Plant,Phoenix,AZ,West,333,Machinery,210,98000,Utilities,Overhead,96872.6,114136.17,-17263.57,-15.13
2023-05-01,P-PHX,Phoenix Precision,Plant,Phoenix,AZ,West,333,Machinery,210,98000,Maintenance & Repair,Overhead,105390.03,100708.38,4681.65,4.65
2023-05-01,P-PHX,Phoenix Precision,Plant,Phoenix,AZ,West,333,Machinery,210,98000,Depreciation,Overhead,100708.38,100708.38,0.0,0.0
2023-05-01,P-PHX,Phoenix Precision,Plant,Phoenix,AZ,West,333,Machinery,210,98000,Facilities,Overhead,78328.74,78328.74,0.0,0.0
2023-05-01,P-PHX,Phoenix Precision,Plant,Phoenix,AZ,West,333,Machinery,210,98000,Freight & Logistics,Overhead,71289.24,78328.74,-7039.5,-8.99
2023-05-01,P-PHX,Phoenix Precision,Plant,Phoenix,AZ,West,333,Machinery,210,98000,IT & Systems,Overhead,32495.11,33569.46,-1074.35,-3.2
2023-05-01,P-PHX,Phoenix Precision,Plant,Phoenix,AZ,West,333,Machinery,210,98000,Other Overhead,Overhead,32016.43,33569.46,-1553.03,-4.63
2023-06-01,P-PHX,Phoenix Precision,Plant,Phoenix,AZ,West,333,Machinery,210,98000,Direct Labor,COGS,977475.11,977475.11,0.0,0.0
2023-06-01,P-PHX,Phoenix Precision,Plant,Phoenix,AZ,West,333,Machinery,210,98000,Indirect Labor,COGS,380129.21,380129.21,0.0,0.0
2023-06-01,P-PHX,Phoenix Precision,Plant,Phoenix,AZ,West,333,Machinery,210,98000,Raw Materials,COGS,565046.41,534685.36,30361.05,5.68
2023-06-01,P-PHX,Phoenix Precision,Plant,Phoenix,AZ,West,333,Machinery,210,98000,Consumables & Tooling,COGS,76282.55,73701.71,2580.84,3.5
2023-06-01,P-PHX,Phoenix Precision,Plant,Phoenix,AZ,West,333,Machinery,210,98000,Utilities,Overhead,88448.28,125292.9,-36844.62,-29.41
2023-06-01,P-PHX,Phoenix Precision,Plant,Phoenix,AZ,West,333,Machinery,210,98000,Maintenance & Repair,Overhead,117290.12,110552.56,6737.56,6.09
2023-06-01,P-PHX,Phoenix Precision,Plant,Phoenix,AZ,West,333,Machinery,210,98000,Depreciation,Overhead,110552.56,110552.56,0.0,0.0
2023-06-01,P-PHX,Phoenix Precision,Plant,Phoenix,AZ,West,333,Machinery,210,98000,Facilities,Overhead,85985.32,85985.32,0.0,0.0
2023-06-01,P-PHX,Phoenix Precision,Plant,Phoenix,AZ,West,333,Machinery,210,98000,Freight & Logistics,Overhead,84955.84,85985.32,-1029.48,-1.2
2023-06-01,P-PHX,Phoenix Precision,Plant,Phoenix,AZ,West,333,Machinery,210,98000,IT & Systems,Overhead,34651.83,36850.85,-2199.02,-5.97
2023-06-01,P-PHX,Phoenix Precision,Plant,Phoenix,AZ,West,333,Machinery,210,98000,Other Overhead,Overhead,37452.58,36850.85,601.73,1.63
2023-07-01,P-PHX,Phoenix Precision,Plant,Phoenix,AZ,West,333,Machinery,210,98000,Direct Labor,COGS,977475.11,977475.11,0.0,0.0
2023-07-01,P-PHX,Phoenix Precision,Plant,Phoenix,AZ,West,333,Machinery,210,98000,Indirect Labor,COGS,380129.21,380129.21,0.0,0.0
2023-07-01,P-PHX,Phoenix Precision,Plant,Phoenix,AZ,West,333,Machinery,210,98000,Raw Materials,COGS,533095.64,501941.66,31153.98,6.21
2023-07-01,P-PHX,Phoenix Precision,Plant,Phoenix,AZ,West,333,Machinery,210,98000,Consumables & Tooling,COGS,67224.84,69534.21,-2309.37,-3.32
2023-07-01,P-PHX,Phoenix Precision,Plant,Phoenix,AZ,West,333,Machinery,210,98000,Utilities,Overhead,77436.09,118208.16,-40772.07,-34.49
2023-07-01,P-PHX,Phoenix Precision,Plant,Phoenix,AZ,West,333,Machinery,210,98000,Maintenance & Repair,Overhead,101321.64,104301.32,-2979.68,-2.86
2023-07-01,P-PHX,Phoenix Precision,Plant,Phoenix,AZ,West,333,Machinery,210,98000,Depreciation,Overhead,104301.32,104301.32,0.0,0.0
2023-07-01,P-PHX,Phoenix Precision,Plant,Phoenix,AZ,West,333,Machinery,210,98000,Facilities,Overhead,81123.25,81123.25,0.0,0.0
2023-07-01,P-PHX,Phoenix Precision,Plant,Phoenix,AZ,West,333,Machinery,210,98000,Freight & Logistics,Overhead,84237.82,81123.25,3114.57,3.84
2023-07-01,P-PHX,Phoenix Precision,Plant,Phoenix,AZ,West,333,Machinery,210,98000,IT & Systems,Overhead,33989.9,34767.11,-777.21,-2.24
2023-07-01,P-PHX,Phoenix Precision,Plant,Phoenix,AZ,West,333,Machinery,210,98000,Other Overhead,Overhead,37417.35,34767.11,2650.24,7.62
2023-08-01,P-PHX,Phoenix Precision,Plant,Phoenix,AZ,West,333,Machinery,210,98000,Direct Labor,COGS,977475.11,977475.11,0.0,0.0
2023-08-01,P-PHX,Phoenix Precision,Plant,Phoenix,AZ,West,333,Machinery,210,98000,Indirect Labor,COGS,380129.21,380129.21,0.0,0.0
2023-08-01,P-PHX,Phoenix Precision,Plant,Phoenix,AZ,West,333,Machinery,210,98000,Raw Materials,COGS,542937.99,508665.5,34272.49,6.74
2023-08-01,P-PHX,Phoenix Precision,Plant,Phoenix,AZ,West,333,Machinery,210,98000,Consumables & Tooling,COGS,76778.34,70818.0,5960.34,8.42
2023-08-01,P-PHX,Phoenix Precision,Plant,Phoenix,AZ,West,333,Machinery,210,98000,Utilities,Overhead,85697.29,120390.6,-34693.31,-28.82
2023-08-01,P-PHX,Phoenix Precision,Plant,Phoenix,AZ,West,333,Machinery,210,98000,Maintenance & Repair,Overhead,100964.63,106227.0,-5262.37,-4.95
2023-08-01,P-PHX,Phoenix Precision,Plant,Phoenix,AZ,West,333,Machinery,210,98000,Depreciation,Overhead,106227.0,106227.0,0.0,0.0
2023-08-01,P-PHX,Phoenix Precision,Plant,Phoenix,AZ,West,333,Machinery,210,98000,Facilities,Overhead,82621.0,82621.0,0.0,0.0
2023-08-01,P-PHX,Phoenix Precision,Plant,Phoenix,AZ,West,333,Machinery,210,98000,Freight & Logistics,Overhead,84382.41,82621.0,1761.41,2.13
2023-08-01,P-PHX,Phoenix Precision,Plant,Phoenix,AZ,West,333,Machinery,210,98000,IT & Systems,Overhead,32983.47,35409.0,-2425.53,-6.85
2023-08-01,P-PHX,Phoenix Precision,Plant,Phoenix,AZ,West,333,Machinery,210,98000,Other Overhead,Overhead,36372.48,35409.0,963.48,2.72
2023-09-01,P-PHX,Phoenix Precision,Plant,Phoenix,AZ,West,333,Machinery,210,98000,Direct Labor,COGS,977475.11,977475.11,0.0,0.0
2023-09-01,P-PHX,Phoenix Precision,Plant,Phoenix,AZ,West,333,Machinery,210,98000,Indirect Labor,COGS,380129.21,380129.21,0.0,0.0
2023-09-01,P-PHX,Phoenix Precision,Plant,Phoenix,AZ,West,333,Machinery,210,98000,Raw Materials,COGS,573376.72,534510.26,38866.46,7.27
2023-09-01,P-PHX,Phoenix Precision,Plant,Phoenix,AZ,West,333,Machinery,210,98000,Consumables & Tooling,COGS,78258.45,74788.27,3470.18,4.64
2023-09-01,P-PHX,Phoenix Precision,Plant,Phoenix,AZ,West,333,Machinery,210,98000,Utilities,Overhead,109719.36,127140.06,-17420.7,-13.7
2023-09-01,P-PHX,Phoenix Precision,Plant,Phoenix,AZ,West,333,Machinery,210,98000,Maintenance & Repair,Overhead,106981.28,112182.4,-5201.12,-4.64
2023-09-01,P-PHX,Phoenix Precision,Plant,Phoenix,AZ,West,333,Machinery,210,98000,Depreciation,Overhead,112182.4,112182.4,0.0,0.0
2023-09-01,P-PHX,Phoenix Precision,Plant,Phoenix,AZ,West,333,Machinery,210,98000,Facilities,Overhead,87252.98,87252.98,0.0,0.0
2023-09-01,P-PHX,Phoenix Precision,Plant,Phoenix,AZ,West,333,Machinery,210,98000,Freight & Logistics,Overhead,86918.85,87252.98,-334.13,-0.38
2023-09-01,P-PHX,Phoenix Precision,Plant,Phoenix,AZ,West,333,Machinery,210,98000,IT & Systems,Overhead,35314.17,37394.13,-2079.96,-5.56
2023-09-01,P-PHX,Phoenix Precision,Plant,Phoenix,AZ,West,333,Machinery,210,98000,Other Overhead,Overhead,37419.91,37394.13,25.78,0.07
2023-10-01,P-PHX,Phoenix Precision,Plant,Phoenix,AZ,West,333,Machinery,210,98000,Direct Labor,COGS,977475.11,977475.11,0.0,0.0
2023-10-01,P-PHX,Phoenix Precision,Plant,Phoenix,AZ,West,333,Machinery,210,98000,Indirect Labor,COGS,380129.21,380129.21,0.0,0.0
2023-10-01,P-PHX,Phoenix Precision,Plant,Phoenix,AZ,West,333,Machinery,210,98000,Raw Materials,COGS,620831.41,575868.88,44962.53,7.81
2023-10-01,P-PHX,Phoenix Precision,Plant,Phoenix,AZ,West,333,Machinery,210,98000,Consumables & Tooling,COGS,75718.96,80978.01,-5259.05,-6.49
2023-10-01,P-PHX,Phoenix Precision,Plant,Phoenix,AZ,West,333,Machinery,210,98000,Utilities,Overhead,147277.93,137662.62,9615.31,6.98
2023-10-01,P-PHX,Phoenix Precision,Plant,Phoenix,AZ,West,333,Machinery,210,98000,Maintenance & Repair,Overhead,117910.46,121467.02,-3556.56,-2.93
2023-10-01,P-PHX,Phoenix Precision,Plant,Phoenix,AZ,West,333,Machinery,210,98000,Depreciation,Overhead,121467.02,121467.02,0.0,0.0
2023-10-01,P-PHX,Phoenix Precision,Plant,Phoenix,AZ,West,333,Machinery,210,98000,Facilities,Overhead,94474.35,94474.35,0.0,0.0
2023-10-01,P-PHX,Phoenix Precision,Plant,Phoenix,AZ,West,333,Machinery,210,98000,Freight & Logistics,Overhead,98148.5,94474.35,3674.15,3.89
2023-10-01,P-PHX,Phoenix Precision,Plant,Phoenix,AZ,West,333,Machinery,210,98000,IT & Systems,Overhead,40879.64,40489.01,390.63,0.96
2023-10-01,P-PHX,Phoenix Precision,Plant,Phoenix,AZ,West,333,Machinery,210,98000,Other Overhead,Overhead,43476.81,40489.01,2987.8,7.38
2023-11-01,P-PHX,Phoenix Precision,Plant,Phoenix,AZ,West,333,Machinery,210,98000,Direct Labor,COGS,977475.11,977475.11,0.0,0.0
2023-11-01,P-PHX,Phoenix Precision,Plant,Phoenix,AZ,West,333,Machinery,210,98000,Indirect Labor,COGS,380129.21,380129.21,0.0,0.0
2023-11-01,P-PHX,Phoenix Precision,Plant,Phoenix,AZ,West,333,Machinery,210,98000,Raw Materials,COGS,618206.17,570580.86,47625.31,8.35
2023-11-01,P-PHX,Phoenix Precision,Plant,Phoenix,AZ,West,333,Machinery,210,98000,Consumables & Tooling,COGS,80452.53,80635.59,-183.06,-0.23
2023-11-01,P-PHX,Phoenix Precision,Plant,Phoenix,AZ,West,333,Machinery,210,98000,Utilities,Overhead,175246.79,137080.5,38166.29,27.84
2023-11-01,P-PHX,Phoenix Precision,Plant,Phoenix,AZ,West,333,Machinery,210,98000,Maintenance & Repair,Overhead,112560.68,120953.38,-8392.7,-6.94
2023-11-01,P-PHX,Phoenix Precision,Plant,Phoenix,AZ,West,333,Machinery,210,98000,Depreciation,Overhead,120953.38,120953.38,0.0,0.0
2023-11-01,P-PHX,Phoenix Precision,Plant,Phoenix,AZ,West,333,Machinery,210,98000,Facilities,Overhead,94074.85,94074.85,0.0,0.0
2023-11-01,P-PHX,Phoenix Precision,Plant,Phoenix,AZ,West,333,Machinery,210,98000,Freight & Logistics,Overhead,95168.47,94074.85,1093.62,1.16
2023-11-01,P-PHX,Phoenix Precision,Plant,Phoenix,AZ,West,333,Machinery,210,98000,IT & Systems,Overhead,38963.59,40317.79,-1354.2,-3.36
2023-11-01,P-PHX,Phoenix Precision,Plant,Phoenix,AZ,West,333,Machinery,210,98000,Other Overhead,Overhead,39479.34,40317.79,-838.45,-2.08
2023-12-01,P-PHX,Phoenix Precision,Plant,Phoenix,AZ,West,333,Machinery,210,98000,Direct Labor,COGS,977475.11,977475.11,0.0,0.0
2023-12-01,P-PHX,Phoenix Precision,Plant,Phoenix,AZ,West,333,Machinery,210,98000,Indirect Labor,COGS,380129.21,380129.21,0.0,0.0
2023-12-01,P-PHX,Phoenix Precision,Plant,Phoenix,AZ,West,333,Machinery,210,98000,Raw Materials,COGS,565051.36,518926.36,46125.0,8.89
2023-12-01,P-PHX,Phoenix Precision,Plant,Phoenix,AZ,West,333,Machinery,210,98000,Consumables & Tooling,COGS,77490.22,73702.35,3787.87,5.14
2023-12-01,P-PHX,Phoenix Precision,Plant,Phoenix,AZ,West,333,Machinery,210,98000,Utilities,Overhead,179646.1,125294.0,54352.1,43.38
2023-12-01,P-PHX,Phoenix Precision,Plant,Phoenix,AZ,West,333,Machinery,210,98000,Maintenance & Repair,Overhead,113363.57,110553.53,2810.04,2.54
2023-12-01,P-PHX,Phoenix Precision,Plant,Phoenix,AZ,West,333,Machinery,210,98000,Depreciation,Overhead,110553.53,110553.53,0.0,0.0
2023-12-01,P-PHX,Phoenix Precision,Plant,Phoenix,AZ,West,333,Machinery,210,98000,Facilities,Overhead,85986.08,85986.08,0.0,0.0
2023-12-01,P-PHX,Phoenix Precision,Plant,Phoenix,AZ,West,333,Machinery,210,98000,Freight & Logistics,Overhead,84726.78,85986.08,-1259.3,-1.46
2023-12-01,P-PHX,Phoenix Precision,Plant,Phoenix,AZ,West,333,Machinery,210,98000,IT & Systems,Overhead,35310.82,36851.18,-1540.36,-4.18
2023-12-01,P-PHX,Phoenix Precision,Plant,Phoenix,AZ,West,333,Machinery,210,98000,Other Overhead,Overhead,34930.35,36851.18,-1920.83,-5.21
2024-01-01,P-PHX,Phoenix Precision,Plant,Phoenix,AZ,West,333,Machinery,210,98000,Direct Labor,COGS,1011686.74,1011686.74,0.0,0.0
2024-01-01,P-PHX,Phoenix Precision,Plant,Phoenix,AZ,West,333,Machinery,210,98000,Indirect Labor,COGS,393433.73,393433.73,0.0,0.0
2024-01-01,P-PHX,Phoenix Precision,Plant,Phoenix,AZ,West,333,Machinery,210,98000,Raw Materials,COGS,597079.08,545611.6,51467.48,9.43
2024-01-01,P-PHX,Phoenix Precision,Plant,Phoenix,AZ,West,333,Machinery,210,98000,Consumables & Tooling,COGS,81039.34,77879.88,3159.46,4.06
2024-01-01,P-PHX,Phoenix Precision,Plant,Phoenix,AZ,West,333,Machinery,210,98000,Utilities,Overhead,197921.21,132395.8,65525.41,49.49
2024-01-01,P-PHX,Phoenix Precision,Plant,Phoenix,AZ,West,333,Machinery,210,98000,Maintenance & Repair,Overhead,116967.92,116819.82,148.1,0.13
2024-01-01,P-PHX,Phoenix Precision,Plant,Phoenix,AZ,West,333,Machinery,210,98000,Depreciation,Overhead,116819.82,116819.82,0.0,0.0
2024-01-01,P-PHX,Phoenix Precision,Plant,Phoenix,AZ,West,333,Machinery,210,98000,Facilities,Overhead,90859.86,90859.86,0.0,0.0
2024-01-01,P-PHX,Phoenix Precision,Plant,Phoenix,AZ,West,333,Machinery,210,98000,Freight & Logistics,Overhead,93725.6,90859.86,2865.74,3.15
2024-01-01,P-PHX,Phoenix Precision,Plant,Phoenix,AZ,West,333,Machinery,210,98000,IT & Systems,Overhead,38179.18,38939.94,-760.76,-1.95
2024-01-01,P-PHX,Phoenix Precision,Plant,Phoenix,AZ,West,333,Machinery,210,98000,Other Overhead,Overhead,40039.64,38939.94,1099.7,2.82
2024-02-01,P-PHX,Phoenix Precision,Plant,Phoenix,AZ,West,333,Machinery,210,98000,Direct Labor,COGS,1011686.74,1011686.74,0.0,0.0
2024-02-01,P-PHX,Phoenix Precision,Plant,Phoenix,AZ,West,333,Machinery,210,98000,Indirect Labor,COGS,393433.73,393433.73,0.0,0.0
2024-02-01,P-PHX,Phoenix Precision,Plant,Phoenix,AZ,West,333,Machinery,210,98000,Raw Materials,COGS,565554.99,514233.68,51321.31,9.98
2024-02-01,P-PHX,Phoenix Precision,Plant,Phoenix,AZ,West,333,Machinery,210,98000,Consumables & Tooling,COGS,71589.62,73768.04,-2178.42,-2.95
2024-02-01,P-PHX,Phoenix Precision,Plant,Phoenix,AZ,West,333,Machinery,210,98000,Utilities,Overhead,181307.72,125405.67,55902.05,44.58
2024-02-01,P-PHX,Phoenix Precision,Plant,Phoenix,AZ,West,333,Machinery,210,98000,Maintenance & Repair,Overhead,111718.39,110652.06,1066.33,0.96
2024-02-01,P-PHX,Phoenix Precision,Plant,Phoenix,AZ,West,333,Machinery,210,98000,Depreciation,Overhead,110652.06,110652.06,0.0,0.0
2024-02-01,P-PHX,Phoenix Precision,Plant,Phoenix,AZ,West,333,Machinery,210,98000,Facilities,Overhead,86062.72,86062.72,0.0,0.0
2024-02-01,P-PHX,Phoenix Precision,Plant,Phoenix,AZ,West,333,Machinery,210,98000,Freight & Logistics,Overhead,90193.44,86062.72,4130.72,4.8
2024-02-01,P-PHX,Phoenix Precision,Plant,Phoenix,AZ,West,333,Machinery,210,98000,IT & Systems,Overhead,37277.46,36884.02,393.44,1.07
2024-02-01,P-PHX,Phoenix Precision,Plant,Phoenix,AZ,West,333,Machinery,210,98000,Other Overhead,Overhead,40088.89,36884.02,3204.87,8.69
2024-03-01,P-PHX,Phoenix Precision,Plant,Phoenix,AZ,West,333,Machinery,210,98000,Direct Labor,COGS,1011686.74,1011686.74,0.0,0.0
2024-03-01,P-PHX,Phoenix Precision,Plant,Phoenix,AZ,West,333,Machinery,210,98000,Indirect Labor,COGS,393433.73,393433.73,0.0,0.0
2024-03-01,P-PHX,Phoenix Precision,Plant,Phoenix,AZ,West,333,Machinery,210,98000,Raw Materials,COGS,563853.97,510136.34,53717.63,10.53
2024-03-01,P-PHX,Phoenix Precision,Plant,Phoenix,AZ,West,333,Machinery,210,98000,Consumables & Tooling,COGS,69280.65,73546.17,-4265.52,-5.8
2024-03-01,P-PHX,Phoenix Precision,Plant,Phoenix,AZ,West,333,Machinery,210,98000,Utilities,Overhead,162519.92,125028.49,37491.43,29.99
2024-03-01,P-PHX,Phoenix Precision,Plant,Phoenix,AZ,West,333,Machinery,210,98000,Maintenance & Repair,Overhead,121794.07,110319.26,11474.81,10.4
2024-03-01,P-PHX,Phoenix Precision,Plant,Phoenix,AZ,West,333,Machinery,210,98000,Depreciation,Overhead,110319.26,110319.26,0.0,0.0
2024-03-01,P-PHX,Phoenix Precision,Plant,Phoenix,AZ,West,333,Machinery,210,98000,Facilities,Overhead,85803.87,85803.87,0.0,0.0
2024-03-01,P-PHX,Phoenix Precision,Plant,Phoenix,AZ,West,333,Machinery,210,98000,Freight & Logistics,Overhead,86878.33,85803.87,1074.46,1.25
2024-03-01,P-PHX,Phoenix Precision,Plant,Phoenix,AZ,West,333,Machinery,210,98000,IT & Systems,Overhead,38872.7,36773.09,2099.61,5.71
2024-03-01,P-PHX,Phoenix Precision,Plant,Phoenix,AZ,West,333,Machinery,210,98000,Other Overhead,Overhead,33325.96,36773.09,-3447.13,-9.37
2024-04-01,P-PHX,Phoenix Precision,Plant,Phoenix,AZ,West,333,Machinery,210,98000,Direct Labor,COGS,1011686.74,1011686.74,0.0,0.0
2024-04-01,P-PHX,Phoenix Precision,Plant,Phoenix,AZ,West,333,Machinery,210,98000,Indirect Labor,COGS,393433.73,393433.73,0.0,0.0
2024-04-01,P-PHX,Phoenix Precision,Plant,Phoenix,AZ,West,333,Machinery,210,98000,Raw Materials,COGS,499918.84,450042.02,49876.82,11.08
2024-04-01,P-PHX,Phoenix Precision,Plant,Phoenix,AZ,West,333,Machinery,210,98000,Consumables & Tooling,COGS,67510.19,65206.81,2303.38,3.53
2024-04-01,P-PHX,Phoenix Precision,Plant,Phoenix,AZ,West,333,Machinery,210,98000,Utilities,Overhead,121590.12,110851.57,10738.55,9.69
2024-04-01,P-PHX,Phoenix Precision,Plant,Phoenix,AZ,West,333,Machinery,210,98000,Maintenance & Repair,Overhead,100261.17,97810.21,2450.96,2.51
2024-04-01,P-PHX,Phoenix Precision,Plant,Phoenix,AZ,West,333,Machinery,210,98000,Depreciation,Overhead,97810.21,97810.21,0.0,0.0
2024-04-01,P-PHX,Phoenix Precision,Plant,Phoenix,AZ,West,333,Machinery,210,98000,Facilities,Overhead,76074.61,76074.61,0.0,0.0
2024-04-01,P-PHX,Phoenix Precision,Plant,Phoenix,AZ,West,333,Machinery,210,98000,Freight & Logistics,Overhead,78688.17,76074.61,2613.56,3.44
2024-04-01,P-PHX,Phoenix Precision,Plant,Phoenix,AZ,West,333,Machinery,210,98000,IT & Systems,Overhead,28944.64,32603.4,-3658.76,-11.22
2024-04-01,P-PHX,Phoenix Precision,Plant,Phoenix,AZ,West,333,Machinery,210,98000,Other Overhead,Overhead,33034.0,32603.4,430.6,1.32
2024-05-01,P-PHX,Phoenix Precision,Plant,Phoenix,AZ,West,333,Machinery,210,98000,Direct Labor,COGS,1011686.74,1011686.74,0.0,0.0
2024-05-01,P-PHX,Phoenix Precision,Plant,Phoenix,AZ,West,333,Machinery,210,98000,Indirect Labor,COGS,393433.73,393433.73,0.0,0.0
2024-05-01,P-PHX,Phoenix Precision,Plant,Phoenix,AZ,West,333,Machinery,210,98000,Raw Materials,COGS,570366.71,510906.78,59459.93,11.64
2024-05-01,P-PHX,Phoenix Precision,Plant,Phoenix,AZ,West,333,Machinery,210,98000,Consumables & Tooling,COGS,70703.77,74395.66,-3691.89,-4.96
2024-05-01,P-PHX,Phoenix Precision,Plant,Phoenix,AZ,West,333,Machinery,210,98000,Utilities,Overhead,112834.99,126472.62,-13637.63,-10.78
2024-05-01,P-PHX,Phoenix Precision,Plant,Phoenix,AZ,West,333,Machinery,210,98000,Maintenance & Repair,Overhead,108734.77,111593.49,-2858.72,-2.56
2024-05-01,P-PHX,Phoenix Precision,Plant,Phoenix,AZ,West,333,Machinery,210,98000,Depreciation,Overhead,111593.49,111593.49,0.0,0.0
2024-05-01,P-PHX,Phoenix Precision,Plant,Phoenix,AZ,West,333,Machinery,210,98000,Facilities,Overhead,86794.93,86794.93,0.0,0.0
2024-05-01,P-PHX,Phoenix Precision,Plant,Phoenix,AZ,West,333,Machinery,210,98000,Freight & Logistics,Overhead,86766.24,86794.93,-28.69,-0.03
2024-05-01,P-PHX,Phoenix Precision,Plant,Phoenix,AZ,West,333,Machinery,210,98000,IT & Systems,Overhead,38261.43,37197.83,1063.6,2.86
2024-05-01,P-PHX,Phoenix Precision,Plant,Phoenix,AZ,West,333,Machinery,210,98000,Other Overhead,Overhead,38358.79,37197.83,1160.96,3.12
2024-06-01,P-PHX,Phoenix Precision,Plant,Phoenix,AZ,West,333,Machinery,210,98000,Direct Labor,COGS,1011686.74,1011686.74,0.0,0.0
2024-06-01,P-PHX,Phoenix Precision,Plant,Phoenix,AZ,West,333,Machinery,210,98000,Indirect Labor,COGS,393433.73,393433.73,0.0,0.0
2024-06-01,P-PHX,Phoenix Precision,Plant,Phoenix,AZ,West,333,Machinery,210,98000,Raw Materials,COGS,559348.77,498544.72,60804.05,12.2
2024-06-01,P-PHX,Phoenix Precision,Plant,Phoenix,AZ,West,333,Machinery,210,98000,Consumables & Tooling,COGS,75486.86,72958.54,2528.32,3.47
2024-06-01,P-PHX,Phoenix Precision,Plant,Phoenix,AZ,West,333,Machinery,210,98000,Utilities,Overhead,92035.96,124029.51,-31993.55,-25.8
2024-06-01,P-PHX,Phoenix Precision,Plant,Phoenix,AZ,West,333,Machinery,210,98000,Maintenance & Repair,Overhead,122938.2,109437.8,13500.4,12.34
2024-06-01,P-PHX,Phoenix Precision,Plant,Phoenix,AZ,West,333,Machinery,210,98000,Depreciation,Overhead,109437.8,109437.8,0.0,0.0
2024-06-01,P-PHX,Phoenix Precision,Plant,Phoenix,AZ,West,333,Machinery,210,98000,Facilities,Overhead,85118.29,85118.29,0.0,0.0
2024-06-01,P-PHX,Phoenix Precision,Plant,Phoenix,AZ,West,333,Machinery,210,98000,Freight & Logistics,Overhead,82724.0,85118.29,-2394.29,-2.81
2024-06-01,P-PHX,Phoenix Precision,Plant,Phoenix,AZ,West,333,Machinery,210,98000,IT & Systems,Overhead,35776.41,36479.27,-702.86,-1.93
2024-06-01,P-PHX,Phoenix Precision,Plant,Phoenix,AZ,West,333,Machinery,210,98000,Other Overhead,Overhead,39678.89,36479.27,3199.62,8.77
2024-07-01,P-PHX,Phoenix Precision,Plant,Phoenix,AZ,West,333,Machinery,210,98000,Direct Labor,COGS,1011686.74,1011686.74,0.0,0.0
2024-07-01,P-PHX,Phoenix Precision,Plant,Phoenix,AZ,West,333,Machinery,210,98000,Indirect Labor,COGS,393433.73,393433.73,0.0,0.0
2024-07-01,P-PHX,Phoenix Precision,Plant,Phoenix,AZ,West,333,Machinery,210,98000,Raw Materials,COGS,540071.94,478968.54,61103.4,12.76
2024-07-01,P-PHX,Phoenix Precision,Plant,Phoenix,AZ,West,333,Machinery,210,98000,Consumables & Tooling,COGS,64367.62,70444.17,-6076.55,-8.63
2024-07-01,P-PHX,Phoenix Precision,Plant,Phoenix,AZ,West,333,Machinery,210,98000,Utilities,Overhead,82463.07,119755.08,-37292.01,-31.14
2024-07-01,P-PHX,Phoenix Precision,Plant,Phoenix,AZ,West,333,Machinery,210,98000,Maintenance & Repair,Overhead,103866.22,105666.25,-1800.03,-1.7
2024-07-01,P-PHX,Phoenix Precision,Plant,Phoenix,AZ,West,333,Machinery,210,98000,Depreciation,Overhead,105666.25,105666.25,0.0,0.0
2024-07-01,P-PHX,Phoenix Precision,Plant,Phoenix,AZ,West,333,Machinery,210,98000,Facilities,Overhead,82184.86,82184.86,0.0,0.0
2024-07-01,P-PHX,Phoenix Precision,Plant,Phoenix,AZ,West,333,Machinery,210,98000,Freight & Logistics,Overhead,82101.89,82184.86,-82.97,-0.1
2024-07-01,P-PHX,Phoenix Precision,Plant,Phoenix,AZ,West,333,Machinery,210,98000,IT & Systems,Overhead,33373.07,35222.08,-1849.01,-5.25
2024-07-01,P-PHX,Phoenix Precision,Plant,Phoenix,AZ,West,333,Machinery,210,98000,Other Overhead,Overhead,40004.84,35222.08,4782.76,13.58
2024-08-01,P-PHX,Phoenix Precision,Plant,Phoenix,AZ,West,333,Machinery,210,98000,Direct Labor,COGS,1011686.74,1011686.74,0.0,0.0
2024-08-01,P-PHX,Phoenix Precision,Plant,Phoenix,AZ,West,333,Machinery,210,98000,Indirect Labor,COGS,393433.73,393433.73,0.0,0.0
2024-08-01,P-PHX,Phoenix Precision,Plant,Phoenix,AZ,West,333,Machinery,210,98000,Raw Materials,COGS,605434.98,534265.12,71169.86,13.32
2024-08-01,P-PHX,Phoenix Precision,Plant,Phoenix,AZ,West,333,Machinery,210,98000,Consumables & Tooling,COGS,74823.05,78969.78,-4146.73,-5.25
2024-08-01,P-PHX,Phoenix Precision,Plant,Phoenix,AZ,West,333,Machinery,210,98000,Utilities,Overhead,100450.94,134248.63,-33797.69,-25.18
2024-08-01,P-PHX,Phoenix Precision,Plant,Phoenix,AZ,West,333,Machinery,210,98000,Maintenance & Repair,Overhead,120807.94,118454.67,2353.27,1.99
2024-08-01,P-PHX,Phoenix Precision,Plant,Phoenix,AZ,West,333,Machinery,210,98000,Depreciation,Overhead,118454.67,118454.67,0.0,0.0
2024-08-01,P-PHX,Phoenix Precision,Plant,Phoenix,AZ,West,333,Machinery,210,98000,Facilities,Overhead,92131.41,92131.41,0.0,0.0
2024-08-01,P-PHX,Phoenix Precision,Plant,Phoenix,AZ,West,333,Machinery,210,98000,Freight & Logistics,Overhead,94524.42,92131.41,2393.01,2.6
2024-08-01,P-PHX,Phoenix Precision,Plant,Phoenix,AZ,West,333,Machinery,210,98000,IT & Systems,Overhead,37285.26,39484.89,-2199.63,-5.57
2024-08-01,P-PHX,Phoenix Precision,Plant,Phoenix,AZ,West,333,Machinery,210,98000,Other Overhead,Overhead,37039.37,39484.89,-2445.52,-6.19
2024-09-01,P-PHX,Phoenix Precision,Plant,Phoenix,AZ,West,333,Machinery,210,98000,Direct Labor,COGS,1011686.74,1011686.74,0.0,0.0
2024-09-01,P-PHX,Phoenix Precision,Plant,Phoenix,AZ,West,333,Machinery,210,98000,Indirect Labor,COGS,393433.73,393433.73,0.0,0.0
2024-09-01,P-PHX,Phoenix Precision,Plant,Phoenix,AZ,West,333,Machinery,210,98000,Raw Materials,COGS,641086.83,562911.48,78175.35,13.89
2024-09-01,P-PHX,Phoenix Precision,Plant,Phoenix,AZ,West,333,Machinery,210,98000,Consumables & Tooling,COGS,79975.4,83620.02,-3644.62,-4.36
2024-09-01,P-PHX,Phoenix Precision,Plant,Phoenix,AZ,West,333,Machinery,210,98000,Utilities,Overhead,128952.47,142154.04,-13201.57,-9.29
2024-09-01,P-PHX,Phoenix Precision,Plant,Phoenix,AZ,West,333,Machinery,210,98000,Maintenance & Repair,Overhead,132629.81,125430.03,7199.78,5.74
2024-09-01,P-PHX,Phoenix Precision,Plant,Phoenix,AZ,West,333,Machinery,210,98000,Depreciation,Overhead,125430.03,125430.03,0.0,0.0
2024-09-01,P-PHX,Phoenix Precision,Plant,Phoenix,AZ,West,333,Machinery,210,98000,Facilities,Overhead,97556.69,97556.69,0.0,0.0
2024-09-01,P-PHX,Phoenix Precision,Plant,Phoenix,AZ,West,333,Machinery,210,98000,Freight & Logistics,Overhead,100050.22,97556.69,2493.53,2.56
2024-09-01,P-PHX,Phoenix Precision,Plant,Phoenix,AZ,West,333,Machinery,210,98000,IT & Systems,Overhead,42008.42,41810.01,198.41,0.47
2024-09-01,P-PHX,Phoenix Precision,Plant,Phoenix,AZ,West,333,Machinery,210,98000,Other Overhead,Overhead,43010.16,41810.01,1200.15,2.87
2024-10-01,P-PHX,Phoenix Precision,Plant,Phoenix,AZ,West,333,Machinery,210,98000,Direct Labor,COGS,1011686.74,1011686.74,0.0,0.0
2024-10-01,P-PHX,Phoenix Precision,Plant,Phoenix,AZ,West,333,Machinery,210,98000,Indirect Labor,COGS,393433.73,393433.73,0.0,0.0
2024-10-01,P-PHX,Phoenix Precision,Plant,Phoenix,AZ,West,333,Machinery,210,98000,Raw Materials,COGS,631225.25,551494.96,79730.29,14.46
2024-10-01,P-PHX,Phoenix Precision,Plant,Phoenix,AZ,West,333,Machinery,210,98000,Consumables & Tooling,COGS,81659.84,82333.73,-673.89,-0.82
2024-10-01,P-PHX,Phoenix Precision,Plant,Phoenix,AZ,West,333,Machinery,210,98000,Utilities,Overhead,157404.79,139967.34,17437.45,12.46
2024-10-01,P-PHX,Phoenix Precision,Plant,Phoenix,AZ,West,333,Machinery,210,98000,Maintenance & Repair,Overhead,126680.58,123500.59,3179.99,2.57
2024-10-01,P-PHX,Phoenix Precision,Plant,Phoenix,AZ,West,333,Machinery,210,98000,Depreciation,Overhead,123500.59,123500.59,0.0,0.0
2024-10-01,P-PHX,Phoenix Precision,Plant,Phoenix,AZ,West,333,Machinery,210,98000,Facilities,Overhead,96056.02,96056.02,0.0,0.0
2024-10-01,P-PHX,Phoenix Precision,Plant,Phoenix,AZ,West,333,Machinery,210,98000,Freight & Logistics,Overhead,99429.33,96056.02,3373.31,3.51
2024-10-01,P-PHX,Phoenix Precision,Plant,Phoenix,AZ,West,333,Machinery,210,98000,IT & Systems,Overhead,39705.22,41166.86,-1461.64,-3.55
2024-10-01,P-PHX,Phoenix Precision,Plant,Phoenix,AZ,West,333,Machinery,210,98000,Other Overhead,Overhead,40108.84,41166.86,-1058.02,-2.57
2024-11-01,P-PHX,Phoenix Precision,Plant,Phoenix,AZ,West,333,Machinery,210,98000,Direct Labor,COGS,1011686.74,1011686.74,0.0,0.0
2024-11-01,P-PHX,Phoenix Precision,Plant,Phoenix,AZ,West,333,Machinery,210,98000,Indirect Labor,COGS,393433.73,393433.73,0.0,0.0
2024-11-01,P-PHX,Phoenix Precision,Plant,Phoenix,AZ,West,333,Machinery,210,98000,Raw Materials,COGS,644170.21,560004.82,84165.39,15.03
2024-11-01,P-PHX,Phoenix Precision,Plant,Phoenix,AZ,West,333,Machinery,210,98000,Consumables & Tooling,COGS,84502.95,84022.2,480.75,0.57
2024-11-01,P-PHX,Phoenix Precision,Plant,Phoenix,AZ,West,333,Machinery,210,98000,Utilities,Overhead,191949.51,142837.74,49111.77,34.38
2024-11-01,P-PHX,Phoenix Precision,Plant,Phoenix,AZ,West,333,Machinery,210,98000,Maintenance & Repair,Overhead,131090.11,126033.3,5056.81,4.01
2024-11-01,P-PHX,Phoenix Precision,Plant,Phoenix,AZ,West,333,Machinery,210,98000,Depreciation,Overhead,126033.3,126033.3,0.0,0.0
2024-11-01,P-PHX,Phoenix Precision,Plant,Phoenix,AZ,West,333,Machinery,210,98000,Facilities,Overhead,98025.9,98025.9,0.0,0.0
2024-11-01,P-PHX,Phoenix Precision,Plant,Phoenix,AZ,West,333,Machinery,210,98000,Freight & Logistics,Overhead,95272.39,98025.9,-2753.51,-2.81
2024-11-01,P-PHX,Phoenix Precision,Plant,Phoenix,AZ,West,333,Machinery,210,98000,IT & Systems,Overhead,45148.27,42011.1,3137.17,7.47
2024-11-01,P-PHX,Phoenix Precision,Plant,Phoenix,AZ,West,333,Machinery,210,98000,Other Overhead,Overhead,44798.73,42011.1,2787.63,6.64
2024-12-01,P-PHX,Phoenix Precision,Plant,Phoenix,AZ,West,333,Machinery,210,98000,Direct Labor,COGS,1011686.74,1011686.74,0.0,0.0
2024-12-01,P-PHX,Phoenix Precision,Plant,Phoenix,AZ,West,333,Machinery,210,98000,Indirect Labor,COGS,393433.73,393433.73,0.0,0.0
2024-12-01,P-PHX,Phoenix Precision,Plant,Phoenix,AZ,West,333,Machinery,210,98000,Raw Materials,COGS,658969.69,570020.54,88949.15,15.6
2024-12-01,P-PHX,Phoenix Precision,Plant,Phoenix,AZ,West,333,Machinery,210,98000,Consumables & Tooling,COGS,78007.18,85952.57,-7945.39,-9.24
2024-12-01,P-PHX,Phoenix Precision,Plant,Phoenix,AZ,West,333,Machinery,210,98000,Utilities,Overhead,220224.14,146119.37,74104.77,50.72
2024-12-01,P-PHX,Phoenix Precision,Plant,Phoenix,AZ,West,333,Machinery,210,98000,Maintenance & Repair,Overhead,126029.44,128928.85,-2899.41,-2.25
2024-12-01,P-PHX,Phoenix Precision,Plant,Phoenix,AZ,West,333,Machinery,210,98000,Depreciation,Overhead,128928.85,128928.85,0.0,0.0
2024-12-01,P-PHX,Phoenix Precision,Plant,Phoenix,AZ,West,333,Machinery,210,98000,Facilities,Overhead,100278.0,100278.0,0.0,0.0
2024-12-01,P-PHX,Phoenix Precision,Plant,Phoenix,AZ,West,333,Machinery,210,98000,Freight & Logistics,Overhead,95188.52,100278.0,-5089.48,-5.08
2024-12-01,P-PHX,Phoenix Precision,Plant,Phoenix,AZ,West,333,Machinery,210,98000,IT & Systems,Overhead,46538.65,42976.28,3562.37,8.29
2024-12-01,P-PHX,Phoenix Precision,Plant,Phoenix,AZ,West,333,Machinery,210,98000,Other Overhead,Overhead,45447.63,42976.28,2471.35,5.75
2022-01-01,D-MEM,Memphis DC,DC,Memphis,TN,South,,,95,180000,Warehouse Labor,Overhead,459166.67,459166.67,0.0,0.0
2022-01-01,D-MEM,Memphis DC,DC,Memphis,TN,South,,,95,180000,Facilities,Overhead,327976.19,327976.19,0.0,0.0
2022-01-01,D-MEM,Memphis DC,DC,Memphis,TN,South,,,95,180000,Freight & Logistics,Overhead,304721.78,337815.48,-33093.7,-9.8
2022-01-01,D-MEM,Memphis DC,DC,Memphis,TN,South,,,95,180000,Equipment & Maint.,Overhead,148986.42,153055.56,-4069.14,-2.66
2022-01-01,D-MEM,Memphis DC,DC,Memphis,TN,South,,,95,180000,Utilities,Overhead,211216.67,153055.56,58161.11,38.0
2022-01-01,D-MEM,Memphis DC,DC,Memphis,TN,South,,,95,180000,IT & Systems,Overhead,79106.07,76527.78,2578.29,3.37
2022-01-01,D-MEM,Memphis DC,DC,Memphis,TN,South,,,95,180000,Other Overhead,Overhead,55091.2,54662.7,428.5,0.78
2022-02-01,D-MEM,Memphis DC,DC,Memphis,TN,South,,,95,180000,Warehouse Labor,Overhead,459166.67,459166.67,0.0,0.0
2022-02-01,D-MEM,Memphis DC,DC,Memphis,TN,South,,,95,180000,Facilities,Overhead,327976.19,327976.19,0.0,0.0
2022-02-01,D-MEM,Memphis DC,DC,Memphis,TN,South,,,95,180000,Freight & Logistics,Overhead,332854.01,337815.48,-4961.47,-1.47
2022-02-01,D-MEM,Memphis DC,DC,Memphis,TN,South,,,95,180000,Equipment & Maint.,Overhead,153853.94,153055.56,798.38,0.52
2022-02-01,D-MEM,Memphis DC,DC,Memphis,TN,South,,,95,180000,Utilities,Overhead,203424.56,153055.56,50369.0,32.91
2022-02-01,D-MEM,Memphis DC,DC,Memphis,TN,South,,,95,180000,IT & Systems,Overhead,73532.52,76527.78,-2995.26,-3.91
2022-02-01,D-MEM,Memphis DC,DC,Memphis,TN,South,,,95,180000,Other Overhead,Overhead,56437.16,54662.7,1774.46,3.25
2022-03-01,D-MEM,Memphis DC,DC,Memphis,TN,South,,,95,180000,Warehouse Labor,Overhead,459166.67,459166.67,0.0,0.0
2022-03-01,D-MEM,Memphis DC,DC,Memphis,TN,South,,,95,180000,Facilities,Overhead,327976.19,327976.19,0.0,0.0
2022-03-01,D-MEM,Memphis DC,DC,Memphis,TN,South,,,95,180000,Freight & Logistics,Overhead,345200.39,337815.48,7384.91,2.19
2022-03-01,D-MEM,Memphis DC,DC,Memphis,TN,South,,,95,180000,Equipment & Maint.,Overhead,138430.86,153055.56,-14624.7,-9.56
2022-03-01,D-MEM,Memphis DC,DC,Memphis,TN,South,,,95,180000,Utilities,Overhead,182136.11,153055.56,29080.55,19.0
2022-03-01,D-MEM,Memphis DC,DC,Memphis,TN,South,,,95,180000,IT & Systems,Overhead,74099.97,76527.78,-2427.81,-3.17
2022-03-01,D-MEM,Memphis DC,DC,Memphis,TN,South,,,95,180000,Other Overhead,Overhead,50072.65,54662.7,-4590.05,-8.4
2022-04-01,D-MEM,Memphis DC,DC,Memphis,TN,South,,,95,180000,Warehouse Labor,Overhead,459166.67,459166.67,0.0,0.0
2022-04-01,D-MEM,Memphis DC,DC,Memphis,TN,South,,,95,180000,Facilities,Overhead,327976.19,327976.19,0.0,0.0
2022-04-01,D-MEM,Memphis DC,DC,Memphis,TN,South,,,95,180000,Freight & Logistics,Overhead,308784.11,337815.48,-29031.37,-8.59
2022-04-01,D-MEM,Memphis DC,DC,Memphis,TN,South,,,95,180000,Equipment & Maint.,Overhead,156056.84,153055.56,3001.28,1.96
2022-04-01,D-MEM,Memphis DC,DC,Memphis,TN,South,,,95,180000,Utilities,Overhead,153055.56,153055.56,0.0,0.0
2022-04-01,D-MEM,Memphis DC,DC,Memphis,TN,South,,,95,180000,IT & Systems,Overhead,71421.13,76527.78,-5106.65,-6.67
2022-04-01,D-MEM,Memphis DC,DC,Memphis,TN,South,,,95,180000,Other Overhead,Overhead,53935.07,54662.7,-727.63,-1.33
2022-05-01,D-MEM,Memphis DC,DC,Memphis,TN,South,,,95,180000,Warehouse Labor,Overhead,459166.67,459166.67,0.0,0.0
2022-05-01,D-MEM,Memphis DC,DC,Memphis,TN,South,,,95,180000,Facilities,Overhead,327976.19,327976.19,0.0,0.0
2022-05-01,D-MEM,Memphis DC,DC,Memphis,TN,South,,,95,180000,Freight & Logistics,Overhead,347683.79,337815.48,9868.31,2.92
2022-05-01,D-MEM,Memphis DC,DC,Memphis,TN,South,,,95,180000,Equipment & Maint.,Overhead,160582.95,153055.56,7527.39,4.92
2022-05-01,D-MEM,Memphis DC,DC,Memphis,TN,South,,,95,180000,Utilities,Overhead,123975.0,153055.56,-29080.56,-19.0
2022-05-01,D-MEM,Memphis DC,DC,Memphis,TN,South,,,95,180000,IT & Systems,Overhead,76344.81,76527.78,-182.97,-0.24
2022-05-01,D-MEM,Memphis DC,DC,Memphis,TN,South,,,95,180000,Other Overhead,Overhead,52783.24,54662.7,-1879.46,-3.44
2022-06-01,D-MEM,Memphis DC,DC,Memphis,TN,South,,,95,180000,Warehouse Labor,Overhead,459166.67,459166.67,0.0,0.0
2022-06-01,D-MEM,Memphis DC,DC,Memphis,TN,South,,,95,180000,Facilities,Overhead,327976.19,327976.19,0.0,0.0
2022-06-01,D-MEM,Memphis DC,DC,Memphis,TN,South,,,95,180000,Freight & Logistics,Overhead,359902.42,337815.48,22086.94,6.54
2022-06-01,D-MEM,Memphis DC,DC,Memphis,TN,South,,,95,180000,Equipment & Maint.,Overhead,164942.54,153055.56,11886.98,7.77
2022-06-01,D-MEM,Memphis DC,DC,Memphis,TN,South,,,95,180000,Utilities,Overhead,102686.56,153055.56,-50369.0,-32.91
2022-06-01,D-MEM,Memphis DC,DC,Memphis,TN,South,,,95,180000,IT & Systems,Overhead,73193.59,76527.78,-3334.19,-4.36
2022-06-01,D-MEM,Memphis DC,DC,Memphis,TN,South,,,95,180000,Other Overhead,Overhead,56388.83,54662.7,1726.13,3.16
2022-07-01,D-MEM,Memphis DC,DC,Memphis,TN,South,,,95,180000,Warehouse Labor,Overhead,459166.67,459166.67,0.0,0.0
2022-07-01,D-MEM,Memphis DC,DC,Memphis,TN,South,,,95,180000,Facilities,Overhead,327976.19,327976.19,0.0,0.0
2022-07-01,D-MEM,Memphis DC,DC,Memphis,TN,South,,,95,180000,Freight & Logistics,Overhead,335938.41,337815.48,-1877.07,-0.56
2022-07-01,D-MEM,Memphis DC,DC,Memphis,TN,South,,,95,180000,Equipment & Maint.,Overhead,150563.24,153055.56,-2492.32,-1.63
2022-07-01,D-MEM,Memphis DC,DC,Memphis,TN,South,,,95,180000,Utilities,Overhead,94894.44,153055.56,-58161.12,-38.0
2022-07-01,D-MEM,Memphis DC,DC,Memphis,TN,South,,,95,180000,IT & Systems,Overhead,88262.31,76527.78,11734.53,15.33
2022-07-01,D-MEM,Memphis DC,DC,Memphis,TN,South,,,95,180000,Other Overhead,Overhead,55322.07,54662.7,659.37,1.21
2022-08-01,D-MEM,Memphis DC,DC,Memphis,TN,South,,,95,180000,Warehouse Labor,Overhead,459166.67,459166.67,0.0,0.0
2022-08-01,D-MEM,Memphis DC,DC,Memphis,TN,South,,,95,180000,Facilities,Overhead,327976.19,327976.19,0.0,0.0
2022-08-01,D-MEM,Memphis DC,DC,Memphis,TN,South,,,95,180000,Freight & Logistics,Overhead,341038.46,337815.48,3222.98,0.95
2022-08-01,D-MEM,Memphis DC,DC,Memphis,TN,South,,,95,180000,Equipment & Maint.,Overhead,146567.53,153055.56,-6488.03,-4.24
2022-08-01,D-MEM,Memphis DC,DC,Memphis,TN,South,,,95,180000,Utilities,Overhead,102686.56,153055.56,-50369.0,-32.91
2022-08-01,D-MEM,Memphis DC,DC,Memphis,TN,South,,,95,180000,IT & Systems,Overhead,75796.46,76527.78,-731.32,-0.96
2022-08-01,D-MEM,Memphis DC,DC,Memphis,TN,South,,,95,180000,Other Overhead,Overhead,49058.12,54662.7,-5604.58,-10.25
2022-09-01,D-MEM,Memphis DC,DC,Memphis,TN,South,,,95,180000,Warehouse Labor,Overhead,459166.67,459166.67,0.0,0.0
2022-09-01,D-MEM,Memphis DC,DC,Memphis,TN,South,,,95,180000,Facilities,Overhead,327976.19,327976.19,0.0,0.0
2022-09-01,D-MEM,Memphis DC,DC,Memphis,TN,South,,,95,180000,Freight & Logistics,Overhead,323452.09,337815.48,-14363.39,-4.25
2022-09-01,D-MEM,Memphis DC,DC,Memphis,TN,South,,,95,180000,Equipment & Maint.,Overhead,154641.95,153055.56,1586.39,1.04
2022-09-01,D-MEM,Memphis DC,DC,Memphis,TN,South,,,95,180000,Utilities,Overhead,123975.0,153055.56,-29080.56,-19.0
2022-09-01,D-MEM,Memphis DC,DC,Memphis,TN,South,,,95,180000,IT & Systems,Overhead,78710.44,76527.78,2182.66,2.85
2022-09-01,D-MEM,Memphis DC,DC,Memphis,TN,South,,,95,180000,Other Overhead,Overhead,56158.66,54662.7,1495.96,2.74
2022-10-01,D-MEM,Memphis DC,DC,Memphis,TN,South,,,95,180000,Warehouse Labor,Overhead,459166.67,459166.67,0.0,0.0
2022-10-01,D-MEM,Memphis DC,DC,Memphis,TN,South,,,95,180000,Facilities,Overhead,327976.19,327976.19,0.0,0.0
2022-10-01,D-MEM,Memphis DC,DC,Memphis,TN,South,,,95,180000,Freight & Logistics,Overhead,309248.56,337815.48,-28566.92,-8.46
2022-10-01,D-MEM,Memphis DC,DC,Memphis,TN,South,,,95,180000,Equipment & Maint.,Overhead,162570.23,153055.56,9514.67,6.22
2022-10-01,D-MEM,Memphis DC,DC,Memphis,TN,South,,,95,180000,Utilities,Overhead,153055.56,153055.56,0.0,0.0
2022-10-01,D-MEM,Memphis DC,DC,Memphis,TN,South,,,95,180000,IT & Systems,Overhead,78942.14,76527.78,2414.36,3.15
2022-10-01,D-MEM,Memphis DC,DC,Memphis,TN,South,,,95,180000,Other Overhead,Overhead,57164.77,54662.7,2502.07,4.58
2022-11-01,D-MEM,Memphis DC,DC,Memphis,TN,South,,,95,180000,Warehouse Labor,Overhead,459166.67,459166.67,0.0,0.0
2022-11-01,D-MEM,Memphis DC,DC,Memphis,TN,South,,,95,180000,Facilities,Overhead,327976.19,327976.19,0.0,0.0
2022-11-01,D-MEM,Memphis DC,DC,Memphis,TN,South,,,95,180000,Freight & Logistics,Overhead,356752.58,337815.48,18937.1,5.61
2022-11-01,D-MEM,Memphis DC,DC,Memphis,TN,South,,,95,180000,Equipment & Maint.,Overhead,155110.33,153055.56,2054.77,1.34
2022-11-01,D-MEM,Memphis DC,DC,Memphis,TN,South,,,95,180000,Utilities,Overhead,182136.11,153055.56,29080.55,19.0
2022-11-01,D-MEM,Memphis DC,DC,Memphis,TN,South,,,95,180000,IT & Systems,Overhead,74195.6,76527.78,-2332.18,-3.05
2022-11-01,D-MEM,Memphis DC,DC,Memphis,TN,South,,,95,180000,Other Overhead,Overhead,58235.58,54662.7,3572.88,6.54
2022-12-01,D-MEM,Memphis DC,DC,Memphis,TN,South,,,95,180000,Warehouse Labor,Overhead,459166.67,459166.67,0.0,0.0
2022-12-01,D-MEM,Memphis DC,DC,Memphis,TN,South,,,95,180000,Facilities,Overhead,327976.19,327976.19,0.0,0.0
2022-12-01,D-MEM,Memphis DC,DC,Memphis,TN,South,,,95,180000,Freight & Logistics,Overhead,362751.4,337815.48,24935.92,7.38
2022-12-01,D-MEM,Memphis DC,DC,Memphis,TN,South,,,95,180000,Equipment & Maint.,Overhead,154845.74,153055.56,1790.18,1.17
2022-12-01,D-MEM,Memphis DC,DC,Memphis,TN,South,,,95,180000,Utilities,Overhead,203424.56,153055.56,50369.0,32.91
2022-12-01,D-MEM,Memphis DC,DC,Memphis,TN,South,,,95,180000,IT & Systems,Overhead,74989.08,76527.78,-1538.7,-2.01
2022-12-01,D-MEM,Memphis DC,DC,Memphis,TN,South,,,95,180000,Other Overhead,Overhead,51529.84,54662.7,-3132.86,-5.73
2023-01-01,D-MEM,Memphis DC,DC,Memphis,TN,South,,,95,180000,Warehouse Labor,Overhead,475237.5,475237.5,0.0,0.0
2023-01-01,D-MEM,Memphis DC,DC,Memphis,TN,South,,,95,180000,Facilities,Overhead,339455.36,339455.36,0.0,0.0
2023-01-01,D-MEM,Memphis DC,DC,Memphis,TN,South,,,95,180000,Freight & Logistics,Overhead,380330.73,349639.02,30691.71,8.78
2023-01-01,D-MEM,Memphis DC,DC,Memphis,TN,South,,,95,180000,Equipment & Maint.,Overhead,155555.6,158412.5,-2856.9,-1.8
2023-01-01,D-MEM,Memphis DC,DC,Memphis,TN,South,,,95,180000,Utilities,Overhead,218609.25,158412.5,60196.75,38.0
2023-01-01,D-MEM,Memphis DC,DC,Memphis,TN,South,,,95,180000,IT & Systems,Overhead,79131.04,79206.25,-75.21,-0.09
2023-01-01,D-MEM,Memphis DC,DC,Memphis,TN,South,,,95,180000,Other Overhead,Overhead,54142.89,56575.89,-2433.0,-4.3
2023-02-01,D-MEM,Memphis DC,DC,Memphis,TN,South,,,95,180000,Warehouse Labor,Overhead,475237.5,475237.5,0.0,0.0
2023-02-01,D-MEM,Memphis DC,DC,Memphis,TN,South,,,95,180000,Facilities,Overhead,339455.36,339455.36,0.0,0.0
2023-02-01,D-MEM,Memphis DC,DC,Memphis,TN,South,,,95,180000,Freight & Logistics,Overhead,366324.42,349639.02,16685.4,4.77
2023-02-01,D-MEM,Memphis DC,DC,Memphis,TN,South,,,95,180000,Equipment & Maint.,Overhead,139014.19,158412.5,-19398.31,-12.25
2023-02-01,D-MEM,Memphis DC,DC,Memphis,TN,South,,,95,180000,Utilities,Overhead,210544.41,158412.5,52131.91,32.91
2023-02-01,D-MEM,Memphis DC,DC,Memphis,TN,South,,,95,180000,IT & Systems,Overhead,72100.45,79206.25,-7105.8,-8.97
2023-02-01,D-MEM,Memphis DC,DC,Memphis,TN,South,,,95,180000,Other Overhead,Overhead,59778.23,56575.89,3202.34,5.66
2023-03-01,D-MEM,Memphis DC,DC,Memphis,TN,South,,,95,180000,Warehouse Labor,Overhead,475237.5,475237.5,0.0,0.0
2023-03-01,D-MEM,Memphis DC,DC,Memphis,TN,South,,,95,180000,Facilities,Overhead,339455.36,339455.36,0.0,0.0
2023-03-01,D-MEM,Memphis DC,DC,Memphis,TN,South,,,95,180000,Freight & Logistics,Overhead,371284.89,349639.02,21645.87,6.19
2023-03-01,D-MEM,Memphis DC,DC,Memphis,TN,South,,,95,180000,Equipment & Maint.,Overhead,153732.24,158412.5,-4680.26,-2.95
2023-03-01,D-MEM,Memphis DC,DC,Memphis,TN,South,,,95,180000,Utilities,Overhead,188510.88,158412.5,30098.38,19.0
2023-03-01,D-MEM,Memphis DC,DC,Memphis,TN,South,,,95,180000,IT & Systems,Overhead,79426.36,79206.25,220.11,0.28
2023-03-01,D-MEM,Memphis DC,DC,Memphis,TN,South,,,95,180000,Other Overhead,Overhead,55692.5,56575.89,-883.39,-1.56
2023-04-01,D-MEM,Memphis DC,DC,Memphis,TN,South,,,95,180000,Warehouse Labor,Overhead,475237.5,475237.5,0.0,0.0
2023-04-01,D-MEM,Memphis DC,DC,Memphis,TN,South,,,95,180000,Facilities,Overhead,339455.36,339455.36,0.0,0.0
2023-04-01,D-MEM,Memphis DC,DC,Memphis,TN,South,,,95,180000,Freight & Logistics,Overhead,376464.2,349639.02,26825.18,7.67
2023-04-01,D-MEM,Memphis DC,DC,Memphis,TN,South,,,95,180000,Equipment & Maint.,Overhead,160766.15,158412.5,2353.65,1.49
2023-04-01,D-MEM,Memphis DC,DC,Memphis,TN,South,,,95,180000,Utilities,Overhead,158412.5,158412.5,0.0,0.0
2023-04-01,D-MEM,Memphis DC,DC,Memphis,TN,South,,,95,180000,IT & Systems,Overhead,75953.92,79206.25,-3252.33,-4.11
2023-04-01,D-MEM,Memphis DC,DC,Memphis,TN,South,,,95,180000,Other Overhead,Overhead,52888.14,56575.89,-3687.75,-6.52
2023-05-01,D-MEM,Memphis DC,DC,Memphis,TN,South,,,95,180000,Warehouse Labor,Overhead,475237.5,475237.5,0.0,0.0
2023-05-01,D-MEM,Memphis DC,DC,Memphis,TN,South,,,95,180000,Facilities,Overhead,339455.36,339455.36,0.0,0.0
2023-05-01,D-MEM,Memphis DC,DC,Memphis,TN,South,,,95,180000,Freight & Logistics,Overhead,389100.42,349639.02,39461.4,11.29
2023-05-01,D-MEM,Memphis DC,DC,Memphis,TN,South,,,95,180000,Equipment & Maint.,Overhead,157228.04,158412.5,-1184.46,-0.75
2023-05-01,D-MEM,Memphis DC,DC,Memphis,TN,South,,,95,180000,Utilities,Overhead,128314.13,158412.5,-30098.37,-19.0
2023-05-01,D-MEM,Memphis DC,DC,Memphis,TN,South,,,95,180000,IT & Systems,Overhead,73856.37,79206.25,-5349.88,-6.75
2023-05-01,D-MEM,Memphis DC,DC,Memphis,TN,South,,,95,180000,Other Overhead,Overhead,55244.62,56575.89,-1331.27,-2.35
2023-06-01,D-MEM,Memphis DC,DC,Memphis,TN,South,,,95,180000,Warehouse Labor,Overhead,475237.5,475237.5,0.0,0.0
2023-06-01,D-MEM,Memphis DC,DC,Memphis,TN,South,,,95,180000,Facilities,Overhead,339455.36,339455.36,0.0,0.0
2023-06-01,D-MEM,Memphis DC,DC,Memphis,TN,South,,,95,180000,Freight & Logistics,Overhead,411010.46,349639.02,61371.44,17.55
2023-06-01,D-MEM,Memphis DC,DC,Memphis,TN,South,,,95,180000,Equipment & Maint.,Overhead,153772.04,158412.5,-4640.46,-2.93
2023-06-01,D-MEM,Memphis DC,DC,Memphis,TN,South,,,95,180000,Utilities,Overhead,106280.59,158412.5,-52131.91,-32.91
2023-06-01,D-MEM,Memphis DC,DC,Memphis,TN,South,,,95,180000,IT & Systems,Overhead,84158.61,79206.25,4952.36,6.25
2023-06-01,D-MEM,Memphis DC,DC,Memphis,TN,South,,,95,180000,Other Overhead,Overhead,53521.61,56575.89,-3054.28,-5.4
2023-07-01,D-MEM,Memphis DC,DC,Memphis,TN,South,,,95,180000,Warehouse Labor,Overhead,475237.5,475237.5,0.0,0.0
2023-07-01,D-MEM,Memphis DC,DC,Memphis,TN,South,,,95,180000,Facilities,Overhead,288537.05,288537.05,0.0,0.0
2023-07-01,D-MEM,Memphis DC,DC,Memphis,TN,South,,,95,180000,Freight & Logistics,Overhead,403264.95,349639.02,53625.93,15.34
2023-07-01,D-MEM,Memphis DC,DC,Memphis,TN,South,,,95,180000,Equipment & Maint.,Overhead,154645.62,158412.5,-3766.88,-2.38
2023-07-01,D-MEM,Memphis DC,DC,Memphis,TN,South,,,95,180000,Utilities,Overhead,98215.75,158412.5,-60196.75,-38.0
2023-07-01,D-MEM,Memphis DC,DC,Memphis,TN,South,,,95,180000,IT & Systems,Overhead,82359.27,79206.25,3153.02,3.98
2023-07-01,D-MEM,Memphis DC,DC,Memphis,TN,South,,,95,180000,Other Overhead,Overhead,51128.92,56575.89,-5446.97,-9.63
2023-08-01,D-MEM,Memphis DC,DC,Memphis,TN,South,,,95,180000,Warehouse Labor,Overhead,475237.5,475237.5,0.0,0.0
2023-08-01,D-MEM,Memphis DC,DC,Memphis,TN,South,,,95,180000,Facilities,Overhead,288537.05,288537.05,0.0,0.0
2023-08-01,D-MEM,Memphis DC,DC,Memphis,TN,South,,,95,180000,Freight & Logistics,Overhead,390114.06,349639.02,40475.04,11.58
2023-08-01,D-MEM,Memphis DC,DC,Memphis,TN,South,,,95,180000,Equipment & Maint.,Overhead,169075.34,158412.5,10662.84,6.73
2023-08-01,D-MEM,Memphis DC,DC,Memphis,TN,South,,,95,180000,Utilities,Overhead,106280.59,158412.5,-52131.91,-32.91
2023-08-01,D-MEM,Memphis DC,DC,Memphis,TN,South,,,95,180000,IT & Systems,Overhead,76475.48,79206.25,-2730.77,-3.45
2023-08-01,D-MEM,Memphis DC,DC,Memphis,TN,South,,,95,180000,Other Overhead,Overhead,56976.05,56575.89,400.16,0.71
2023-09-01,D-MEM,Memphis DC,DC,Memphis,TN,South,,,95,180000,Warehouse Labor,Overhead,475237.5,475237.5,0.0,0.0
2023-09-01,D-MEM,Memphis DC,DC,Memphis,TN,South,,,95,180000,Facilities,Overhead,288537.05,288537.05,0.0,0.0
2023-09-01,D-MEM,Memphis DC,DC,Memphis,TN,South,,,95,180000,Freight & Logistics,Overhead,385104.63,349639.02,35465.61,10.14
2023-09-01,D-MEM,Memphis DC,DC,Memphis,TN,South,,,95,180000,Equipment & Maint.,Overhead,166652.54,158412.5,8240.04,5.2
2023-09-01,D-MEM,Memphis DC,DC,Memphis,TN,South,,,95,180000,Utilities,Overhead,128314.12,158412.5,-30098.38,-19.0
2023-09-01,D-MEM,Memphis DC,DC,Memphis,TN,South,,,95,180000,IT & Systems,Overhead,81721.32,79206.25,2515.07,3.18
2023-09-01,D-MEM,Memphis DC,DC,Memphis,TN,South,,,95,180000,Other Overhead,Overhead,53264.8,56575.89,-3311.09,-5.85
2023-10-01,D-MEM,Memphis DC,DC,Memphis,TN,South,,,95,180000,Warehouse Labor,Overhead,475237.5,475237.5,0.0,0.0
2023-10-01,D-MEM,Memphis DC,DC,Memphis,TN,South,,,95,180000,Facilities,Overhead,288537.05,288537.05,0.0,0.0
2023-10-01,D-MEM,Memphis DC,DC,Memphis,TN,South,,,95,180000,Freight & Logistics,Overhead,392725.89,349639.02,43086.87,12.32
2023-10-01,D-MEM,Memphis DC,DC,Memphis,TN,South,,,95,180000,Equipment & Maint.,Overhead,155617.09,158412.5,-2795.41,-1.76
2023-10-01,D-MEM,Memphis DC,DC,Memphis,TN,South,,,95,180000,Utilities,Overhead,158412.5,158412.5,0.0,0.0
2023-10-01,D-MEM,Memphis DC,DC,Memphis,TN,South,,,95,180000,IT & Systems,Overhead,78570.67,79206.25,-635.58,-0.8
2023-10-01,D-MEM,Memphis DC,DC,Memphis,TN,South,,,95,180000,Other Overhead,Overhead,55633.66,56575.89,-942.23,-1.67
2023-11-01,D-MEM,Memphis DC,DC,Memphis,TN,South,,,95,180000,Warehouse Labor,Overhead,475237.5,475237.5,0.0,0.0
2023-11-01,D-MEM,Memphis DC,DC,Memphis,TN,South,,,95,180000,Facilities,Overhead,288537.05,288537.05,0.0,0.0
2023-11-01,D-MEM,Memphis DC,DC,Memphis,TN,South,,,95,180000,Freight & Logistics,Overhead,393276.03,349639.02,43637.01,12.48
2023-11-01,D-MEM,Memphis DC,DC,Memphis,TN,South,,,95,180000,Equipment & Maint.,Overhead,166533.06,158412.5,8120.56,5.13
2023-11-01,D-MEM,Memphis DC,DC,Memphis,TN,South,,,95,180000,Utilities,Overhead,188510.88,158412.5,30098.38,19.0
2023-11-01,D-MEM,Memphis DC,DC,Memphis,TN,South,,,95,180000,IT & Systems,Overhead,78931.4,79206.25,-274.85,-0.35
2023-11-01,D-MEM,Memphis DC,DC,Memphis,TN,South,,,95,180000,Other Overhead,Overhead,52322.44,56575.89,-4253.45,-7.52
2023-12-01,D-MEM,Memphis DC,DC,Memphis,TN,South,,,95,180000,Warehouse Labor,Overhead,475237.5,475237.5,0.0,0.0
2023-12-01,D-MEM,Memphis DC,DC,Memphis,TN,South,,,95,180000,Facilities,Overhead,288537.05,288537.05,0.0,0.0
2023-12-01,D-MEM,Memphis DC,DC,Memphis,TN,South,,,95,180000,Freight & Logistics,Overhead,391393.6,349639.02,41754.58,11.94
2023-12-01,D-MEM,Memphis DC,DC,Memphis,TN,South,,,95,180000,Equipment & Maint.,Overhead,160945.68,158412.5,2533.18,1.6
2023-12-01,D-MEM,Memphis DC,DC,Memphis,TN,South,,,95,180000,Utilities,Overhead,210544.41,158412.5,52131.91,32.91
2023-12-01,D-MEM,Memphis DC,DC,Memphis,TN,South,,,95,180000,IT & Systems,Overhead,78178.6,79206.25,-1027.65,-1.3
2023-12-01,D-MEM,Memphis DC,DC,Memphis,TN,South,,,95,180000,Other Overhead,Overhead,60318.24,56575.89,3742.35,6.61
2024-01-01,D-MEM,Memphis DC,DC,Memphis,TN,South,,,95,180000,Warehouse Labor,Overhead,491870.81,491870.81,0.0,0.0
2024-01-01,D-MEM,Memphis DC,DC,Memphis,TN,South,,,95,180000,Facilities,Overhead,298635.85,298635.85,0.0,0.0
2024-01-01,D-MEM,Memphis DC,DC,Memphis,TN,South,,,95,180000,Freight & Logistics,Overhead,386558.65,361876.38,24682.27,6.82
2024-01-01,D-MEM,Memphis DC,DC,Memphis,TN,South,,,95,180000,Equipment & Maint.,Overhead,156436.34,163956.94,-7520.6,-4.59
2024-01-01,D-MEM,Memphis DC,DC,Memphis,TN,South,,,95,180000,Utilities,Overhead,226260.57,163956.94,62303.63,38.0
2024-01-01,D-MEM,Memphis DC,DC,Memphis,TN,South,,,95,180000,IT & Systems,Overhead,81048.48,81978.47,-929.99,-1.13
2024-01-01,D-MEM,Memphis DC,DC,Memphis,TN,South,,,95,180000,Other Overhead,Overhead,63058.18,58556.05,4502.13,7.69
2024-02-01,D-MEM,Memphis DC,DC,Memphis,TN,South,,,95,180000,Warehouse Labor,Overhead,491870.81,491870.81,0.0,0.0
2024-02-01,D-MEM,Memphis DC,DC,Memphis,TN,South,,,95,180000,Facilities,Overhead,298635.85,298635.85,0.0,0.0
2024-02-01,D-MEM,Memphis DC,DC,Memphis,TN,South,,,95,180000,Freight & Logistics,Overhead,374302.04,361876.38,12425.66,3.43
2024-02-01,D-MEM,Memphis DC,DC,Memphis,TN,South,,,95,180000,Equipment & Maint.,Overhead,169624.96,163956.94,5668.02,3.46
2024-02-01,D-MEM,Memphis DC,DC,Memphis,TN,South,,,95,180000,Utilities,Overhead,217913.47,163956.94,53956.53,32.91
2024-02-01,D-MEM,Memphis DC,DC,Memphis,TN,South,,,95,180000,IT & Systems,Overhead,75868.53,81978.47,-6109.94,-7.45
2024-02-01,D-MEM,Memphis DC,DC,Memphis,TN,South,,,95,180000,Other Overhead,Overhead,58695.48,58556.05,139.43,0.24
2024-03-01,D-MEM,Memphis DC,DC,Memphis,TN,South,,,95,180000,Warehouse Labor,Overhead,491870.81,491870.81,0.0,0.0
2024-03-01,D-MEM,Memphis DC,DC,Memphis,TN,South,,,95,180000,Facilities,Overhead,298635.85,298635.85,0.0,0.0
2024-03-01,D-MEM,Memphis DC,DC,Memphis,TN,South,,,95,180000,Freight & Logistics,Overhead,453797.31,361876.38,91920.93,25.4
2024-03-01,D-MEM,Memphis DC,DC,Memphis,TN,South,,,95,180000,Equipment & Maint.,Overhead,149535.69,163956.94,-14421.25,-8.8
2024-03-01,D-MEM,Memphis DC,DC,Memphis,TN,South,,,95,180000,Utilities,Overhead,195108.76,163956.94,31151.82,19.0
2024-03-01,D-MEM,Memphis DC,DC,Memphis,TN,South,,,95,180000,IT & Systems,Overhead,85749.97,81978.47,3771.5,4.6
2024-03-01,D-MEM,Memphis DC,DC,Memphis,TN,South,,,95,180000,Other Overhead,Overhead,60190.16,58556.05,1634.11,2.79
2024-04-01,D-MEM,Memphis DC,DC,Memphis,TN,South,,,95,180000,Warehouse Labor,Overhead,491870.81,491870.81,0.0,0.0
2024-04-01,D-MEM,Memphis DC,DC,Memphis,TN,South,,,95,180000,Facilities,Overhead,298635.85,298635.85,0.0,0.0
2024-04-01,D-MEM,Memphis DC,DC,Memphis,TN,South,,,95,180000,Freight & Logistics,Overhead,456266.65,361876.38,94390.27,26.08
2024-04-01,D-MEM,Memphis DC,DC,Memphis,TN,South,,,95,180000,Equipment & Maint.,Overhead,172401.16,163956.94,8444.22,5.15
2024-04-01,D-MEM,Memphis DC,DC,Memphis,TN,South,,,95,180000,Utilities,Overhead,163956.94,163956.94,0.0,0.0
2024-04-01,D-MEM,Memphis DC,DC,Memphis,TN,South,,,95,180000,IT & Systems,Overhead,81650.8,81978.47,-327.67,-0.4
2024-04-01,D-MEM,Memphis DC,DC,Memphis,TN,South,,,95,180000,Other Overhead,Overhead,56892.01,58556.05,-1664.04,-2.84
2024-05-01,D-MEM,Memphis DC,DC,Memphis,TN,South,,,95,180000,Warehouse Labor,Overhead,491870.81,491870.81,0.0,0.0
2024-05-01,D-MEM,Memphis DC,DC,Memphis,TN,South,,,95,180000,Facilities,Overhead,298635.85,298635.85,0.0,0.0
2024-05-01,D-MEM,Memphis DC,DC,Memphis,TN,South,,,95,180000,Freight & Logistics,Overhead,400565.92,361876.38,38689.54,10.69
2024-05-01,D-MEM,Memphis DC,DC,Memphis,TN,South,,,95,180000,Equipment & Maint.,Overhead,164383.91,163956.94,426.97,0.26
2024-05-01,D-MEM,Memphis DC,DC,Memphis,TN,South,,,95,180000,Utilities,Overhead,132805.12,163956.94,-31151.82,-19.0
2024-05-01,D-MEM,Memphis DC,DC,Memphis,TN,South,,,95,180000,IT & Systems,Overhead,78459.75,81978.47,-3518.72,-4.29
2024-05-01,D-MEM,Memphis DC,DC,Memphis,TN,South,,,95,180000,Other Overhead,Overhead,58966.84,58556.05,410.79,0.7
2024-06-01,D-MEM,Memphis DC,DC,Memphis,TN,South,,,95,180000,Warehouse Labor,Overhead,491870.81,491870.81,0.0,0.0
2024-06-01,D-MEM,Memphis DC,DC,Memphis,TN,South,,,95,180000,Facilities,Overhead,298635.85,298635.85,0.0,0.0
2024-06-01,D-MEM,Memphis DC,DC,Memphis,TN,South,,,95,180000,Freight & Logistics,Overhead,380363.01,361876.38,18486.63,5.11
2024-06-01,D-MEM,Memphis DC,DC,Memphis,TN,South,,,95,180000,Equipment & Maint.,Overhead,168050.64,163956.94,4093.7,2.5
2024-06-01,D-MEM,Memphis DC,DC,Memphis,TN,South,,,95,180000,Utilities,Overhead,110000.41,163956.94,-53956.53,-32.91
2024-06-01,D-MEM,Memphis DC,DC,Memphis,TN,South,,,95,180000,IT & Systems,Overhead,78801.02,81978.47,-3177.45,-3.88
2024-06-01,D-MEM,Memphis DC,DC,Memphis,TN,South,,,95,180000,Other Overhead,Overhead,65712.58,58556.05,7156.53,12.22
2024-07-01,D-MEM,Memphis DC,DC,Memphis,TN,South,,,95,180000,Warehouse Labor,Overhead,491870.81,491870.81,0.0,0.0
2024-07-01,D-MEM,Memphis DC,DC,Memphis,TN,South,,,95,180000,Facilities,Overhead,298635.85,298635.85,0.0,0.0
2024-07-01,D-MEM,Memphis DC,DC,Memphis,TN,South,,,95,180000,Freight & Logistics,Overhead,448202.05,361876.38,86325.67,23.86
2024-07-01,D-MEM,Memphis DC,DC,Memphis,TN,South,,,95,180000,Equipment & Maint.,Overhead,157346.01,163956.94,-6610.93,-4.03
2024-07-01,D-MEM,Memphis DC,DC,Memphis,TN,South,,,95,180000,Utilities,Overhead,101653.3,163956.94,-62303.64,-38.0
2024-07-01,D-MEM,Memphis DC,DC,Memphis,TN,South,,,95,180000,IT & Systems,Overhead,84905.52,81978.47,2927.05,3.57
2024-07-01,D-MEM,Memphis DC,DC,Memphis,TN,South,,,95,180000,Other Overhead,Overhead,60629.98,58556.05,2073.93,3.54
2024-08-01,D-MEM,Memphis DC,DC,Memphis,TN,South,,,95,180000,Warehouse Labor,Overhead,491870.81,491870.81,0.0,0.0
2024-08-01,D-MEM,Memphis DC,DC,Memphis,TN,South,,,95,180000,Facilities,Overhead,298635.85,298635.85,0.0,0.0
2024-08-01,D-MEM,Memphis DC,DC,Memphis,TN,South,,,95,180000,Freight & Logistics,Overhead,404864.37,361876.38,42987.99,11.88
2024-08-01,D-MEM,Memphis DC,DC,Memphis,TN,South,,,95,180000,Equipment & Maint.,Overhead,172639.6,163956.94,8682.66,5.3
2024-08-01,D-MEM,Memphis DC,DC,Memphis,TN,South,,,95,180000,Utilities,Overhead,110000.41,163956.94,-53956.53,-32.91
2024-08-01,D-MEM,Memphis DC,DC,Memphis,TN,South,,,95,180000,IT & Systems,Overhead,79217.68,81978.47,-2760.79,-3.37
2024-08-01,D-MEM,Memphis DC,DC,Memphis,TN,South,,,95,180000,Other Overhead,Overhead,53731.91,58556.05,-4824.14,-8.24
2024-09-01,D-MEM,Memphis DC,DC,Memphis,TN,South,,,95,180000,Warehouse Labor,Overhead,491870.81,491870.81,0.0,0.0
2024-09-01,D-MEM,Memphis DC,DC,Memphis,TN,South,,,95,180000,Facilities,Overhead,298635.85,298635.85,0.0,0.0
2024-09-01,D-MEM,Memphis DC,DC,Memphis,TN,South,,,95,180000,Freight & Logistics,Overhead,451646.85,361876.38,89770.47,24.81
2024-09-01,D-MEM,Memphis DC,DC,Memphis,TN,South,,,95,180000,Equipment & Maint.,Overhead,172108.91,163956.94,8151.97,4.97
2024-09-01,D-MEM,Memphis DC,DC,Memphis,TN,South,,,95,180000,Utilities,Overhead,132805.12,163956.94,-31151.82,-19.0
2024-09-01,D-MEM,Memphis DC,DC,Memphis,TN,South,,,95,180000,IT & Systems,Overhead,76056.55,81978.47,-5921.92,-7.22
2024-09-01,D-MEM,Memphis DC,DC,Memphis,TN,South,,,95,180000,Other Overhead,Overhead,59451.83,58556.05,895.78,1.53
2024-10-01,D-MEM,Memphis DC,DC,Memphis,TN,South,,,95,180000,Warehouse Labor,Overhead,491870.81,491870.81,0.0,0.0
2024-10-01,D-MEM,Memphis DC,DC,Memphis,TN,South,,,95,180000,Facilities,Overhead,298635.85,298635.85,0.0,0.0
2024-10-01,D-MEM,Memphis DC,DC,Memphis,TN,South,,,95,180000,Freight & Logistics,Overhead,450926.25,361876.38,89049.87,24.61
2024-10-01,D-MEM,Memphis DC,DC,Memphis,TN,South,,,95,180000,Equipment & Maint.,Overhead,161375.89,163956.94,-2581.05,-1.57
2024-10-01,D-MEM,Memphis DC,DC,Memphis,TN,South,,,95,180000,Utilities,Overhead,163956.94,163956.94,0.0,0.0
2024-10-01,D-MEM,Memphis DC,DC,Memphis,TN,South,,,95,180000,IT & Systems,Overhead,79561.67,81978.47,-2416.8,-2.95
2024-10-01,D-MEM,Memphis DC,DC,Memphis,TN,South,,,95,180000,Other Overhead,Overhead,57801.11,58556.05,-754.94,-1.29
2024-11-01,D-MEM,Memphis DC,DC,Memphis,TN,South,,,95,180000,Warehouse Labor,Overhead,491870.81,491870.81,0.0,0.0
2024-11-01,D-MEM,Memphis DC,DC,Memphis,TN,South,,,95,180000,Facilities,Overhead,298635.85,298635.85,0.0,0.0
2024-11-01,D-MEM,Memphis DC,DC,Memphis,TN,South,,,95,180000,Freight & Logistics,Overhead,418793.25,361876.38,56916.87,15.73
2024-11-01,D-MEM,Memphis DC,DC,Memphis,TN,South,,,95,180000,Equipment & Maint.,Overhead,171864.14,163956.94,7907.2,4.82
2024-11-01,D-MEM,Memphis DC,DC,Memphis,TN,South,,,95,180000,Utilities,Overhead,195108.76,163956.94,31151.82,19.0
2024-11-01,D-MEM,Memphis DC,DC,Memphis,TN,South,,,95,180000,IT & Systems,Overhead,77788.12,81978.47,-4190.35,-5.11
2024-11-01,D-MEM,Memphis DC,DC,Memphis,TN,South,,,95,180000,Other Overhead,Overhead,61926.16,58556.05,3370.11,5.76
2024-12-01,D-MEM,Memphis DC,DC,Memphis,TN,South,,,95,180000,Warehouse Labor,Overhead,491870.81,491870.81,0.0,0.0
2024-12-01,D-MEM,Memphis DC,DC,Memphis,TN,South,,,95,180000,Facilities,Overhead,298635.85,298635.85,0.0,0.0
2024-12-01,D-MEM,Memphis DC,DC,Memphis,TN,South,,,95,180000,Freight & Logistics,Overhead,446426.96,361876.38,84550.58,23.36
2024-12-01,D-MEM,Memphis DC,DC,Memphis,TN,South,,,95,180000,Equipment & Maint.,Overhead,163619.96,163956.94,-336.98,-0.21
2024-12-01,D-MEM,Memphis DC,DC,Memphis,TN,South,,,95,180000,Utilities,Overhead,217913.47,163956.94,53956.53,32.91
2024-12-01,D-MEM,Memphis DC,DC,Memphis,TN,South,,,95,180000,IT & Systems,Overhead,79717.13,81978.47,-2261.34,-2.76
2024-12-01,D-MEM,Memphis DC,DC,Memphis,TN,South,,,95,180000,Other Overhead,Overhead,66779.57,58556.05,8223.52,14.04
2022-01-01,D-REN,Reno DC,DC,Reno,NV,South,,,70,150000,Warehouse Labor,Overhead,338333.33,338333.33,0.0,0.0
2022-01-01,D-REN,Reno DC,DC,Reno,NV,South,,,70,150000,Facilities,Overhead,241666.67,241666.67,0.0,0.0
2022-01-01,D-REN,Reno DC,DC,Reno,NV,South,,,70,150000,Freight & Logistics,Overhead,224811.08,248916.67,-24105.59,-9.68
2022-01-01,D-REN,Reno DC,DC,Reno,NV,South,,,70,150000,Equipment & Maint.,Overhead,110959.2,112777.78,-1818.58,-1.61
2022-01-01,D-REN,Reno DC,DC,Reno,NV,South,,,70,150000,Utilities,Overhead,155633.33,112777.78,42855.55,38.0
2022-01-01,D-REN,Reno DC,DC,Reno,NV,South,,,70,150000,IT & Systems,Overhead,56707.77,56388.89,318.88,0.57
2022-01-01,D-REN,Reno DC,DC,Reno,NV,South,,,70,150000,Other Overhead,Overhead,38321.48,40277.78,-1956.3,-4.86
2022-02-01,D-REN,Reno DC,DC,Reno,NV,South,,,70,150000,Warehouse Labor,Overhead,338333.33,338333.33,0.0,0.0
2022-02-01,D-REN,Reno DC,DC,Reno,NV,South,,,70,150000,Facilities,Overhead,241666.67,241666.67,0.0,0.0
2022-02-01,D-REN,Reno DC,DC,Reno,NV,South,,,70,150000,Freight & Logistics,Overhead,239931.28,248916.67,-8985.39,-3.61
2022-02-01,D-REN,Reno DC,DC,Reno,NV,South,,,70,150000,Equipment & Maint.,Overhead,120028.19,112777.78,7250.41,6.43
2022-02-01,D-REN,Reno DC,DC,Reno,NV,South,,,70,150000,Utilities,Overhead,149891.78,112777.78,37114.0,32.91
2022-02-01,D-REN,Reno DC,DC,Reno,NV,South,,,70,150000,IT & Systems,Overhead,55729.11,56388.89,-659.78,-1.17
2022-02-01,D-REN,Reno DC,DC,Reno,NV,South,,,70,150000,Other Overhead,Overhead,43862.3,40277.78,3584.52,8.9
2022-03-01,D-REN,Reno DC,DC,Reno,NV,South,,,70,150000,Warehouse Labor,Overhead,338333.33,338333.33,0.0,0.0
2022-03-01,D-REN,Reno DC,DC,Reno,NV,South,,,70,150000,Facilities,Overhead,241666.67,241666.67,0.0,0.0
2022-03-01,D-REN,Reno DC,DC,Reno,NV,South,,,70,150000,Freight & Logistics,Overhead,240062.93,248916.67,-8853.74,-3.56
2022-03-01,D-REN,Reno DC,DC,Reno,NV,South,,,70,150000,Equipment & Maint.,Overhead,108108.21,112777.78,-4669.57,-4.14
2022-03-01,D-REN,Reno DC,DC,Reno,NV,South,,,70,150000,Utilities,Overhead,134205.56,112777.78,21427.78,19.0
2022-03-01,D-REN,Reno DC,DC,Reno,NV,South,,,70,150000,IT & Systems,Overhead,52815.95,56388.89,-3572.94,-6.34
2022-03-01,D-REN,Reno DC,DC,Reno,NV,South,,,70,150000,Other Overhead,Overhead,37659.14,40277.78,-2618.64,-6.5
2022-04-01,D-REN,Reno DC,DC,Reno,NV,South,,,70,150000,Warehouse Labor,Overhead,338333.33,338333.33,0.0,0.0
2022-04-01,D-REN,Reno DC,DC,Reno,NV,South,,,70,150000,Facilities,Overhead,241666.67,241666.67,0.0,0.0
2022-04-01,D-REN,Reno DC,DC,Reno,NV,South,,,70,150000,Freight & Logistics,Overhead,260928.18,248916.67,12011.51,4.83
2022-04-01,D-REN,Reno DC,DC,Reno,NV,South,,,70,150000,Equipment & Maint.,Overhead,109676.2,112777.78,-3101.58,-2.75
2022-04-01,D-REN,Reno DC,DC,Reno,NV,South,,,70,150000,Utilities,Overhead,112777.78,112777.78,0.0,0.0
2022-04-01,D-REN,Reno DC,DC,Reno,NV,South,,,70,150000,IT & Systems,Overhead,62195.84,56388.89,5806.95,10.3
2022-04-01,D-REN,Reno DC,DC,Reno,NV,South,,,70,150000,Other Overhead,Overhead,38763.82,40277.78,-1513.96,-3.76
2022-05-01,D-REN,Reno DC,DC,Reno,NV,South,,,70,150000,Warehouse Labor,Overhead,338333.33,338333.33,0.0,0.0
2022-05-01,D-REN,Reno DC,DC,Reno,NV,South,,,70,150000,Facilities,Overhead,241666.67,241666.67,0.0,0.0
2022-05-01,D-REN,Reno DC,DC,Reno,NV,South,,,70,150000,Freight & Logistics,Overhead,261923.36,248916.67,13006.69,5.23
2022-05-01,D-REN,Reno DC,DC,Reno,NV,South,,,70,150000,Equipment & Maint.,Overhead,104428.65,112777.78,-8349.13,-7.4
2022-05-01,D-REN,Reno DC,DC,Reno,NV,South,,,70,150000,Utilities,Overhead,91350.0,112777.78,-21427.78,-19.0
2022-05-01,D-REN,Reno DC,DC,Reno,NV,South,,,70,150000,IT & Systems,Overhead,62746.86,56388.89,6357.97,11.28
2022-05-01,D-REN,Reno DC,DC,Reno,NV,South,,,70,150000,Other Overhead,Overhead,43033.14,40277.78,2755.36,6.84
2022-06-01,D-REN,Reno DC,DC,Reno,NV,South,,,70,150000,Warehouse Labor,Overhead,338333.33,338333.33,0.0,0.0
2022-06-01,D-REN,Reno DC,DC,Reno,NV,South,,,70,150000,Facilities,Overhead,241666.67,241666.67,0.0,0.0
2022-06-01,D-REN,Reno DC,DC,Reno,NV,South,,,70,150000,Freight & Logistics,Overhead,238431.38,248916.67,-10485.29,-4.21
2022-06-01,D-REN,Reno DC,DC,Reno,NV,South,,,70,150000,Equipment & Maint.,Overhead,114672.01,112777.78,1894.23,1.68
2022-06-01,D-REN,Reno DC,DC,Reno,NV,South,,,70,150000,Utilities,Overhead,75663.78,112777.78,-37114.0,-32.91
2022-06-01,D-REN,Reno DC,DC,Reno,NV,South,,,70,150000,IT & Systems,Overhead,54866.37,56388.89,-1522.52,-2.7
2022-06-01,D-REN,Reno DC,DC,Reno,NV,South,,,70,150000,Other Overhead,Overhead,40584.8,40277.78,307.02,0.76
2022-07-01,D-REN,Reno DC,DC,Reno,NV,South,,,70,150000,Warehouse Labor,Overhead,338333.33,338333.33,0.0,0.0
2022-07-01,D-REN,Reno DC,DC,Reno,NV,South,,,70,150000,Facilities,Overhead,241666.67,241666.67,0.0,0.0
2022-07-01,D-REN,Reno DC,DC,Reno,NV,South,,,70,150000,Freight & Logistics,Overhead,220769.31,248916.67,-28147.36,-11.31
2022-07-01,D-REN,Reno DC,DC,Reno,NV,South,,,70,150000,Equipment & Maint.,Overhead,115193.22,112777.78,2415.44,2.14
2022-07-01,D-REN,Reno DC,DC,Reno,NV,South,,,70,150000,Utilities,Overhead,69922.22,112777.78,-42855.56,-38.0
2022-07-01,D-REN,Reno DC,DC,Reno,NV,South,,,70,150000,IT & Systems,Overhead,57437.69,56388.89,1048.8,1.86
2022-07-01,D-REN,Reno DC,DC,Reno,NV,South,,,70,150000,Other Overhead,Overhead,38269.6,40277.78,-2008.18,-4.99
2022-08-01,D-REN,Reno DC,DC,Reno,NV,South,,,70,150000,Warehouse Labor,Overhead,338333.33,338333.33,0.0,0.0
2022-08-01,D-REN,Reno DC,DC,Reno,NV,South,,,70,150000,Facilities,Overhead,241666.67,241666.67,0.0,0.0
2022-08-01,D-REN,Reno DC,DC,Reno,NV,South,,,70,150000,Freight & Logistics,Overhead,245003.47,248916.67,-3913.2,-1.57
2022-08-01,D-REN,Reno DC,DC,Reno,NV,South,,,70,150000,Equipment & Maint.,Overhead,110219.78,112777.78,-2558.0,-2.27
2022-08-01,D-REN,Reno DC,DC,Reno,NV,South,,,70,150000,Utilities,Overhead,75663.78,112777.78,-37114.0,-32.91
2022-08-01,D-REN,Reno DC,DC,Reno,NV,South,,,70,150000,IT & Systems,Overhead,56090.99,56388.89,-297.9,-0.53
2022-08-01,D-REN,Reno DC,DC,Reno,NV,South,,,70,150000,Other Overhead,Overhead,40212.45,40277.78,-65.33,-0.16
2022-09-01,D-REN,Reno DC,DC,Reno,NV,South,,,70,150000,Warehouse Labor,Overhead,338333.33,338333.33,0.0,0.0
2022-09-01,D-REN,Reno DC,DC,Reno,NV,South,,,70,150000,Facilities,Overhead,241666.67,241666.67,0.0,0.0
2022-09-01,D-REN,Reno DC,DC,Reno,NV,South,,,70,150000,Freight & Logistics,Overhead,272985.4,248916.67,24068.73,9.67
2022-09-01,D-REN,Reno DC,DC,Reno,NV,South,,,70,150000,Equipment & Maint.,Overhead,108423.99,112777.78,-4353.79,-3.86
2022-09-01,D-REN,Reno DC,DC,Reno,NV,South,,,70,150000,Utilities,Overhead,91350.0,112777.78,-21427.78,-19.0
2022-09-01,D-REN,Reno DC,DC,Reno,NV,South,,,70,150000,IT & Systems,Overhead,53355.62,56388.89,-3033.27,-5.38
2022-09-01,D-REN,Reno DC,DC,Reno,NV,South,,,70,150000,Other Overhead,Overhead,40805.98,40277.78,528.2,1.31
2022-10-01,D-REN,Reno DC,DC,Reno,NV,South,,,70,150000,Warehouse Labor,Overhead,338333.33,338333.33,0.0,0.0
2022-10-01,D-REN,Reno DC,DC,Reno,NV,South,,,70,150000,Facilities,Overhead,241666.67,241666.67,0.0,0.0
2022-10-01,D-REN,Reno DC,DC,Reno,NV,South,,,70,150000,Freight & Logistics,Overhead,254160.87,248916.67,5244.2,2.11
2022-10-01,D-REN,Reno DC,DC,Reno,NV,South,,,70,150000,Equipment & Maint.,Overhead,117329.61,112777.78,4551.83,4.04
2022-10-01,D-REN,Reno DC,DC,Reno,NV,South,,,70,150000,Utilities,Overhead,112777.78,112777.78,0.0,0.0
2022-10-01,D-REN,Reno DC,DC,Reno,NV,South,,,70,150000,IT & Systems,Overhead,54943.54,56388.89,-1445.35,-2.56
2022-10-01,D-REN,Reno DC,DC,Reno,NV,South,,,70,150000,Other Overhead,Overhead,36441.76,40277.78,-3836.02,-9.52
2022-11-01,D-REN,Reno DC,DC,Reno,NV,South,,,70,150000,Warehouse Labor,Overhead,338333.33,338333.33,0.0,0.0
2022-11-01,D-REN,Reno DC,DC,Reno,NV,South,,,70,150000,Facilities,Overhead,241666.67,241666.67,0.0,0.0
2022-11-01,D-REN,Reno DC,DC,Reno,NV,South,,,70,150000,Freight & Logistics,Overhead,279469.72,248916.67,30553.05,12.27
2022-11-01,D-REN,Reno DC,DC,Reno,NV,South,,,70,150000,Equipment & Maint.,Overhead,119073.56,112777.78,6295.78,5.58
2022-11-01,D-REN,Reno DC,DC,Reno,NV,South,,,70,150000,Utilities,Overhead,134205.56,112777.78,21427.78,19.0
2022-11-01,D-REN,Reno DC,DC,Reno,NV,South,,,70,150000,IT & Systems,Overhead,53700.95,56388.89,-2687.94,-4.77
2022-11-01,D-REN,Reno DC,DC,Reno,NV,South,,,70,150000,Other Overhead,Overhead,35437.59,40277.78,-4840.19,-12.02
2022-12-01,D-REN,Reno DC,DC,Reno,NV,South,,,70,150000,Warehouse Labor,Overhead,338333.33,338333.33,0.0,0.0
2022-12-01,D-REN,Reno DC,DC,Reno,NV,South,,,70,150000,Facilities,Overhead,241666.67,241666.67,0.0,0.0
2022-12-01,D-REN,Reno DC,DC,Reno,NV,South,,,70,150000,Freight & Logistics,Overhead,232884.15,248916.67,-16032.52,-6.44
2022-12-01,D-REN,Reno DC,DC,Reno,NV,South,,,70,150000,Equipment & Maint.,Overhead,109592.52,112777.78,-3185.26,-2.82
2022-12-01,D-REN,Reno DC,DC,Reno,NV,South,,,70,150000,Utilities,Overhead,149891.78,112777.78,37114.0,32.91
2022-12-01,D-REN,Reno DC,DC,Reno,NV,South,,,70,150000,IT & Systems,Overhead,56794.61,56388.89,405.72,0.72
2022-12-01,D-REN,Reno DC,DC,Reno,NV,South,,,70,150000,Other Overhead,Overhead,40410.76,40277.78,132.98,0.33
2023-01-01,D-REN,Reno DC,DC,Reno,NV,South,,,70,150000,Warehouse Labor,Overhead,350175.0,350175.0,0.0,0.0
2023-01-01,D-REN,Reno DC,DC,Reno,NV,South,,,70,150000,Facilities,Overhead,250125.0,250125.0,0.0,0.0
2023-01-01,D-REN,Reno DC,DC,Reno,NV,South,,,70,150000,Freight & Logistics,Overhead,251073.28,257628.75,-6555.47,-2.54
2023-01-01,D-REN,Reno DC,DC,Reno,NV,South,,,70,150000,Equipment & Maint.,Overhead,121189.93,116725.0,4464.93,3.83
2023-01-01,D-REN,Reno DC,DC,Reno,NV,South,,,70,150000,Utilities,Overhead,161080.5,116725.0,44355.5,38.0
2023-01-01,D-REN,Reno DC,DC,Reno,NV,South,,,70,150000,IT & Systems,Overhead,62494.9,58362.5,4132.4,7.08
2023-01-01,D-REN,Reno DC,DC,Reno,NV,South,,,70,150000,Other Overhead,Overhead,41920.05,41687.5,232.55,0.56
2023-02-01,D-REN,Reno DC,DC,Reno,NV,South,,,70,150000,Warehouse Labor,Overhead,350175.0,350175.0,0.0,0.0
2023-02-01,D-REN,Reno DC,DC,Reno,NV,South,,,70,150000,Facilities,Overhead,250125.0,250125.0,0.0,0.0
2023-02-01,D-REN,Reno DC,DC,Reno,NV,South,,,70,150000,Freight & Logistics,Overhead,271369.35,257628.75,13740.6,5.33
2023-02-01,D-REN,Reno DC,DC,Reno,NV,South,,,70,150000,Equipment & Maint.,Overhead,103411.66,116725.0,-13313.34,-11.41
2023-02-01,D-REN,Reno DC,DC,Reno,NV,South,,,70,150000,Utilities,Overhead,155137.99,116725.0,38412.99,32.91
2023-02-01,D-REN,Reno DC,DC,Reno,NV,South,,,70,150000,IT & Systems,Overhead,58543.38,58362.5,180.88,0.31
2023-02-01,D-REN,Reno DC,DC,Reno,NV,South,,,70,150000,Other Overhead,Overhead,41710.06,41687.5,22.56,0.05
2023-03-01,D-REN,Reno DC,DC,Reno,NV,South,,,70,150000,Warehouse Labor,Overhead,350175.0,350175.0,0.0,0.0
2023-03-01,D-REN,Reno DC,DC,Reno,NV,South,,,70,150000,Facilities,Overhead,250125.0,250125.0,0.0,0.0
2023-03-01,D-REN,Reno DC,DC,Reno,NV,South,,,70,150000,Freight & Logistics,Overhead,279233.37,257628.75,21604.62,8.39
2023-03-01,D-REN,Reno DC,DC,Reno,NV,South,,,70,150000,Equipment & Maint.,Overhead,107931.64,116725.0,-8793.36,-7.53
2023-03-01,D-REN,Reno DC,DC,Reno,NV,South,,,70,150000,Utilities,Overhead,138902.75,116725.0,22177.75,19.0
2023-03-01,D-REN,Reno DC,DC,Reno,NV,South,,,70,150000,IT & Systems,Overhead,58342.49,58362.5,-20.01,-0.03
2023-03-01,D-REN,Reno DC,DC,Reno,NV,South,,,70,150000,Other Overhead,Overhead,42782.52,41687.5,1095.02,2.63
2023-04-01,D-REN,Reno DC,DC,Reno,NV,South,,,70,150000,Warehouse Labor,Overhead,350175.0,350175.0,0.0,0.0
2023-04-01,D-REN,Reno DC,DC,Reno,NV,South,,,70,150000,Facilities,Overhead,250125.0,250125.0,0.0,0.0
2023-04-01,D-REN,Reno DC,DC,Reno,NV,South,,,70,150000,Freight & Logistics,Overhead,269493.63,257628.75,11864.88,4.61
2023-04-01,D-REN,Reno DC,DC,Reno,NV,South,,,70,150000,Equipment & Maint.,Overhead,123188.02,116725.0,6463.02,5.54
2023-04-01,D-REN,Reno DC,DC,Reno,NV,South,,,70,150000,Utilities,Overhead,116725.0,116725.0,0.0,0.0
2023-04-01,D-REN,Reno DC,DC,Reno,NV,South,,,70,150000,IT & Systems,Overhead,57806.44,58362.5,-556.06,-0.95
2023-04-01,D-REN,Reno DC,DC,Reno,NV,South,,,70,150000,Other Overhead,Overhead,44153.62,41687.5,2466.12,5.92
2023-05-01,D-REN,Reno DC,DC,Reno,NV,South,,,70,150000,Warehouse Labor,Overhead,350175.0,350175.0,0.0,0.0
2023-05-01,D-REN,Reno DC,DC,Reno,NV,South,,,70,150000,Facilities,Overhead,250125.0,250125.0,0.0,0.0
2023-05-01,D-REN,Reno DC,DC,Reno,NV,South,,,70,150000,Freight & Logistics,Overhead,268492.91,257628.75,10864.16,4.22
2023-05-01,D-REN,Reno DC,DC,Reno,NV,South,,,70,150000,Equipment & Maint.,Overhead,121223.2,116725.0,4498.2,3.85
2023-05-01,D-REN,Reno DC,DC,Reno,NV,South,,,70,150000,Utilities,Overhead,94547.25,116725.0,-22177.75,-19.0
2023-05-01,D-REN,Reno DC,DC,Reno,NV,South,,,70,150000,IT & Systems,Overhead,52206.53,58362.5,-6155.97,-10.55
2023-05-01,D-REN,Reno DC,DC,Reno,NV,South,,,70,150000,Other Overhead,Overhead,43235.7,41687.5,1548.2,3.71
2023-06-01,D-REN,Reno DC,DC,Reno,NV,South,,,70,150000,Warehouse Labor,Overhead,350175.0,350175.0,0.0,0.0
2023-06-01,D-REN,Reno DC,DC,Reno,NV,South,,,70,150000,Facilities,Overhead,250125.0,250125.0,0.0,0.0
2023-06-01,D-REN,Reno DC,DC,Reno,NV,South,,,70,150000,Freight & Logistics,Overhead,292299.6,257628.75,34670.85,13.46
2023-06-01,D-REN,Reno DC,DC,Reno,NV,South,,,70,150000,Equipment & Maint.,Overhead,120896.08,116725.0,4171.08,3.57
2023-06-01,D-REN,Reno DC,DC,Reno,NV,South,,,70,150000,Utilities,Overhead,78312.01,116725.0,-38412.99,-32.91
2023-06-01,D-REN,Reno DC,DC,Reno,NV,South,,,70,150000,IT & Systems,Overhead,54099.9,58362.5,-4262.6,-7.3
2023-06-01,D-REN,Reno DC,DC,Reno,NV,South,,,70,150000,Other Overhead,Overhead,39005.22,41687.5,-2682.28,-6.43
2023-07-01,D-REN,Reno DC,DC,Reno,NV,South,,,70,150000,Warehouse Labor,Overhead,350175.0,350175.0,0.0,0.0
2023-07-01,D-REN,Reno DC,DC,Reno,NV,South,,,70,150000,Facilities,Overhead,250125.0,250125.0,0.0,0.0
2023-07-01,D-REN,Reno DC,DC,Reno,NV,South,,,70,150000,Freight & Logistics,Overhead,261265.5,257628.75,3636.75,1.41
2023-07-01,D-REN,Reno DC,DC,Reno,NV,South,,,70,150000,Equipment & Maint.,Overhead,123663.19,116725.0,6938.19,5.94
2023-07-01,D-REN,Reno DC,DC,Reno,NV,South,,,70,150000,Utilities,Overhead,72369.5,116725.0,-44355.5,-38.0
2023-07-01,D-REN,Reno DC,DC,Reno,NV,South,,,70,150000,IT & Systems,Overhead,55538.34,58362.5,-2824.16,-4.84
2023-07-01,D-REN,Reno DC,DC,Reno,NV,South,,,70,150000,Other Overhead,Overhead,44855.12,41687.5,3167.62,7.6
2023-08-01,D-REN,Reno DC,DC,Reno,NV,South,,,70,150000,Warehouse Labor,Overhead,350175.0,350175.0,0.0,0.0
2023-08-01,D-REN,Reno DC,DC,Reno,NV,South,,,70,150000,Facilities,Overhead,250125.0,250125.0,0.0,0.0
2023-08-01,D-REN,Reno DC,DC,Reno,NV,South,,,70,150000,Freight & Logistics,Overhead,271231.6,257628.75,13602.85,5.28
2023-08-01,D-REN,Reno DC,DC,Reno,NV,South,,,70,150000,Equipment & Maint.,Overhead,115222.69,116725.0,-1502.31,-1.29
2023-08-01,D-REN,Reno DC,DC,Reno,NV,South,,,70,150000,Utilities,Overhead,78312.01,116725.0,-38412.99,-32.91
2023-08-01,D-REN,Reno DC,DC,Reno,NV,South,,,70,150000,IT & Systems,Overhead,52343.1,58362.5,-6019.4,-10.31
2023-08-01,D-REN,Reno DC,DC,Reno,NV,South,,,70,150000,Other Overhead,Overhead,38819.73,41687.5,-2867.77,-6.88
2023-09-01,D-REN,Reno DC,DC,Reno,NV,South,,,70,150000,Warehouse Labor,Overhead,350175.0,350175.0,0.0,0.0
2023-09-01,D-REN,Reno DC,DC,Reno,NV,South,,,70,150000,Facilities,Overhead,250125.0,250125.0,0.0,0.0
2023-09-01,D-REN,Reno DC,DC,Reno,NV,South,,,70,150000,Freight & Logistics,Overhead,296866.68,257628.75,39237.93,15.23
2023-09-01,D-REN,Reno DC,DC,Reno,NV,South,,,70,150000,Equipment & Maint.,Overhead,118354.74,116725.0,1629.74,1.4
2023-09-01,D-REN,Reno DC,DC,Reno,NV,South,,,70,150000,Utilities,Overhead,94547.25,116725.0,-22177.75,-19.0
2023-09-01,D-REN,Reno DC,DC,Reno,NV,South,,,70,150000,IT & Systems,Overhead,58026.14,58362.5,-336.36,-0.58
2023-09-01,D-REN,Reno DC,DC,Reno,NV,South,,,70,150000,Other Overhead,Overhead,44643.45,41687.5,2955.95,7.09
2023-10-01,D-REN,Reno DC,DC,Reno,NV,South,,,70,150000,Warehouse Labor,Overhead,350175.0,350175.0,0.0,0.0
2023-10-01,D-REN,Reno DC,DC,Reno,NV,South,,,70,150000,Facilities,Overhead,250125.0,250125.0,0.0,0.0
2023-10-01,D-REN,Reno DC,DC,Reno,NV,South,,,70,150000,Freight & Logistics,Overhead,281700.66,257628.75,24071.91,9.34
2023-10-01,D-REN,Reno DC,DC,Reno,NV,South,,,70,150000,Equipment & Maint.,Overhead,114206.81,116725.0,-2518.19,-2.16
2023-10-01,D-REN,Reno DC,DC,Reno,NV,South,,,70,150000,Utilities,Overhead,116725.0,116725.0,0.0,0.0
2023-10-01,D-REN,Reno DC,DC,Reno,NV,South,,,70,150000,IT & Systems,Overhead,63023.47,58362.5,4660.97,7.99
2023-10-01,D-REN,Reno DC,DC,Reno,NV,South,,,70,150000,Other Overhead,Overhead,41218.83,41687.5,-468.67,-1.12
2023-11-01,D-REN,Reno DC,DC,Reno,NV,South,,,70,150000,Warehouse Labor,Overhead,350175.0,350175.0,0.0,0.0
2023-11-01,D-REN,Reno DC,DC,Reno,NV,South,,,70,150000,Facilities,Overhead,250125.0,250125.0,0.0,0.0
2023-11-01,D-REN,Reno DC,DC,Reno,NV,South,,,70,150000,Freight & Logistics,Overhead,242523.41,257628.75,-15105.34,-5.86
2023-11-01,D-REN,Reno DC,DC,Reno,NV,South,,,70,150000,Equipment & Maint.,Overhead,106077.4,116725.0,-10647.6,-9.12
2023-11-01,D-REN,Reno DC,DC,Reno,NV,South,,,70,150000,Utilities,Overhead,138902.75,116725.0,22177.75,19.0
2023-11-01,D-REN,Reno DC,DC,Reno,NV,South,,,70,150000,IT & Systems,Overhead,57722.2,58362.5,-640.3,-1.1
2023-11-01,D-REN,Reno DC,DC,Reno,NV,South,,,70,150000,Other Overhead,Overhead,38518.11,41687.5,-3169.39,-7.6
2023-12-01,D-REN,Reno DC,DC,Reno,NV,South,,,70,150000,Warehouse Labor,Overhead,350175.0,350175.0,0.0,0.0
2023-12-01,D-REN,Reno DC,DC,Reno,NV,South,,,70,150000,Facilities,Overhead,250125.0,250125.0,0.0,0.0
2023-12-01,D-REN,Reno DC,DC,Reno,NV,South,,,70,150000,Freight & Logistics,Overhead,314164.68,257628.75,56535.93,21.94
2023-12-01,D-REN,Reno DC,DC,Reno,NV,South,,,70,150000,Equipment & Maint.,Overhead,121286.16,116725.0,4561.16,3.91
2023-12-01,D-REN,Reno DC,DC,Reno,NV,South,,,70,150000,Utilities,Overhead,155137.99,116725.0,38412.99,32.91
2023-12-01,D-REN,Reno DC,DC,Reno,NV,South,,,70,150000,IT & Systems,Overhead,57767.69,58362.5,-594.81,-1.02
2023-12-01,D-REN,Reno DC,DC,Reno,NV,South,,,70,150000,Other Overhead,Overhead,42293.5,41687.5,606.0,1.45
2024-01-01,D-REN,Reno DC,DC,Reno,NV,South,,,70,150000,Warehouse Labor,Overhead,362431.12,362431.12,0.0,0.0
2024-01-01,D-REN,Reno DC,DC,Reno,NV,South,,,70,150000,Facilities,Overhead,258879.37,258879.37,0.0,0.0
2024-01-01,D-REN,Reno DC,DC,Reno,NV,South,,,70,150000,Freight & Logistics,Overhead,310281.94,266645.76,43636.18,16.36
2024-01-01,D-REN,Reno DC,DC,Reno,NV,South,,,70,150000,Equipment & Maint.,Overhead,124196.49,120810.38,3386.11,2.8
2024-01-01,D-REN,Reno DC,DC,Reno,NV,South,,,70,150000,Utilities,Overhead,166718.32,120810.38,45907.94,38.0
2024-01-01,D-REN,Reno DC,DC,Reno,NV,South,,,70,150000,IT & Systems,Overhead,59959.51,60405.19,-445.68,-0.74
2024-01-01,D-REN,Reno DC,DC,Reno,NV,South,,,70,150000,Other Overhead,Overhead,41885.19,43146.56,-1261.37,-2.92
2024-02-01,D-REN,Reno DC,DC,Reno,NV,South,,,70,150000,Warehouse Labor,Overhead,362431.12,362431.12,0.0,0.0
2024-02-01,D-REN,Reno DC,DC,Reno,NV,South,,,70,150000,Facilities,Overhead,258879.37,258879.37,0.0,0.0
2024-02-01,D-REN,Reno DC,DC,Reno,NV,South,,,70,150000,Freight & Logistics,Overhead,305579.29,266645.76,38933.53,14.6
2024-02-01,D-REN,Reno DC,DC,Reno,NV,South,,,70,150000,Equipment & Maint.,Overhead,121937.54,120810.38,1127.16,0.93
2024-02-01,D-REN,Reno DC,DC,Reno,NV,South,,,70,150000,Utilities,Overhead,160567.82,120810.38,39757.44,32.91
2024-02-01,D-REN,Reno DC,DC,Reno,NV,South,,,70,150000,IT & Systems,Overhead,63241.82,60405.19,2836.63,4.7
2024-02-01,D-REN,Reno DC,DC,Reno,NV,South,,,70,150000,Other Overhead,Overhead,43691.15,43146.56,544.59,1.26
2024-03-01,D-REN,Reno DC,DC,Reno,NV,South,,,70,150000,Warehouse Labor,Overhead,362431.12,362431.12,0.0,0.0
2024-03-01,D-REN,Reno DC,DC,Reno,NV,South,,,70,150000,Facilities,Overhead,258879.37,258879.37,0.0,0.0
2024-03-01,D-REN,Reno DC,DC,Reno,NV,South,,,70,150000,Freight & Logistics,Overhead,303412.6,266645.76,36766.84,13.79
2024-03-01,D-REN,Reno DC,DC,Reno,NV,South,,,70,150000,Equipment & Maint.,Overhead,113485.92,120810.38,-7324.46,-6.06
2024-03-01,D-REN,Reno DC,DC,Reno,NV,South,,,70,150000,Utilities,Overhead,143764.35,120810.38,22953.97,19.0
2024-03-01,D-REN,Reno DC,DC,Reno,NV,South,,,70,150000,IT & Systems,Overhead,66643.74,60405.19,6238.55,10.33
2024-03-01,D-REN,Reno DC,DC,Reno,NV,South,,,70,150000,Other Overhead,Overhead,47423.29,43146.56,4276.73,9.91
2024-04-01,D-REN,Reno DC,DC,Reno,NV,South,,,70,150000,Warehouse Labor,Overhead,362431.12,362431.12,0.0,0.0
2024-04-01,D-REN,Reno DC,DC,Reno,NV,South,,,70,150000,Facilities,Overhead,258879.37,258879.37,0.0,0.0
2024-04-01,D-REN,Reno DC,DC,Reno,NV,South,,,70,150000,Freight & Logistics,Overhead,330023.14,266645.76,63377.38,23.77
2024-04-01,D-REN,Reno DC,DC,Reno,NV,South,,,70,150000,Equipment & Maint.,Overhead,114254.6,120810.38,-6555.78,-5.43
2024-04-01,D-REN,Reno DC,DC,Reno,NV,South,,,70,150000,Utilities,Overhead,120810.38,120810.38,0.0,0.0
2024-04-01,D-REN,Reno DC,DC,Reno,NV,South,,,70,150000,IT & Systems,Overhead,55761.16,60405.19,-4644.03,-7.69
2024-04-01,D-REN,Reno DC,DC,Reno,NV,South,,,70,150000,Other Overhead,Overhead,45944.28,43146.56,2797.72,6.48
2024-05-01,D-REN,Reno DC,DC,Reno,NV,South,,,70,150000,Warehouse Labor,Overhead,362431.12,362431.12,0.0,0.0
2024-05-01,D-REN,Reno DC,DC,Reno,NV,South,,,70,150000,Facilities,Overhead,258879.37,258879.37,0.0,0.0
2024-05-01,D-REN,Reno DC,DC,Reno,NV,South,,,70,150000,Freight & Logistics,Overhead,313436.97,266645.76,46791.21,17.55
2024-05-01,D-REN,Reno DC,DC,Reno,NV,South,,,70,150000,Equipment & Maint.,Overhead,125581.33,120810.38,4770.95,3.95
2024-05-01,D-REN,Reno DC,DC,Reno,NV,South,,,70,150000,Utilities,Overhead,97856.4,120810.38,-22953.98,-19.0
2024-05-01,D-REN,Reno DC,DC,Reno,NV,South,,,70,150000,IT & Systems,Overhead,57639.13,60405.19,-2766.06,-4.58
2024-05-01,D-REN,Reno DC,DC,Reno,NV,South,,,70,150000,Other Overhead,Overhead,42258.49,43146.56,-888.07,-2.06
2024-06-01,D-REN,Reno DC,DC,Reno,NV,South,,,70,150000,Warehouse Labor,Overhead,362431.12,362431.12,0.0,0.0
2024-06-01,D-REN,Reno DC,DC,Reno,NV,South,,,70,150000,Facilities,Overhead,258879.37,258879.37,0.0,0.0
2024-06-01,D-REN,Reno DC,DC,Reno,NV,South,,,70,150000,Freight & Logistics,Overhead,290541.75,266645.76,23895.99,8.96
2024-06-01,D-REN,Reno DC,DC,Reno,NV,South,,,70,150000,Equipment & Maint.,Overhead,129407.86,120810.38,8597.48,7.12
2024-06-01,D-REN,Reno DC,DC,Reno,NV,South,,,70,150000,Utilities,Overhead,81052.93,120810.38,-39757.45,-32.91
2024-06-01,D-REN,Reno DC,DC,Reno,NV,South,,,70,150000,IT & Systems,Overhead,57925.43,60405.19,-2479.76,-4.11
2024-06-01,D-REN,Reno DC,DC,Reno,NV,South,,,70,150000,Other Overhead,Overhead,44091.21,43146.56,944.65,2.19
2024-07-01,D-REN,Reno DC,DC,Reno,NV,South,,,70,150000,Warehouse Labor,Overhead,362431.12,362431.12,0.0,0.0
2024-07-01,D-REN,Reno DC,DC,Reno,NV,South,,,70,150000,Facilities,Overhead,258879.37,258879.37,0.0,0.0
2024-07-01,D-REN,Reno DC,DC,Reno,NV,South,,,70,150000,Freight & Logistics,Overhead,316637.33,266645.76,49991.57,18.75
2024-07-01,D-REN,Reno DC,DC,Reno,NV,South,,,70,150000,Equipment & Maint.,Overhead,122395.91,120810.38,1585.53,1.31
2024-07-01,D-REN,Reno DC,DC,Reno,NV,South,,,70,150000,Utilities,Overhead,74902.43,120810.38,-45907.95,-38.0
2024-07-01,D-REN,Reno DC,DC,Reno,NV,South,,,70,150000,IT & Systems,Overhead,64162.86,60405.19,3757.67,6.22
2024-07-01,D-REN,Reno DC,DC,Reno,NV,South,,,70,150000,Other Overhead,Overhead,45815.66,43146.56,2669.1,6.19
2024-08-01,D-REN,Reno DC,DC,Reno,NV,South,,,70,150000,Warehouse Labor,Overhead,362431.12,362431.12,0.0,0.0
2024-08-01,D-REN,Reno DC,DC,Reno,NV,South,,,70,150000,Facilities,Overhead,258879.37,258879.37,0.0,0.0
2024-08-01,D-REN,Reno DC,DC,Reno,NV,South,,,70,150000,Freight & Logistics,Overhead,339464.55,266645.76,72818.79,27.31
2024-08-01,D-REN,Reno DC,DC,Reno,NV,South,,,70,150000,Equipment & Maint.,Overhead,112837.53,120810.38,-7972.85,-6.6
2024-08-01,D-REN,Reno DC,DC,Reno,NV,South,,,70,150000,Utilities,Overhead,81052.93,120810.38,-39757.45,-32.91
2024-08-01,D-REN,Reno DC,DC,Reno,NV,South,,,70,150000,IT & Systems,Overhead,60985.46,60405.19,580.27,0.96
2024-08-01,D-REN,Reno DC,DC,Reno,NV,South,,,70,150000,Other Overhead,Overhead,40456.03,43146.56,-2690.53,-6.24
2024-09-01,D-REN,Reno DC,DC,Reno,NV,South,,,70,150000,Warehouse Labor,Overhead,362431.12,362431.12,0.0,0.0
2024-09-01,D-REN,Reno DC,DC,Reno,NV,South,,,70,150000,Facilities,Overhead,258879.37,258879.37,0.0,0.0
2024-09-01,D-REN,Reno DC,DC,Reno,NV,South,,,70,150000,Freight & Logistics,Overhead,321727.56,266645.76,55081.8,20.66
2024-09-01,D-REN,Reno DC,DC,Reno,NV,South,,,70,150000,Equipment & Maint.,Overhead,113717.86,120810.38,-7092.52,-5.87
2024-09-01,D-REN,Reno DC,DC,Reno,NV,South,,,70,150000,Utilities,Overhead,97856.4,120810.38,-22953.98,-19.0
2024-09-01,D-REN,Reno DC,DC,Reno,NV,South,,,70,150000,IT & Systems,Overhead,59885.42,60405.19,-519.77,-0.86
2024-09-01,D-REN,Reno DC,DC,Reno,NV,South,,,70,150000,Other Overhead,Overhead,44138.28,43146.56,991.72,2.3
2024-10-01,D-REN,Reno DC,DC,Reno,NV,South,,,70,150000,Warehouse Labor,Overhead,362431.12,362431.12,0.0,0.0
2024-10-01,D-REN,Reno DC,DC,Reno,NV,South,,,70,150000,Facilities,Overhead,258879.37,258879.37,0.0,0.0
2024-10-01,D-REN,Reno DC,DC,Reno,NV,South,,,70,150000,Freight & Logistics,Overhead,330145.75,266645.76,63499.99,23.81
2024-10-01,D-REN,Reno DC,DC,Reno,NV,South,,,70,150000,Equipment & Maint.,Overhead,113439.14,120810.38,-7371.24,-6.1
2024-10-01,D-REN,Reno DC,DC,Reno,NV,South,,,70,150000,Utilities,Overhead,120810.38,120810.38,0.0,0.0
2024-10-01,D-REN,Reno DC,DC,Reno,NV,South,,,70,150000,IT & Systems,Overhead,59198.81,60405.19,-1206.38,-2.0
2024-10-01,D-REN,Reno DC,DC,Reno,NV,South,,,70,150000,Other Overhead,Overhead,48304.85,43146.56,5158.29,11.96
2024-11-01,D-REN,Reno DC,DC,Reno,NV,South,,,70,150000,Warehouse Labor,Overhead,362431.12,362431.12,0.0,0.0
2024-11-01,D-REN,Reno DC,DC,Reno,NV,South,,,70,150000,Facilities,Overhead,258879.37,258879.37,0.0,0.0
2024-11-01,D-REN,Reno DC,DC,Reno,NV,South,,,70,150000,Freight & Logistics,Overhead,292696.43,266645.76,26050.67,9.77
2024-11-01,D-REN,Reno DC,DC,Reno,NV,South,,,70,150000,Equipment & Maint.,Overhead,124601.5,120810.38,3791.12,3.14
2024-11-01,D-REN,Reno DC,DC,Reno,NV,South,,,70,150000,Utilities,Overhead,143764.35,120810.38,22953.97,19.0
2024-11-01,D-REN,Reno DC,DC,Reno,NV,South,,,70,150000,IT & Systems,Overhead,58206.23,60405.19,-2198.96,-3.64
2024-11-01,D-REN,Reno DC,DC,Reno,NV,South,,,70,150000,Other Overhead,Overhead,46783.71,43146.56,3637.15,8.43
2024-12-01,D-REN,Reno DC,DC,Reno,NV,South,,,70,150000,Warehouse Labor,Overhead,362431.12,362431.12,0.0,0.0
2024-12-01,D-REN,Reno DC,DC,Reno,NV,South,,,70,150000,Facilities,Overhead,258879.37,258879.37,0.0,0.0
2024-12-01,D-REN,Reno DC,DC,Reno,NV,South,,,70,150000,Freight & Logistics,Overhead,295493.45,266645.76,28847.69,10.82
2024-12-01,D-REN,Reno DC,DC,Reno,NV,South,,,70,150000,Equipment & Maint.,Overhead,119475.21,120810.38,-1335.17,-1.11
2024-12-01,D-REN,Reno DC,DC,Reno,NV,South,,,70,150000,Utilities,Overhead,160567.82,120810.38,39757.44,32.91
2024-12-01,D-REN,Reno DC,DC,Reno,NV,South,,,70,150000,IT & Systems,Overhead,60803.25,60405.19,398.06,0.66
2024-12-01,D-REN,Reno DC,DC,Reno,NV,South,,,70,150000,Other Overhead,Overhead,44318.38,43146.56,1171.82,2.72
2022-01-01,O-CHI,Corporate HQ,Office,Chicago,IL,Midwest,,,180,45000,Salaries & Benefits,G&A,1770000.0,1770000.0,0.0,0.0
2022-01-01,O-CHI,Corporate HQ,Office,Chicago,IL,Midwest,,,180,45000,Facilities,G&A,330990.0,330990.0,0.0,0.0
2022-01-01,O-CHI,Corporate HQ,Office,Chicago,IL,Midwest,,,180,45000,IT & Systems,G&A,205296.48,194700.0,10596.48,5.44
2022-01-01,O-CHI,Corporate HQ,Office,Chicago,IL,Midwest,,,180,45000,Travel & Entertainment,G&A,175714.54,163548.0,12166.54,7.44
2022-01-01,O-CHI,Corporate HQ,Office,Chicago,IL,Midwest,,,180,45000,Professional Services,G&A,159440.93,155760.0,3680.93,2.36
2022-01-01,O-CHI,Corporate HQ,Office,Chicago,IL,Midwest,,,180,45000,Utilities,G&A,96726.96,77880.0,18846.96,24.2
2022-01-01,O-CHI,Corporate HQ,Office,Chicago,IL,Midwest,,,180,45000,Other G&A,G&A,55490.47,58410.0,-2919.53,-5.0
2022-02-01,O-CHI,Corporate HQ,Office,Chicago,IL,Midwest,,,180,45000,Salaries & Benefits,G&A,1770000.0,1770000.0,0.0,0.0
2022-02-01,O-CHI,Corporate HQ,Office,Chicago,IL,Midwest,,,180,45000,Facilities,G&A,330990.0,330990.0,0.0,0.0
2022-02-01,O-CHI,Corporate HQ,Office,Chicago,IL,Midwest,,,180,45000,IT & Systems,G&A,200998.91,194700.0,6298.91,3.24
2022-02-01,O-CHI,Corporate HQ,Office,Chicago,IL,Midwest,,,180,45000,Travel & Entertainment,G&A,160533.05,163548.0,-3014.95,-1.84
2022-02-01,O-CHI,Corporate HQ,Office,Chicago,IL,Midwest,,,180,45000,Professional Services,G&A,156450.55,155760.0,690.55,0.44
2022-02-01,O-CHI,Corporate HQ,Office,Chicago,IL,Midwest,,,180,45000,Utilities,G&A,93158.55,77880.0,15278.55,19.62
2022-02-01,O-CHI,Corporate HQ,Office,Chicago,IL,Midwest,,,180,45000,Other G&A,G&A,55979.2,58410.0,-2430.8,-4.16
2022-03-01,O-CHI,Corporate HQ,Office,Chicago,IL,Midwest,,,180,45000,Salaries & Benefits,G&A,1770000.0,1770000.0,0.0,0.0
2022-03-01,O-CHI,Corporate HQ,Office,Chicago,IL,Midwest,,,180,45000,Facilities,G&A,330990.0,330990.0,0.0,0.0
2022-03-01,O-CHI,Corporate HQ,Office,Chicago,IL,Midwest,,,180,45000,IT & Systems,G&A,191119.07,194700.0,-3580.93,-1.84
2022-03-01,O-CHI,Corporate HQ,Office,Chicago,IL,Midwest,,,180,45000,Travel & Entertainment,G&A,178919.16,163548.0,15371.16,9.4
2022-03-01,O-CHI,Corporate HQ,Office,Chicago,IL,Midwest,,,180,45000,Professional Services,G&A,168151.07,155760.0,12391.07,7.96
2022-03-01,O-CHI,Corporate HQ,Office,Chicago,IL,Midwest,,,180,45000,Utilities,G&A,83409.48,77880.0,5529.48,7.1
2022-03-01,O-CHI,Corporate HQ,Office,Chicago,IL,Midwest,,,180,45000,Other G&A,G&A,49735.55,58410.0,-8674.45,-14.85
2022-04-01,O-CHI,Corporate HQ,Office,Chicago,IL,Midwest,,,180,45000,Salaries & Benefits,G&A,1770000.0,1770000.0,0.0,0.0
2022-04-01,O-CHI,Corporate HQ,Office,Chicago,IL,Midwest,,,180,45000,Facilities,G&A,330990.0,330990.0,0.0,0.0
2022-04-01,O-CHI,Corporate HQ,Office,Chicago,IL,Midwest,,,180,45000,IT & Systems,G&A,198880.05,194700.0,4180.05,2.15
2022-04-01,O-CHI,Corporate HQ,Office,Chicago,IL,Midwest,,,180,45000,Travel & Entertainment,G&A,161225.15,163548.0,-2322.85,-1.42
2022-04-01,O-CHI,Corporate HQ,Office,Chicago,IL,Midwest,,,180,45000,Professional Services,G&A,159929.09,155760.0,4169.09,2.68
2022-04-01,O-CHI,Corporate HQ,Office,Chicago,IL,Midwest,,,180,45000,Utilities,G&A,70092.0,77880.0,-7788.0,-10.0
2022-04-01,O-CHI,Corporate HQ,Office,Chicago,IL,Midwest,,,180,45000,Other G&A,G&A,55951.32,58410.0,-2458.68,-4.21
2022-05-01,O-CHI,Corporate HQ,Office,Chicago,IL,Midwest,,,180,45000,Salaries & Benefits,G&A,1770000.0,1770000.0,0.0,0.0
2022-05-01,O-CHI,Corporate HQ,Office,Chicago,IL,Midwest,,,180,45000,Facilities,G&A,330990.0,330990.0,0.0,0.0
2022-05-01,O-CHI,Corporate HQ,Office,Chicago,IL,Midwest,,,180,45000,IT & Systems,G&A,186960.92,194700.0,-7739.08,-3.97
2022-05-01,O-CHI,Corporate HQ,Office,Chicago,IL,Midwest,,,180,45000,Travel & Entertainment,G&A,175271.18,163548.0,11723.18,7.17
2022-05-01,O-CHI,Corporate HQ,Office,Chicago,IL,Midwest,,,180,45000,Professional Services,G&A,162187.53,155760.0,6427.53,4.13
2022-05-01,O-CHI,Corporate HQ,Office,Chicago,IL,Midwest,,,180,45000,Utilities,G&A,56774.52,77880.0,-21105.48,-27.1
2022-05-01,O-CHI,Corporate HQ,Office,Chicago,IL,Midwest,,,180,45000,Other G&A,G&A,58963.3,58410.0,553.3,0.95
2022-06-01,O-CHI,Corporate HQ,Office,Chicago,IL,Midwest,,,180,45000,Salaries & Benefits,G&A,1770000.0,1770000.0,0.0,0.0
2022-06-01,O-CHI,Corporate HQ,Office,Chicago,IL,Midwest,,,180,45000,Facilities,G&A,330990.0,330990.0,0.0,0.0
2022-06-01,O-CHI,Corporate HQ,Office,Chicago,IL,Midwest,,,180,45000,IT & Systems,G&A,177321.47,194700.0,-17378.53,-8.93
2022-06-01,O-CHI,Corporate HQ,Office,Chicago,IL,Midwest,,,180,45000,Travel & Entertainment,G&A,178868.33,163548.0,15320.33,9.37
2022-06-01,O-CHI,Corporate HQ,Office,Chicago,IL,Midwest,,,180,45000,Professional Services,G&A,156276.02,155760.0,516.02,0.33
2022-06-01,O-CHI,Corporate HQ,Office,Chicago,IL,Midwest,,,180,45000,Utilities,G&A,47025.45,77880.0,-30854.55,-39.62
2022-06-01,O-CHI,Corporate HQ,Office,Chicago,IL,Midwest,,,180,45000,Other G&A,G&A,59919.14,58410.0,1509.14,2.58
2022-07-01,O-CHI,Corporate HQ,Office,Chicago,IL,Midwest,,,180,45000,Salaries & Benefits,G&A,1770000.0,1770000.0,0.0,0.0
2022-07-01,O-CHI,Corporate HQ,Office,Chicago,IL,Midwest,,,180,45000,Facilities,G&A,330990.0,330990.0,0.0,0.0
2022-07-01,O-CHI,Corporate HQ,Office,Chicago,IL,Midwest,,,180,45000,IT & Systems,G&A,182119.02,194700.0,-12580.98,-6.46
2022-07-01,O-CHI,Corporate HQ,Office,Chicago,IL,Midwest,,,180,45000,Travel & Entertainment,G&A,156222.41,163548.0,-7325.59,-4.48
2022-07-01,O-CHI,Corporate HQ,Office,Chicago,IL,Midwest,,,180,45000,Professional Services,G&A,162614.22,155760.0,6854.22,4.4
2022-07-01,O-CHI,Corporate HQ,Office,Chicago,IL,Midwest,,,180,45000,Utilities,G&A,43457.04,77880.0,-34422.96,-44.2
2022-07-01,O-CHI,Corporate HQ,Office,Chicago,IL,Midwest,,,180,45000,Other G&A,G&A,53488.72,58410.0,-4921.28,-8.43
2022-08-01,O-CHI,Corporate HQ,Office,Chicago,IL,Midwest,,,180,45000,Salaries & Benefits,G&A,1770000.0,1770000.0,0.0,0.0
2022-08-01,O-CHI,Corporate HQ,Office,Chicago,IL,Midwest,,,180,45000,Facilities,G&A,330990.0,330990.0,0.0,0.0
2022-08-01,O-CHI,Corporate HQ,Office,Chicago,IL,Midwest,,,180,45000,IT & Systems,G&A,184406.39,194700.0,-10293.61,-5.29
2022-08-01,O-CHI,Corporate HQ,Office,Chicago,IL,Midwest,,,180,45000,Travel & Entertainment,G&A,151702.08,163548.0,-11845.92,-7.24
2022-08-01,O-CHI,Corporate HQ,Office,Chicago,IL,Midwest,,,180,45000,Professional Services,G&A,157191.13,155760.0,1431.13,0.92
2022-08-01,O-CHI,Corporate HQ,Office,Chicago,IL,Midwest,,,180,45000,Utilities,G&A,47025.45,77880.0,-30854.55,-39.62
2022-08-01,O-CHI,Corporate HQ,Office,Chicago,IL,Midwest,,,180,45000,Other G&A,G&A,57744.0,58410.0,-666.0,-1.14
2022-09-01,O-CHI,Corporate HQ,Office,Chicago,IL,Midwest,,,180,45000,Salaries & Benefits,G&A,1770000.0,1770000.0,0.0,0.0
2022-09-01,O-CHI,Corporate HQ,Office,Chicago,IL,Midwest,,,180,45000,Facilities,G&A,330990.0,330990.0,0.0,0.0
2022-09-01,O-CHI,Corporate HQ,Office,Chicago,IL,Midwest,,,180,45000,IT & Systems,G&A,189478.95,194700.0,-5221.05,-2.68
2022-09-01,O-CHI,Corporate HQ,Office,Chicago,IL,Midwest,,,180,45000,Travel & Entertainment,G&A,145008.58,163548.0,-18539.42,-11.34
2022-09-01,O-CHI,Corporate HQ,Office,Chicago,IL,Midwest,,,180,45000,Professional Services,G&A,155202.68,155760.0,-557.32,-0.36
2022-09-01,O-CHI,Corporate HQ,Office,Chicago,IL,Midwest,,,180,45000,Utilities,G&A,56774.52,77880.0,-21105.48,-27.1
2022-09-01,O-CHI,Corporate HQ,Office,Chicago,IL,Midwest,,,180,45000,Other G&A,G&A,58557.55,58410.0,147.55,0.25
2022-10-01,O-CHI,Corporate HQ,Office,Chicago,IL,Midwest,,,180,45000,Salaries & Benefits,G&A,1770000.0,1770000.0,0.0,0.0
2022-10-01,O-CHI,Corporate HQ,Office,Chicago,IL,Midwest,,,180,45000,Facilities,G&A,330990.0,330990.0,0.0,0.0
2022-10-01,O-CHI,Corporate HQ,Office,Chicago,IL,Midwest,,,180,45000,IT & Systems,G&A,188854.4,194700.0,-5845.6,-3.0
2022-10-01,O-CHI,Corporate HQ,Office,Chicago,IL,Midwest,,,180,45000,Travel & Entertainment,G&A,125110.35,163548.0,-38437.65,-23.5
2022-10-01,O-CHI,Corporate HQ,Office,Chicago,IL,Midwest,,,180,45000,Professional Services,G&A,158646.93,155760.0,2886.93,1.85
2022-10-01,O-CHI,Corporate HQ,Office,Chicago,IL,Midwest,,,180,45000,Utilities,G&A,70092.0,77880.0,-7788.0,-10.0
2022-10-01,O-CHI,Corporate HQ,Office,Chicago,IL,Midwest,,,180,45000,Other G&A,G&A,55936.62,58410.0,-2473.38,-4.23
2022-11-01,O-CHI,Corporate HQ,Office,Chicago,IL,Midwest,,,180,45000,Salaries & Benefits,G&A,1770000.0,1770000.0,0.0,0.0
2022-11-01,O-CHI,Corporate HQ,Office,Chicago,IL,Midwest,,,180,45000,Facilities,G&A,330990.0,330990.0,0.0,0.0
2022-11-01,O-CHI,Corporate HQ,Office,Chicago,IL,Midwest,,,180,45000,IT & Systems,G&A,187532.07,194700.0,-7167.93,-3.68
2022-11-01,O-CHI,Corporate HQ,Office,Chicago,IL,Midwest,,,180,45000,Travel & Entertainment,G&A,177628.72,163548.0,14080.72,8.61
2022-11-01,O-CHI,Corporate HQ,Office,Chicago,IL,Midwest,,,180,45000,Professional Services,G&A,164210.95,155760.0,8450.95,5.43
2022-11-01,O-CHI,Corporate HQ,Office,Chicago,IL,Midwest,,,180,45000,Utilities,G&A,83409.48,77880.0,5529.48,7.1
2022-11-01,O-CHI,Corporate HQ,Office,Chicago,IL,Midwest,,,180,45000,Other G&A,G&A,55291.69,58410.0,-3118.31,-5.34
2022-12-01,O-CHI,Corporate HQ,Office,Chicago,IL,Midwest,,,180,45000,Salaries & Benefits,G&A,1770000.0,1770000.0,0.0,0.0
2022-12-01,O-CHI,Corporate HQ,Office,Chicago,IL,Midwest,,,180,45000,Facilities,G&A,330990.0,330990.0,0.0,0.0
2022-12-01,O-CHI,Corporate HQ,Office,Chicago,IL,Midwest,,,180,45000,IT & Systems,G&A,183326.0,194700.0,-11374.0,-5.84
2022-12-01,O-CHI,Corporate HQ,Office,Chicago,IL,Midwest,,,180,45000,Travel & Entertainment,G&A,162356.13,163548.0,-1191.87,-0.73
2022-12-01,O-CHI,Corporate HQ,Office,Chicago,IL,Midwest,,,180,45000,Professional Services,G&A,147041.97,155760.0,-8718.03,-5.6
2022-12-01,O-CHI,Corporate HQ,Office,Chicago,IL,Midwest,,,180,45000,Utilities,G&A,93158.55,77880.0,15278.55,19.62
2022-12-01,O-CHI,Corporate HQ,Office,Chicago,IL,Midwest,,,180,45000,Other G&A,G&A,54235.25,58410.0,-4174.75,-7.15
2023-01-01,O-CHI,Corporate HQ,Office,Chicago,IL,Midwest,,,180,45000,Salaries & Benefits,G&A,1831950.0,1831950.0,0.0,0.0
2023-01-01,O-CHI,Corporate HQ,Office,Chicago,IL,Midwest,,,180,45000,Facilities,G&A,342574.65,342574.65,0.0,0.0
2023-01-01,O-CHI,Corporate HQ,Office,Chicago,IL,Midwest,,,180,45000,IT & Systems,G&A,202479.67,201514.5,965.17,0.48
2023-01-01,O-CHI,Corporate HQ,Office,Chicago,IL,Midwest,,,180,45000,Travel & Entertainment,G&A,173898.26,169272.18,4626.08,2.73
2023-01-01,O-CHI,Corporate HQ,Office,Chicago,IL,Midwest,,,180,45000,Professional Services,G&A,158208.52,161211.6,-3003.08,-1.86
2023-01-01,O-CHI,Corporate HQ,Office,Chicago,IL,Midwest,,,180,45000,Utilities,G&A,100112.4,80605.8,19506.6,24.2
2023-01-01,O-CHI,Corporate HQ,Office,Chicago,IL,Midwest,,,180,45000,Other G&A,G&A,61773.52,60454.35,1319.17,2.18
2023-02-01,O-CHI,Corporate HQ,Office,Chicago,IL,Midwest,,,180,45000,Salaries & Benefits,G&A,1831950.0,1831950.0,0.0,0.0
2023-02-01,O-CHI,Corporate HQ,Office,Chicago,IL,Midwest,,,180,45000,Facilities,G&A,342574.65,342574.65,0.0,0.0
2023-02-01,O-CHI,Corporate HQ,Office,Chicago,IL,Midwest,,,180,45000,IT & Systems,G&A,201566.86,201514.5,52.36,0.03
2023-02-01,O-CHI,Corporate HQ,Office,Chicago,IL,Midwest,,,180,45000,Travel & Entertainment,G&A,187116.72,169272.18,17844.54,10.54
2023-02-01,O-CHI,Corporate HQ,Office,Chicago,IL,Midwest,,,180,45000,Professional Services,G&A,158063.51,161211.6,-3148.09,-1.95
2023-02-01,O-CHI,Corporate HQ,Office,Chicago,IL,Midwest,,,180,45000,Utilities,G&A,96419.1,80605.8,15813.3,19.62
2023-02-01,O-CHI,Corporate HQ,Office,Chicago,IL,Midwest,,,180,45000,Other G&A,G&A,60202.64,60454.35,-251.71,-0.42
2023-03-01,O-CHI,Corporate HQ,Office,Chicago,IL,Midwest,,,180,45000,Salaries & Benefits,G&A,1831950.0,1831950.0,0.0,0.0
2023-03-01,O-CHI,Corporate HQ,Office,Chicago,IL,Midwest,,,180,45000,Facilities,G&A,342574.65,342574.65,0.0,0.0
2023-03-01,O-CHI,Corporate HQ,Office,Chicago,IL,Midwest,,,180,45000,IT & Systems,G&A,209860.72,201514.5,8346.22,4.14
2023-03-01,O-CHI,Corporate HQ,Office,Chicago,IL,Midwest,,,180,45000,Travel & Entertainment,G&A,201753.7,169272.18,32481.52,19.19
2023-03-01,O-CHI,Corporate HQ,Office,Chicago,IL,Midwest,,,180,45000,Professional Services,G&A,148905.22,161211.6,-12306.38,-7.63
2023-03-01,O-CHI,Corporate HQ,Office,Chicago,IL,Midwest,,,180,45000,Utilities,G&A,86328.81,80605.8,5723.01,7.1
2023-03-01,O-CHI,Corporate HQ,Office,Chicago,IL,Midwest,,,180,45000,Other G&A,G&A,62207.54,60454.35,1753.19,2.9
2023-04-01,O-CHI,Corporate HQ,Office,Chicago,IL,Midwest,,,180,45000,Salaries & Benefits,G&A,1831950.0,1831950.0,0.0,0.0
2023-04-01,O-CHI,Corporate HQ,Office,Chicago,IL,Midwest,,,180,45000,Facilities,G&A,342574.65,342574.65,0.0,0.0
2023-04-01,O-CHI,Corporate HQ,Office,Chicago,IL,Midwest,,,180,45000,IT & Systems,G&A,200508.48,201514.5,-1006.02,-0.5
2023-04-01,O-CHI,Corporate HQ,Office,Chicago,IL,Midwest,,,180,45000,Travel & Entertainment,G&A,217346.21,169272.18,48074.03,28.4
2023-04-01,O-CHI,Corporate HQ,Office,Chicago,IL,Midwest,,,180,45000,Professional Services,G&A,156921.46,161211.6,-4290.14,-2.66
2023-04-01,O-CHI,Corporate HQ,Office,Chicago,IL,Midwest,,,180,45000,Utilities,G&A,72545.22,80605.8,-8060.58,-10.0
2023-04-01,O-CHI,Corporate HQ,Office,Chicago,IL,Midwest,,,180,45000,Other G&A,G&A,60366.12,60454.35,-88.23,-0.15
2023-05-01,O-CHI,Corporate HQ,Office,Chicago,IL,Midwest,,,180,45000,Salaries & Benefits,G&A,1831950.0,1831950.0,0.0,0.0
2023-05-01,O-CHI,Corporate HQ,Office,Chicago,IL,Midwest,,,180,45000,Facilities,G&A,342574.65,342574.65,0.0,0.0
2023-05-01,O-CHI,Corporate HQ,Office,Chicago,IL,Midwest,,,180,45000,IT & Systems,G&A,218729.92,201514.5,17215.42,8.54
2023-05-01,O-CHI,Corporate HQ,Office,Chicago,IL,Midwest,,,180,45000,Travel & Entertainment,G&A,228541.14,169272.18,59268.96,35.01
2023-05-01,O-CHI,Corporate HQ,Office,Chicago,IL,Midwest,,,180,45000,Professional Services,G&A,159222.31,161211.6,-1989.29,-1.23
2023-05-01,O-CHI,Corporate HQ,Office,Chicago,IL,Midwest,,,180,45000,Utilities,G&A,58761.63,80605.8,-21844.17,-27.1
2023-05-01,O-CHI,Corporate HQ,Office,Chicago,IL,Midwest,,,180,45000,Other G&A,G&A,57224.19,60454.35,-3230.16,-5.34
2023-06-01,O-CHI,Corporate HQ,Office,Chicago,IL,Midwest,,,180,45000,Salaries & Benefits,G&A,1831950.0,1831950.0,0.0,0.0
2023-06-01,O-CHI,Corporate HQ,Office,Chicago,IL,Midwest,,,180,45000,Facilities,G&A,342574.65,342574.65,0.0,0.0
2023-06-01,O-CHI,Corporate HQ,Office,Chicago,IL,Midwest,,,180,45000,IT & Systems,G&A,214135.59,201514.5,12621.09,6.26
2023-06-01,O-CHI,Corporate HQ,Office,Chicago,IL,Midwest,,,180,45000,Travel & Entertainment,G&A,197181.5,169272.18,27909.32,16.49
2023-06-01,O-CHI,Corporate HQ,Office,Chicago,IL,Midwest,,,180,45000,Professional Services,G&A,156774.69,161211.6,-4436.91,-2.75
2023-06-01,O-CHI,Corporate HQ,Office,Chicago,IL,Midwest,,,180,45000,Utilities,G&A,48671.34,80605.8,-31934.46,-39.62
2023-06-01,O-CHI,Corporate HQ,Office,Chicago,IL,Midwest,,,180,45000,Other G&A,G&A,62435.08,60454.35,1980.73,3.28
2023-07-01,O-CHI,Corporate HQ,Office,Chicago,IL,Midwest,,,180,45000,Salaries & Benefits,G&A,1831950.0,1831950.0,0.0,0.0
2023-07-01,O-CHI,Corporate HQ,Office,Chicago,IL,Midwest,,,180,45000,Facilities,G&A,342574.65,342574.65,0.0,0.0
2023-07-01,O-CHI,Corporate HQ,Office,Chicago,IL,Midwest,,,180,45000,IT & Systems,G&A,210204.49,201514.5,8689.99,4.31
2023-07-01,O-CHI,Corporate HQ,Office,Chicago,IL,Midwest,,,180,45000,Travel & Entertainment,G&A,213508.08,169272.18,44235.9,26.13
2023-07-01,O-CHI,Corporate HQ,Office,Chicago,IL,Midwest,,,180,45000,Professional Services,G&A,151613.17,161211.6,-9598.43,-5.95
2023-07-01,O-CHI,Corporate HQ,Office,Chicago,IL,Midwest,,,180,45000,Utilities,G&A,44978.04,80605.8,-35627.76,-44.2
2023-07-01,O-CHI,Corporate HQ,Office,Chicago,IL,Midwest,,,180,45000,Other G&A,G&A,63273.84,60454.35,2819.49,4.66
2023-08-01,O-CHI,Corporate HQ,Office,Chicago,IL,Midwest,,,180,45000,Salaries & Benefits,G&A,1831950.0,1831950.0,0.0,0.0
2023-08-01,O-CHI,Corporate HQ,Office,Chicago,IL,Midwest,,,180,45000,Facilities,G&A,342574.65,342574.65,0.0,0.0
2023-08-01,O-CHI,Corporate HQ,Office,Chicago,IL,Midwest,,,180,45000,IT & Systems,G&A,209576.64,201514.5,8062.14,4.0
2023-08-01,O-CHI,Corporate HQ,Office,Chicago,IL,Midwest,,,180,45000,Travel & Entertainment,G&A,213726.5,169272.18,44454.32,26.26
2023-08-01,O-CHI,Corporate HQ,Office,Chicago,IL,Midwest,,,180,45000,Professional Services,G&A,161493.73,161211.6,282.13,0.18
2023-08-01,O-CHI,Corporate HQ,Office,Chicago,IL,Midwest,,,180,45000,Utilities,G&A,48671.34,80605.8,-31934.46,-39.62
2023-08-01,O-CHI,Corporate HQ,Office,Chicago,IL,Midwest,,,180,45000,Other G&A,G&A,57697.01,60454.35,-2757.34,-4.56
2023-09-01,O-CHI,Corporate HQ,Office,Chicago,IL,Midwest,,,180,45000,Salaries & Benefits,G&A,1831950.0,1831950.0,0.0,0.0
2023-09-01,O-CHI,Corporate HQ,Office,Chicago,IL,Midwest,,,180,45000,Facilities,G&A,342574.65,342574.65,0.0,0.0
2023-09-01,O-CHI,Corporate HQ,Office,Chicago,IL,Midwest,,,180,45000,IT & Systems,G&A,187209.79,201514.5,-14304.71,-7.1
2023-09-01,O-CHI,Corporate HQ,Office,Chicago,IL,Midwest,,,180,45000,Travel & Entertainment,G&A,207745.92,169272.18,38473.74,22.73
2023-09-01,O-CHI,Corporate HQ,Office,Chicago,IL,Midwest,,,180,45000,Professional Services,G&A,158777.71,161211.6,-2433.89,-1.51
2023-09-01,O-CHI,Corporate HQ,Office,Chicago,IL,Midwest,,,180,45000,Utilities,G&A,58761.63,80605.8,-21844.17,-27.1
2023-09-01,O-CHI,Corporate HQ,Office,Chicago,IL,Midwest,,,180,45000,Other G&A,G&A,65362.77,60454.35,4908.42,8.12
2023-10-01,O-CHI,Corporate HQ,Office,Chicago,IL,Midwest,,,180,45000,Salaries & Benefits,G&A,1831950.0,1831950.0,0.0,0.0
2023-10-01,O-CHI,Corporate HQ,Office,Chicago,IL,Midwest,,,180,45000,Facilities,G&A,342574.65,342574.65,0.0,0.0
2023-10-01,O-CHI,Corporate HQ,Office,Chicago,IL,Midwest,,,180,45000,IT & Systems,G&A,201481.37,201514.5,-33.13,-0.02
2023-10-01,O-CHI,Corporate HQ,Office,Chicago,IL,Midwest,,,180,45000,Travel & Entertainment,G&A,173329.21,169272.18,4057.03,2.4
2023-10-01,O-CHI,Corporate HQ,Office,Chicago,IL,Midwest,,,180,45000,Professional Services,G&A,158927.43,161211.6,-2284.17,-1.42
2023-10-01,O-CHI,Corporate HQ,Office,Chicago,IL,Midwest,,,180,45000,Utilities,G&A,72545.22,80605.8,-8060.58,-10.0
2023-10-01,O-CHI,Corporate HQ,Office,Chicago,IL,Midwest,,,180,45000,Other G&A,G&A,64771.14,60454.35,4316.79,7.14
2023-11-01,O-CHI,Corporate HQ,Office,Chicago,IL,Midwest,,,180,45000,Salaries & Benefits,G&A,1831950.0,1831950.0,0.0,0.0
2023-11-01,O-CHI,Corporate HQ,Office,Chicago,IL,Midwest,,,180,45000,Facilities,G&A,342574.65,342574.65,0.0,0.0
2023-11-01,O-CHI,Corporate HQ,Office,Chicago,IL,Midwest,,,180,45000,IT & Systems,G&A,217582.07,201514.5,16067.57,7.97
2023-11-01,O-CHI,Corporate HQ,Office,Chicago,IL,Midwest,,,180,45000,Travel & Entertainment,G&A,208603.43,169272.18,39331.25,23.24
2023-11-01,O-CHI,Corporate HQ,Office,Chicago,IL,Midwest,,,180,45000,Professional Services,G&A,155756.42,161211.6,-5455.18,-3.38
2023-11-01,O-CHI,Corporate HQ,Office,Chicago,IL,Midwest,,,180,45000,Utilities,G&A,86328.81,80605.8,5723.01,7.1
2023-11-01,O-CHI,Corporate HQ,Office,Chicago,IL,Midwest,,,180,45000,Other G&A,G&A,58782.61,60454.35,-1671.74,-2.77
2023-12-01,O-CHI,Corporate HQ,Office,Chicago,IL,Midwest,,,180,45000,Salaries & Benefits,G&A,1831950.0,1831950.0,0.0,0.0
2023-12-01,O-CHI,Corporate HQ,Office,Chicago,IL,Midwest,,,180,45000,Facilities,G&A,342574.65,342574.65,0.0,0.0
2023-12-01,O-CHI,Corporate HQ,Office,Chicago,IL,Midwest,,,180,45000,IT & Systems,G&A,204693.39,201514.5,3178.89,1.58
2023-12-01,O-CHI,Corporate HQ,Office,Chicago,IL,Midwest,,,180,45000,Travel & Entertainment,G&A,198312.52,169272.18,29040.34,17.16
2023-12-01,O-CHI,Corporate HQ,Office,Chicago,IL,Midwest,,,180,45000,Professional Services,G&A,163046.98,161211.6,1835.38,1.14
2023-12-01,O-CHI,Corporate HQ,Office,Chicago,IL,Midwest,,,180,45000,Utilities,G&A,96419.1,80605.8,15813.3,19.62
2023-12-01,O-CHI,Corporate HQ,Office,Chicago,IL,Midwest,,,180,45000,Other G&A,G&A,58492.17,60454.35,-1962.18,-3.25
2024-01-01,O-CHI,Corporate HQ,Office,Chicago,IL,Midwest,,,180,45000,Salaries & Benefits,G&A,1896068.25,1896068.25,0.0,0.0
2024-01-01,O-CHI,Corporate HQ,Office,Chicago,IL,Midwest,,,180,45000,Facilities,G&A,354564.76,354564.76,0.0,0.0
2024-01-01,O-CHI,Corporate HQ,Office,Chicago,IL,Midwest,,,180,45000,IT & Systems,G&A,211754.32,208567.51,3186.81,1.53
2024-01-01,O-CHI,Corporate HQ,Office,Chicago,IL,Midwest,,,180,45000,Travel & Entertainment,G&A,250265.69,175196.71,75068.98,42.85
2024-01-01,O-CHI,Corporate HQ,Office,Chicago,IL,Midwest,,,180,45000,Professional Services,G&A,164598.71,166854.01,-2255.3,-1.35
2024-01-01,O-CHI,Corporate HQ,Office,Chicago,IL,Midwest,,,180,45000,Utilities,G&A,103616.34,83427.0,20189.34,24.2
2024-01-01,O-CHI,Corporate HQ,Office,Chicago,IL,Midwest,,,180,45000,Other G&A,G&A,60895.39,62570.25,-1674.86,-2.68
2024-02-01,O-CHI,Corporate HQ,Office,Chicago,IL,Midwest,,,180,45000,Salaries & Benefits,G&A,1896068.25,1896068.25,0.0,0.0
2024-02-01,O-CHI,Corporate HQ,Office,Chicago,IL,Midwest,,,180,45000,Facilities,G&A,354564.76,354564.76,0.0,0.0
2024-02-01,O-CHI,Corporate HQ,Office,Chicago,IL,Midwest,,,180,45000,IT & Systems,G&A,213344.33,208567.51,4776.82,2.29
2024-02-01,O-CHI,Corporate HQ,Office,Chicago,IL,Midwest,,,180,45000,Travel & Entertainment,G&A,279827.13,175196.71,104630.42,59.72
2024-02-01,O-CHI,Corporate HQ,Office,Chicago,IL,Midwest,,,180,45000,Professional Services,G&A,155870.38,166854.01,-10983.63,-6.58
2024-02-01,O-CHI,Corporate HQ,Office,Chicago,IL,Midwest,,,180,45000,Utilities,G&A,99793.77,83427.0,16366.77,19.62
2024-02-01,O-CHI,Corporate HQ,Office,Chicago,IL,Midwest,,,180,45000,Other G&A,G&A,64377.1,62570.25,1806.85,2.89
2024-03-01,O-CHI,Corporate HQ,Office,Chicago,IL,Midwest,,,180,45000,Salaries & Benefits,G&A,1896068.25,1896068.25,0.0,0.0
2024-03-01,O-CHI,Corporate HQ,Office,Chicago,IL,Midwest,,,180,45000,Facilities,G&A,354564.76,354564.76,0.0,0.0
2024-03-01,O-CHI,Corporate HQ,Office,Chicago,IL,Midwest,,,180,45000,IT & Systems,G&A,203540.14,208567.51,-5027.37,-2.41
2024-03-01,O-CHI,Corporate HQ,Office,Chicago,IL,Midwest,,,180,45000,Travel & Entertainment,G&A,274092.31,175196.71,98895.6,56.45
2024-03-01,O-CHI,Corporate HQ,Office,Chicago,IL,Midwest,,,180,45000,Professional Services,G&A,161777.65,166854.01,-5076.36,-3.04
2024-03-01,O-CHI,Corporate HQ,Office,Chicago,IL,Midwest,,,180,45000,Utilities,G&A,89350.32,83427.0,5923.32,7.1
2024-03-01,O-CHI,Corporate HQ,Office,Chicago,IL,Midwest,,,180,45000,Other G&A,G&A,62054.59,62570.25,-515.66,-0.82
2024-04-01,O-CHI,Corporate HQ,Office,Chicago,IL,Midwest,,,180,45000,Salaries & Benefits,G&A,1896068.25,1896068.25,0.0,0.0
2024-04-01,O-CHI,Corporate HQ,Office,Chicago,IL,Midwest,,,180,45000,Facilities,G&A,354564.76,354564.76,0.0,0.0
2024-04-01,O-CHI,Corporate HQ,Office,Chicago,IL,Midwest,,,180,45000,IT & Systems,G&A,228850.6,208567.51,20283.09,9.72
2024-04-01,O-CHI,Corporate HQ,Office,Chicago,IL,Midwest,,,180,45000,Travel & Entertainment,G&A,297589.22,175196.71,122392.51,69.86
2024-04-01,O-CHI,Corporate HQ,Office,Chicago,IL,Midwest,,,180,45000,Professional Services,G&A,162208.14,166854.01,-4645.87,-2.78
2024-04-01,O-CHI,Corporate HQ,Office,Chicago,IL,Midwest,,,180,45000,Utilities,G&A,75084.3,83427.0,-8342.7,-10.0
2024-04-01,O-CHI,Corporate HQ,Office,Chicago,IL,Midwest,,,180,45000,Other G&A,G&A,57606.85,62570.25,-4963.4,-7.93
2024-05-01,O-CHI,Corporate HQ,Office,Chicago,IL,Midwest,,,180,45000,Salaries & Benefits,G&A,1896068.25,1896068.25,0.0,0.0
2024-05-01,O-CHI,Corporate HQ,Office,Chicago,IL,Midwest,,,180,45000,Facilities,G&A,354564.76,354564.76,0.0,0.0
2024-05-01,O-CHI,Corporate HQ,Office,Chicago,IL,Midwest,,,180,45000,IT & Systems,G&A,222551.35,208567.51,13983.84,6.7
2024-05-01,O-CHI,Corporate HQ,Office,Chicago,IL,Midwest,,,180,45000,Travel & Entertainment,G&A,246569.62,175196.71,71372.91,40.74
2024-05-01,O-CHI,Corporate HQ,Office,Chicago,IL,Midwest,,,180,45000,Professional Services,G&A,179423.99,166854.01,12569.98,7.53
2024-05-01,O-CHI,Corporate HQ,Office,Chicago,IL,Midwest,,,180,45000,Utilities,G&A,60818.29,83427.0,-22608.71,-27.1
2024-05-01,O-CHI,Corporate HQ,Office,Chicago,IL,Midwest,,,180,45000,Other G&A,G&A,60985.82,62570.25,-1584.43,-2.53
2024-06-01,O-CHI,Corporate HQ,Office,Chicago,IL,Midwest,,,180,45000,Salaries & Benefits,G&A,1896068.25,1896068.25,0.0,0.0
2024-06-01,O-CHI,Corporate HQ,Office,Chicago,IL,Midwest,,,180,45000,Facilities,G&A,354564.76,354564.76,0.0,0.0
2024-06-01,O-CHI,Corporate HQ,Office,Chicago,IL,Midwest,,,180,45000,IT & Systems,G&A,191782.0,208567.51,-16785.51,-8.05
2024-06-01,O-CHI,Corporate HQ,Office,Chicago,IL,Midwest,,,180,45000,Travel & Entertainment,G&A,233774.2,175196.71,58577.49,33.44
2024-06-01,O-CHI,Corporate HQ,Office,Chicago,IL,Midwest,,,180,45000,Professional Services,G&A,172561.89,166854.01,5707.88,3.42
2024-06-01,O-CHI,Corporate HQ,Office,Chicago,IL,Midwest,,,180,45000,Utilities,G&A,50374.84,83427.0,-33052.16,-39.62
2024-06-01,O-CHI,Corporate HQ,Office,Chicago,IL,Midwest,,,180,45000,Other G&A,G&A,60295.57,62570.25,-2274.68,-3.64
2024-07-01,O-CHI,Corporate HQ,Office,Chicago,IL,Midwest,,,180,45000,Salaries & Benefits,G&A,1896068.25,1896068.25,0.0,0.0
2024-07-01,O-CHI,Corporate HQ,Office,Chicago,IL,Midwest,,,180,45000,Facilities,G&A,354564.76,354564.76,0.0,0.0
2024-07-01,O-CHI,Corporate HQ,Office,Chicago,IL,Midwest,,,180,45000,IT & Systems,G&A,209325.63,208567.51,758.12,0.36
2024-07-01,O-CHI,Corporate HQ,Office,Chicago,IL,Midwest,,,180,45000,Travel & Entertainment,G&A,284575.64,175196.71,109378.93,62.43
2024-07-01,O-CHI,Corporate HQ,Office,Chicago,IL,Midwest,,,180,45000,Professional Services,G&A,162930.24,166854.01,-3923.77,-2.35
2024-07-01,O-CHI,Corporate HQ,Office,Chicago,IL,Midwest,,,180,45000,Utilities,G&A,46552.27,83427.0,-36874.73,-44.2
2024-07-01,O-CHI,Corporate HQ,Office,Chicago,IL,Midwest,,,180,45000,Other G&A,G&A,60275.41,62570.25,-2294.84,-3.67
2024-08-01,O-CHI,Corporate HQ,Office,Chicago,IL,Midwest,,,180,45000,Salaries & Benefits,G&A,1896068.25,1896068.25,0.0,0.0
2024-08-01,O-CHI,Corporate HQ,Office,Chicago,IL,Midwest,,,180,45000,Facilities,G&A,354564.76,354564.76,0.0,0.0
2024-08-01,O-CHI,Corporate HQ,Office,Chicago,IL,Midwest,,,180,45000,IT & Systems,G&A,198017.52,208567.51,-10549.99,-5.06
2024-08-01,O-CHI,Corporate HQ,Office,Chicago,IL,Midwest,,,180,45000,Travel & Entertainment,G&A,253381.72,175196.71,78185.01,44.63
2024-08-01,O-CHI,Corporate HQ,Office,Chicago,IL,Midwest,,,180,45000,Professional Services,G&A,178613.27,166854.01,11759.26,7.05
2024-08-01,O-CHI,Corporate HQ,Office,Chicago,IL,Midwest,,,180,45000,Utilities,G&A,50374.84,83427.0,-33052.16,-39.62
2024-08-01,O-CHI,Corporate HQ,Office,Chicago,IL,Midwest,,,180,45000,Other G&A,G&A,57581.14,62570.25,-4989.11,-7.97
2024-09-01,O-CHI,Corporate HQ,Office,Chicago,IL,Midwest,,,180,45000,Salaries & Benefits,G&A,1896068.25,1896068.25,0.0,0.0
2024-09-01,O-CHI,Corporate HQ,Office,Chicago,IL,Midwest,,,180,45000,Facilities,G&A,354564.76,354564.76,0.0,0.0
2024-09-01,O-CHI,Corporate HQ,Office,Chicago,IL,Midwest,,,180,45000,IT & Systems,G&A,201055.43,208567.51,-7512.08,-3.6
2024-09-01,O-CHI,Corporate HQ,Office,Chicago,IL,Midwest,,,180,45000,Travel & Entertainment,G&A,264647.52,175196.71,89450.81,51.06
2024-09-01,O-CHI,Corporate HQ,Office,Chicago,IL,Midwest,,,180,45000,Professional Services,G&A,176695.47,166854.01,9841.46,5.9
2024-09-01,O-CHI,Corporate HQ,Office,Chicago,IL,Midwest,,,180,45000,Utilities,G&A,60818.29,83427.0,-22608.71,-27.1
2024-09-01,O-CHI,Corporate HQ,Office,Chicago,IL,Midwest,,,180,45000,Other G&A,G&A,59022.22,62570.25,-3548.03,-5.67
2024-10-01,O-CHI,Corporate HQ,Office,Chicago,IL,Midwest,,,180,45000,Salaries & Benefits,G&A,1896068.25,1896068.25,0.0,0.0
2024-10-01,O-CHI,Corporate HQ,Office,Chicago,IL,Midwest,,,180,45000,Facilities,G&A,354564.76,354564.76,0.0,0.0
2024-10-01,O-CHI,Corporate HQ,Office,Chicago,IL,Midwest,,,180,45000,IT & Systems,G&A,205122.22,208567.51,-3445.29,-1.65
2024-10-01,O-CHI,Corporate HQ,Office,Chicago,IL,Midwest,,,180,45000,Travel & Entertainment,G&A,271885.39,175196.71,96688.68,55.19
2024-10-01,O-CHI,Corporate HQ,Office,Chicago,IL,Midwest,,,180,45000,Professional Services,G&A,170568.8,166854.01,3714.79,2.23
2024-10-01,O-CHI,Corporate HQ,Office,Chicago,IL,Midwest,,,180,45000,Utilities,G&A,75084.3,83427.0,-8342.7,-10.0
2024-10-01,O-CHI,Corporate HQ,Office,Chicago,IL,Midwest,,,180,45000,Other G&A,G&A,58101.25,62570.25,-4469.0,-7.14
2024-11-01,O-CHI,Corporate HQ,Office,Chicago,IL,Midwest,,,180,45000,Salaries & Benefits,G&A,1896068.25,1896068.25,0.0,0.0
2024-11-01,O-CHI,Corporate HQ,Office,Chicago,IL,Midwest,,,180,45000,Facilities,G&A,354564.76,354564.76,0.0,0.0
2024-11-01,O-CHI,Corporate HQ,Office,Chicago,IL,Midwest,,,180,45000,IT & Systems,G&A,220798.21,208567.51,12230.7,5.86
2024-11-01,O-CHI,Corporate HQ,Office,Chicago,IL,Midwest,,,180,45000,Travel & Entertainment,G&A,270134.94,175196.71,94938.23,54.19
2024-11-01,O-CHI,Corporate HQ,Office,Chicago,IL,Midwest,,,180,45000,Professional Services,G&A,167104.39,166854.01,250.38,0.15
2024-11-01,O-CHI,Corporate HQ,Office,Chicago,IL,Midwest,,,180,45000,Utilities,G&A,89350.32,83427.0,5923.32,7.1
2024-11-01,O-CHI,Corporate HQ,Office,Chicago,IL,Midwest,,,180,45000,Other G&A,G&A,65596.11,62570.25,3025.86,4.84
2024-12-01,O-CHI,Corporate HQ,Office,Chicago,IL,Midwest,,,180,45000,Salaries & Benefits,G&A,1896068.25,1896068.25,0.0,0.0
2024-12-01,O-CHI,Corporate HQ,Office,Chicago,IL,Midwest,,,180,45000,Facilities,G&A,354564.76,354564.76,0.0,0.0
2024-12-01,O-CHI,Corporate HQ,Office,Chicago,IL,Midwest,,,180,45000,IT & Systems,G&A,213369.22,208567.51,4801.71,2.3
2024-12-01,O-CHI,Corporate HQ,Office,Chicago,IL,Midwest,,,180,45000,Travel & Entertainment,G&A,293103.82,175196.71,117907.11,67.3
2024-12-01,O-CHI,Corporate HQ,Office,Chicago,IL,Midwest,,,180,45000,Professional Services,G&A,164012.01,166854.01,-2842.0,-1.7
2024-12-01,O-CHI,Corporate HQ,Office,Chicago,IL,Midwest,,,180,45000,Utilities,G&A,99793.77,83427.0,16366.77,19.62
2024-12-01,O-CHI,Corporate HQ,Office,Chicago,IL,Midwest,,,180,45000,Other G&A,G&A,63571.49,62570.25,1001.24,1.6
2022-01-01,O-BOS,Boston R&D,Office,Boston,MA,Northeast,,,120,38000,Salaries & Benefits,G&A,1350000.0,1350000.0,0.0,0.0
2022-01-01,O-BOS,Boston R&D,Office,Boston,MA,Northeast,,,120,38000,Facilities,G&A,252450.0,252450.0,0.0,0.0
2022-01-01,O-BOS,Boston R&D,Office,Boston,MA,Northeast,,,120,38000,IT & Systems,G&A,139940.32,148500.0,-8559.68,-5.76
2022-01-01,O-BOS,Boston R&D,Office,Boston,MA,Northeast,,,120,38000,Travel & Entertainment,G&A,101602.3,118800.0,-17197.7,-14.48
2022-01-01,O-BOS,Boston R&D,Office,Boston,MA,Northeast,,,120,38000,Professional Services,G&A,126795.83,118800.0,7995.83,6.73
2022-01-01,O-BOS,Boston R&D,Office,Boston,MA,Northeast,,,120,38000,Utilities,G&A,73774.8,59400.0,14374.8,24.2
2022-01-01,O-BOS,Boston R&D,Office,Boston,MA,Northeast,,,120,38000,Other G&A,G&A,45639.55,44550.0,1089.55,2.45
2022-02-01,O-BOS,Boston R&D,Office,Boston,MA,Northeast,,,120,38000,Salaries & Benefits,G&A,1350000.0,1350000.0,0.0,0.0
2022-02-01,O-BOS,Boston R&D,Office,Boston,MA,Northeast,,,120,38000,Facilities,G&A,252450.0,252450.0,0.0,0.0
2022-02-01,O-BOS,Boston R&D,Office,Boston,MA,Northeast,,,120,38000,IT & Systems,G&A,146888.05,148500.0,-1611.95,-1.09
2022-02-01,O-BOS,Boston R&D,Office,Boston,MA,Northeast,,,120,38000,Travel & Entertainment,G&A,115033.78,118800.0,-3766.22,-3.17
2022-02-01,O-BOS,Boston R&D,Office,Boston,MA,Northeast,,,120,38000,Professional Services,G&A,107821.2,118800.0,-10978.8,-9.24
2022-02-01,O-BOS,Boston R&D,Office,Boston,MA,Northeast,,,120,38000,Utilities,G&A,71053.13,59400.0,11653.13,19.62
2022-02-01,O-BOS,Boston R&D,Office,Boston,MA,Northeast,,,120,38000,Other G&A,G&A,44781.94,44550.0,231.94,0.52
2022-03-01,O-BOS,Boston R&D,Office,Boston,MA,Northeast,,,120,38000,Salaries & Benefits,G&A,1350000.0,1350000.0,0.0,0.0
2022-03-01,O-BOS,Boston R&D,Office,Boston,MA,Northeast,,,120,38000,Facilities,G&A,252450.0,252450.0,0.0,0.0
2022-03-01,O-BOS,Boston R&D,Office,Boston,MA,Northeast,,,120,38000,IT & Systems,G&A,153407.42,148500.0,4907.42,3.3
2022-03-01,O-BOS,Boston R&D,Office,Boston,MA,Northeast,,,120,38000,Travel & Entertainment,G&A,121840.26,118800.0,3040.26,2.56
2022-03-01,O-BOS,Boston R&D,Office,Boston,MA,Northeast,,,120,38000,Professional Services,G&A,121193.82,118800.0,2393.82,2.02
2022-03-01,O-BOS,Boston R&D,Office,Boston,MA,Northeast,,,120,38000,Utilities,G&A,63617.4,59400.0,4217.4,7.1
2022-03-01,O-BOS,Boston R&D,Office,Boston,MA,Northeast,,,120,38000,Other G&A,G&A,47531.24,44550.0,2981.24,6.69
2022-04-01,O-BOS,Boston R&D,Office,Boston,MA,Northeast,,,120,38000,Salaries & Benefits,G&A,1350000.0,1350000.0,0.0,0.0
2022-04-01,O-BOS,Boston R&D,Office,Boston,MA,Northeast,,,120,38000,Facilities,G&A,252450.0,252450.0,0.0,0.0
2022-04-01,O-BOS,Boston R&D,Office,Boston,MA,Northeast,,,120,38000,IT & Systems,G&A,140884.34,148500.0,-7615.66,-5.13
2022-04-01,O-BOS,Boston R&D,Office,Boston,MA,Northeast,,,120,38000,Travel & Entertainment,G&A,119787.61,118800.0,987.61,0.83
2022-04-01,O-BOS,Boston R&D,Office,Boston,MA,Northeast,,,120,38000,Professional Services,G&A,122498.58,118800.0,3698.58,3.11
2022-04-01,O-BOS,Boston R&D,Office,Boston,MA,Northeast,,,120,38000,Utilities,G&A,53460.0,59400.0,-5940.0,-10.0
2022-04-01,O-BOS,Boston R&D,Office,Boston,MA,Northeast,,,120,38000,Other G&A,G&A,44067.52,44550.0,-482.48,-1.08
2022-05-01,O-BOS,Boston R&D,Office,Boston,MA,Northeast,,,120,38000,Salaries & Benefits,G&A,1350000.0,1350000.0,0.0,0.0
2022-05-01,O-BOS,Boston R&D,Office,Boston,MA,Northeast,,,120,38000,Facilities,G&A,252450.0,252450.0,0.0,0.0
2022-05-01,O-BOS,Boston R&D,Office,Boston,MA,Northeast,,,120,38000,IT & Systems,G&A,147024.44,148500.0,-1475.56,-0.99
2022-05-01,O-BOS,Boston R&D,Office,Boston,MA,Northeast,,,120,38000,Travel & Entertainment,G&A,111740.68,118800.0,-7059.32,-5.94
2022-05-01,O-BOS,Boston R&D,Office,Boston,MA,Northeast,,,120,38000,Professional Services,G&A,115304.72,118800.0,-3495.28,-2.94
2022-05-01,O-BOS,Boston R&D,Office,Boston,MA,Northeast,,,120,38000,Utilities,G&A,43302.6,59400.0,-16097.4,-27.1
2022-05-01,O-BOS,Boston R&D,Office,Boston,MA,Northeast,,,120,38000,Other G&A,G&A,48344.93,44550.0,3794.93,8.52
2022-06-01,O-BOS,Boston R&D,Office,Boston,MA,Northeast,,,120,38000,Salaries & Benefits,G&A,1350000.0,1350000.0,0.0,0.0
2022-06-01,O-BOS,Boston R&D,Office,Boston,MA,Northeast,,,120,38000,Facilities,G&A,252450.0,252450.0,0.0,0.0
2022-06-01,O-BOS,Boston R&D,Office,Boston,MA,Northeast,,,120,38000,IT & Systems,G&A,161297.49,148500.0,12797.49,8.62
2022-06-01,O-BOS,Boston R&D,Office,Boston,MA,Northeast,,,120,38000,Travel & Entertainment,G&A,123022.78,118800.0,4222.78,3.55
2022-06-01,O-BOS,Boston R&D,Office,Boston,MA,Northeast,,,120,38000,Professional Services,G&A,111565.52,118800.0,-7234.48,-6.09
2022-06-01,O-BOS,Boston R&D,Office,Boston,MA,Northeast,,,120,38000,Utilities,G&A,35866.87,59400.0,-23533.13,-39.62
2022-06-01,O-BOS,Boston R&D,Office,Boston,MA,Northeast,,,120,38000,Other G&A,G&A,40698.19,44550.0,-3851.81,-8.65
2022-07-01,O-BOS,Boston R&D,Office,Boston,MA,Northeast,,,120,38000,Salaries & Benefits,G&A,1350000.0,1350000.0,0.0,0.0
2022-07-01,O-BOS,Boston R&D,Office,Boston,MA,Northeast,,,120,38000,Facilities,G&A,252450.0,252450.0,0.0,0.0
2022-07-01,O-BOS,Boston R&D,Office,Boston,MA,Northeast,,,120,38000,IT & Systems,G&A,153194.76,148500.0,4694.76,3.16
2022-07-01,O-BOS,Boston R&D,Office,Boston,MA,Northeast,,,120,38000,Travel & Entertainment,G&A,120102.75,118800.0,1302.75,1.1
2022-07-01,O-BOS,Boston R&D,Office,Boston,MA,Northeast,,,120,38000,Professional Services,G&A,117078.79,118800.0,-1721.21,-1.45
2022-07-01,O-BOS,Boston R&D,Office,Boston,MA,Northeast,,,120,38000,Utilities,G&A,33145.2,59400.0,-26254.8,-44.2
2022-07-01,O-BOS,Boston R&D,Office,Boston,MA,Northeast,,,120,38000,Other G&A,G&A,44942.87,44550.0,392.87,0.88
2022-08-01,O-BOS,Boston R&D,Office,Boston,MA,Northeast,,,120,38000,Salaries & Benefits,G&A,1350000.0,1350000.0,0.0,0.0
2022-08-01,O-BOS,Boston R&D,Office,Boston,MA,Northeast,,,120,38000,Facilities,G&A,252450.0,252450.0,0.0,0.0
2022-08-01,O-BOS,Boston R&D,Office,Boston,MA,Northeast,,,120,38000,IT & Systems,G&A,138846.95,148500.0,-9653.05,-6.5
2022-08-01,O-BOS,Boston R&D,Office,Boston,MA,Northeast,,,120,38000,Travel & Entertainment,G&A,115537.79,118800.0,-3262.21,-2.75
2022-08-01,O-BOS,Boston R&D,Office,Boston,MA,Northeast,,,120,38000,Professional Services,G&A,112344.05,118800.0,-6455.95,-5.43
2022-08-01,O-BOS,Boston R&D,Office,Boston,MA,Northeast,,,120,38000,Utilities,G&A,35866.87,59400.0,-23533.13,-39.62
2022-08-01,O-BOS,Boston R&D,Office,Boston,MA,Northeast,,,120,38000,Other G&A,G&A,46088.44,44550.0,1538.44,3.45
2022-09-01,O-BOS,Boston R&D,Office,Boston,MA,Northeast,,,120,38000,Salaries & Benefits,G&A,1350000.0,1350000.0,0.0,0.0
2022-09-01,O-BOS,Boston R&D,Office,Boston,MA,Northeast,,,120,38000,Facilities,G&A,252450.0,252450.0,0.0,0.0
2022-09-01,O-BOS,Boston R&D,Office,Boston,MA,Northeast,,,120,38000,IT & Systems,G&A,155449.52,148500.0,6949.52,4.68
2022-09-01,O-BOS,Boston R&D,Office,Boston,MA,Northeast,,,120,38000,Travel & Entertainment,G&A,124223.46,118800.0,5423.46,4.57
2022-09-01,O-BOS,Boston R&D,Office,Boston,MA,Northeast,,,120,38000,Professional Services,G&A,120693.32,118800.0,1893.32,1.59
2022-09-01,O-BOS,Boston R&D,Office,Boston,MA,Northeast,,,120,38000,Utilities,G&A,43302.6,59400.0,-16097.4,-27.1
2022-09-01,O-BOS,Boston R&D,Office,Boston,MA,Northeast,,,120,38000,Other G&A,G&A,45628.89,44550.0,1078.89,2.42
2022-10-01,O-BOS,Boston R&D,Office,Boston,MA,Northeast,,,120,38000,Salaries & Benefits,G&A,1350000.0,1350000.0,0.0,0.0
2022-10-01,O-BOS,Boston R&D,Office,Boston,MA,Northeast,,,120,38000,Facilities,G&A,252450.0,252450.0,0.0,0.0
2022-10-01,O-BOS,Boston R&D,Office,Boston,MA,Northeast,,,120,38000,IT & Systems,G&A,139854.38,148500.0,-8645.62,-5.82
2022-10-01,O-BOS,Boston R&D,Office,Boston,MA,Northeast,,,120,38000,Travel & Entertainment,G&A,110574.88,118800.0,-8225.12,-6.92
2022-10-01,O-BOS,Boston R&D,Office,Boston,MA,Northeast,,,120,38000,Professional Services,G&A,120981.2,118800.0,2181.2,1.84
2022-10-01,O-BOS,Boston R&D,Office,Boston,MA,Northeast,,,120,38000,Utilities,G&A,53460.0,59400.0,-5940.0,-10.0
2022-10-01,O-BOS,Boston R&D,Office,Boston,MA,Northeast,,,120,38000,Other G&A,G&A,44681.42,44550.0,131.42,0.29
2022-11-01,O-BOS,Boston R&D,Office,Boston,MA,Northeast,,,120,38000,Salaries & Benefits,G&A,1350000.0,1350000.0,0.0,0.0
2022-11-01,O-BOS,Boston R&D,Office,Boston,MA,Northeast,,,120,38000,Facilities,G&A,252450.0,252450.0,0.0,0.0
2022-11-01,O-BOS,Boston R&D,Office,Boston,MA,Northeast,,,120,38000,IT & Systems,G&A,150866.15,148500.0,2366.15,1.59
2022-11-01,O-BOS,Boston R&D,Office,Boston,MA,Northeast,,,120,38000,Travel & Entertainment,G&A,121477.71,118800.0,2677.71,2.25
2022-11-01,O-BOS,Boston R&D,Office,Boston,MA,Northeast,,,120,38000,Professional Services,G&A,116344.62,118800.0,-2455.38,-2.07
2022-11-01,O-BOS,Boston R&D,Office,Boston,MA,Northeast,,,120,38000,Utilities,G&A,63617.4,59400.0,4217.4,7.1
2022-11-01,O-BOS,Boston R&D,Office,Boston,MA,Northeast,,,120,38000,Other G&A,G&A,45210.03,44550.0,660.03,1.48
2022-12-01,O-BOS,Boston R&D,Office,Boston,MA,Northeast,,,120,38000,Salaries & Benefits,G&A,1350000.0,1350000.0,0.0,0.0
2022-12-01,O-BOS,Boston R&D,Office,Boston,MA,Northeast,,,120,38000,Facilities,G&A,252450.0,252450.0,0.0,0.0
2022-12-01,O-BOS,Boston R&D,Office,Boston,MA,Northeast,,,120,38000,IT & Systems,G&A,150840.73,148500.0,2340.73,1.58
2022-12-01,O-BOS,Boston R&D,Office,Boston,MA,Northeast,,,120,38000,Travel & Entertainment,G&A,105331.37,118800.0,-13468.63,-11.34
2022-12-01,O-BOS,Boston R&D,Office,Boston,MA,Northeast,,,120,38000,Professional Services,G&A,112345.97,118800.0,-6454.03,-5.43
2022-12-01,O-BOS,Boston R&D,Office,Boston,MA,Northeast,,,120,38000,Utilities,G&A,71053.13,59400.0,11653.13,19.62
2022-12-01,O-BOS,Boston R&D,Office,Boston,MA,Northeast,,,120,38000,Other G&A,G&A,45951.23,44550.0,1401.23,3.15
2023-01-01,O-BOS,Boston R&D,Office,Boston,MA,Northeast,,,120,38000,Salaries & Benefits,G&A,1397250.0,1397250.0,0.0,0.0
2023-01-01,O-BOS,Boston R&D,Office,Boston,MA,Northeast,,,120,38000,Facilities,G&A,261285.75,261285.75,0.0,0.0
2023-01-01,O-BOS,Boston R&D,Office,Boston,MA,Northeast,,,120,38000,IT & Systems,G&A,158155.46,153697.5,4457.96,2.9
2023-01-01,O-BOS,Boston R&D,Office,Boston,MA,Northeast,,,120,38000,Travel & Entertainment,G&A,124086.24,122958.0,1128.24,0.92
2023-01-01,O-BOS,Boston R&D,Office,Boston,MA,Northeast,,,120,38000,Professional Services,G&A,127979.93,122958.0,5021.93,4.08
2023-01-01,O-BOS,Boston R&D,Office,Boston,MA,Northeast,,,120,38000,Utilities,G&A,76356.92,61479.0,14877.92,24.2
2023-01-01,O-BOS,Boston R&D,Office,Boston,MA,Northeast,,,120,38000,Other G&A,G&A,45970.75,46109.25,-138.5,-0.3
2023-02-01,O-BOS,Boston R&D,Office,Boston,MA,Northeast,,,120,38000,Salaries & Benefits,G&A,1397250.0,1397250.0,0.0,0.0
2023-02-01,O-BOS,Boston R&D,Office,Boston,MA,Northeast,,,120,38000,Facilities,G&A,261285.75,261285.75,0.0,0.0
2023-02-01,O-BOS,Boston R&D,Office,Boston,MA,Northeast,,,120,38000,IT & Systems,G&A,160070.87,153697.5,6373.37,4.15
2023-02-01,O-BOS,Boston R&D,Office,Boston,MA,Northeast,,,120,38000,Travel & Entertainment,G&A,116814.92,122958.0,-6143.08,-5.0
2023-02-01,O-BOS,Boston R&D,Office,Boston,MA,Northeast,,,120,38000,Professional Services,G&A,126628.82,122958.0,3670.82,2.99
2023-02-01,O-BOS,Boston R&D,Office,Boston,MA,Northeast,,,120,38000,Utilities,G&A,73539.99,61479.0,12060.99,19.62
2023-02-01,O-BOS,Boston R&D,Office,Boston,MA,Northeast,,,120,38000,Other G&A,G&A,48471.31,46109.25,2362.06,5.12
2023-03-01,O-BOS,Boston R&D,Office,Boston,MA,Northeast,,,120,38000,Salaries & Benefits,G&A,1397250.0,1397250.0,0.0,0.0
2023-03-01,O-BOS,Boston R&D,Office,Boston,MA,Northeast,,,120,38000,Facilities,G&A,261285.75,261285.75,0.0,0.0
2023-03-01,O-BOS,Boston R&D,Office,Boston,MA,Northeast,,,120,38000,IT & Systems,G&A,157782.01,153697.5,4084.51,2.66
2023-03-01,O-BOS,Boston R&D,Office,Boston,MA,Northeast,,,120,38000,Travel & Entertainment,G&A,117639.9,122958.0,-5318.1,-4.33
2023-03-01,O-BOS,Boston R&D,Office,Boston,MA,Northeast,,,120,38000,Professional Services,G&A,126012.06,122958.0,3054.06,2.48
2023-03-01,O-BOS,Boston R&D,Office,Boston,MA,Northeast,,,120,38000,Utilities,G&A,65844.01,61479.0,4365.01,7.1
2023-03-01,O-BOS,Boston R&D,Office,Boston,MA,Northeast,,,120,38000,Other G&A,G&A,49464.41,46109.25,3355.16,7.28
2023-04-01,O-BOS,Boston R&D,Office,Boston,MA,Northeast,,,120,38000,Salaries & Benefits,G&A,1397250.0,1397250.0,0.0,0.0
2023-04-01,O-BOS,Boston R&D,Office,Boston,MA,Northeast,,,120,38000,Facilities,G&A,261285.75,261285.75,0.0,0.0
2023-04-01,O-BOS,Boston R&D,Office,Boston,MA,Northeast,,,120,38000,IT & Systems,G&A,158231.82,153697.5,4534.32,2.95
2023-04-01,O-BOS,Boston R&D,Office,Boston,MA,Northeast,,,120,38000,Travel & Entertainment,G&A,113597.74,122958.0,-9360.26,-7.61
2023-04-01,O-BOS,Boston R&D,Office,Boston,MA,Northeast,,,120,38000,Professional Services,G&A,125864.54,122958.0,2906.54,2.36
2023-04-01,O-BOS,Boston R&D,Office,Boston,MA,Northeast,,,120,38000,Utilities,G&A,55331.1,61479.0,-6147.9,-10.0
2023-04-01,O-BOS,Boston R&D,Office,Boston,MA,Northeast,,,120,38000,Other G&A,G&A,44521.89,46109.25,-1587.36,-3.44
2023-05-01,O-BOS,Boston R&D,Office,Boston,MA,Northeast,,,120,38000,Salaries & Benefits,G&A,1397250.0,1397250.0,0.0,0.0
2023-05-01,O-BOS,Boston R&D,Office,Boston,MA,Northeast,,,120,38000,Facilities,G&A,261285.75,261285.75,0.0,0.0
2023-05-01,O-BOS,Boston R&D,Office,Boston,MA,Northeast,,,120,38000,IT & Systems,G&A,155272.78,153697.5,1575.28,1.02
2023-05-01,O-BOS,Boston R&D,Office,Boston,MA,Northeast,,,120,38000,Travel & Entertainment,G&A,116616.36,122958.0,-6341.64,-5.16
2023-05-01,O-BOS,Boston R&D,Office,Boston,MA,Northeast,,,120,38000,Professional Services,G&A,122133.76,122958.0,-824.24,-0.67
2023-05-01,O-BOS,Boston R&D,Office,Boston,MA,Northeast,,,120,38000,Utilities,G&A,44818.19,61479.0,-16660.81,-27.1
2023-05-01,O-BOS,Boston R&D,Office,Boston,MA,Northeast,,,120,38000,Other G&A,G&A,49354.38,46109.25,3245.13,7.04
2023-06-01,O-BOS,Boston R&D,Office,Boston,MA,Northeast,,,120,38000,Salaries & Benefits,G&A,1397250.0,1397250.0,0.0,0.0
2023-06-01,O-BOS,Boston R&D,Office,Boston,MA,Northeast,,,120,38000,Facilities,G&A,261285.75,261285.75,0.0,0.0
2023-06-01,O-BOS,Boston R&D,Office,Boston,MA,Northeast,,,120,38000,IT & Systems,G&A,162933.75,153697.5,9236.25,6.01
2023-06-01,O-BOS,Boston R&D,Office,Boston,MA,Northeast,,,120,38000,Travel & Entertainment,G&A,113031.34,122958.0,-9926.66,-8.07
2023-06-01,O-BOS,Boston R&D,Office,Boston,MA,Northeast,,,120,38000,Professional Services,G&A,126932.71,122958.0,3974.71,3.23
2023-06-01,O-BOS,Boston R&D,Office,Boston,MA,Northeast,,,120,38000,Utilities,G&A,37122.21,61479.0,-24356.79,-39.62
2023-06-01,O-BOS,Boston R&D,Office,Boston,MA,Northeast,,,120,38000,Other G&A,G&A,47632.43,46109.25,1523.18,3.3
2023-07-01,O-BOS,Boston R&D,Office,Boston,MA,Northeast,,,120,38000,Salaries & Benefits,G&A,1397250.0,1397250.0,0.0,0.0
2023-07-01,O-BOS,Boston R&D,Office,Boston,MA,Northeast,,,120,38000,Facilities,G&A,261285.75,261285.75,0.0,0.0
2023-07-01,O-BOS,Boston R&D,Office,Boston,MA,Northeast,,,120,38000,IT & Systems,G&A,147953.41,153697.5,-5744.09,-3.74
2023-07-01,O-BOS,Boston R&D,Office,Boston,MA,Northeast,,,120,38000,Travel & Entertainment,G&A,116081.07,122958.0,-6876.93,-5.59
2023-07-01,O-BOS,Boston R&D,Office,Boston,MA,Northeast,,,120,38000,Professional Services,G&A,115888.32,122958.0,-7069.68,-5.75
2023-07-01,O-BOS,Boston R&D,Office,Boston,MA,Northeast,,,120,38000,Utilities,G&A,34305.28,61479.0,-27173.72,-44.2
2023-07-01,O-BOS,Boston R&D,Office,Boston,MA,Northeast,,,120,38000,Other G&A,G&A,49464.32,46109.25,3355.07,7.28
2023-08-01,O-BOS,Boston R&D,Office,Boston,MA,Northeast,,,120,38000,Salaries & Benefits,G&A,1397250.0,1397250.0,0.0,0.0
2023-08-01,O-BOS,Boston R&D,Office,Boston,MA,Northeast,,,120,38000,Facilities,G&A,261285.75,261285.75,0.0,0.0
2023-08-01,O-BOS,Boston R&D,Office,Boston,MA,Northeast,,,120,38000,IT & Systems,G&A,144391.75,153697.5,-9305.75,-6.05
2023-08-01,O-BOS,Boston R&D,Office,Boston,MA,Northeast,,,120,38000,Travel & Entertainment,G&A,123340.03,122958.0,382.03,0.31
2023-08-01,O-BOS,Boston R&D,Office,Boston,MA,Northeast,,,120,38000,Professional Services,G&A,128146.49,122958.0,5188.49,4.22
2023-08-01,O-BOS,Boston R&D,Office,Boston,MA,Northeast,,,120,38000,Utilities,G&A,37122.21,61479.0,-24356.79,-39.62
2023-08-01,O-BOS,Boston R&D,Office,Boston,MA,Northeast,,,120,38000,Other G&A,G&A,46719.2,46109.25,609.95,1.32
2023-09-01,O-BOS,Boston R&D,Office,Boston,MA,Northeast,,,120,38000,Salaries & Benefits,G&A,1397250.0,1397250.0,0.0,0.0
2023-09-01,O-BOS,Boston R&D,Office,Boston,MA,Northeast,,,120,38000,Facilities,G&A,261285.75,261285.75,0.0,0.0
2023-09-01,O-BOS,Boston R&D,Office,Boston,MA,Northeast,,,120,38000,IT & Systems,G&A,149236.64,153697.5,-4460.86,-2.9
2023-09-01,O-BOS,Boston R&D,Office,Boston,MA,Northeast,,,120,38000,Travel & Entertainment,G&A,116078.34,122958.0,-6879.66,-5.6
2023-09-01,O-BOS,Boston R&D,Office,Boston,MA,Northeast,,,120,38000,Professional Services,G&A,124338.83,122958.0,1380.83,1.12
2023-09-01,O-BOS,Boston R&D,Office,Boston,MA,Northeast,,,120,38000,Utilities,G&A,44818.19,61479.0,-16660.81,-27.1
2023-09-01,O-BOS,Boston R&D,Office,Boston,MA,Northeast,,,120,38000,Other G&A,G&A,45114.11,46109.25,-995.14,-2.16
2023-10-01,O-BOS,Boston R&D,Office,Boston,MA,Northeast,,,120,38000,Salaries & Benefits,G&A,1397250.0,1397250.0,0.0,0.0
2023-10-01,O-BOS,Boston R&D,Office,Boston,MA,Northeast,,,120,38000,Facilities,G&A,261285.75,261285.75,0.0,0.0
2023-10-01,O-BOS,Boston R&D,Office,Boston,MA,Northeast,,,120,38000,IT & Systems,G&A,165616.05,153697.5,11918.55,7.75
2023-10-01,O-BOS,Boston R&D,Office,Boston,MA,Northeast,,,120,38000,Travel & Entertainment,G&A,118229.06,122958.0,-4728.94,-3.85
2023-10-01,O-BOS,Boston R&D,Office,Boston,MA,Northeast,,,120,38000,Professional Services,G&A,139952.25,122958.0,16994.25,13.82
2023-10-01,O-BOS,Boston R&D,Office,Boston,MA,Northeast,,,120,38000,Utilities,G&A,55331.1,61479.0,-6147.9,-10.0
2023-10-01,O-BOS,Boston R&D,Office,Boston,MA,Northeast,,,120,38000,Other G&A,G&A,46608.43,46109.25,499.18,1.08
2023-11-01,O-BOS,Boston R&D,Office,Boston,MA,Northeast,,,120,38000,Salaries & Benefits,G&A,1397250.0,1397250.0,0.0,0.0
2023-11-01,O-BOS,Boston R&D,Office,Boston,MA,Northeast,,,120,38000,Facilities,G&A,261285.75,261285.75,0.0,0.0
2023-11-01,O-BOS,Boston R&D,Office,Boston,MA,Northeast,,,120,38000,IT & Systems,G&A,149971.37,153697.5,-3726.13,-2.42
2023-11-01,O-BOS,Boston R&D,Office,Boston,MA,Northeast,,,120,38000,Travel & Entertainment,G&A,135626.02,122958.0,12668.02,10.3
2023-11-01,O-BOS,Boston R&D,Office,Boston,MA,Northeast,,,120,38000,Professional Services,G&A,128287.11,122958.0,5329.11,4.33
2023-11-01,O-BOS,Boston R&D,Office,Boston,MA,Northeast,,,120,38000,Utilities,G&A,65844.01,61479.0,4365.01,7.1
2023-11-01,O-BOS,Boston R&D,Office,Boston,MA,Northeast,,,120,38000,Other G&A,G&A,47710.39,46109.25,1601.14,3.47
2023-12-01,O-BOS,Boston R&D,Office,Boston,MA,Northeast,,,120,38000,Salaries & Benefits,G&A,1397250.0,1397250.0,0.0,0.0
2023-12-01,O-BOS,Boston R&D,Office,Boston,MA,Northeast,,,120,38000,Facilities,G&A,261285.75,261285.75,0.0,0.0
2023-12-01,O-BOS,Boston R&D,Office,Boston,MA,Northeast,,,120,38000,IT & Systems,G&A,158116.76,153697.5,4419.26,2.88
2023-12-01,O-BOS,Boston R&D,Office,Boston,MA,Northeast,,,120,38000,Travel & Entertainment,G&A,119058.63,122958.0,-3899.37,-3.17
2023-12-01,O-BOS,Boston R&D,Office,Boston,MA,Northeast,,,120,38000,Professional Services,G&A,126602.76,122958.0,3644.76,2.96
2023-12-01,O-BOS,Boston R&D,Office,Boston,MA,Northeast,,,120,38000,Utilities,G&A,73539.99,61479.0,12060.99,19.62
2023-12-01,O-BOS,Boston R&D,Office,Boston,MA,Northeast,,,120,38000,Other G&A,G&A,44498.88,46109.25,-1610.37,-3.49
2024-01-01,O-BOS,Boston R&D,Office,Boston,MA,Northeast,,,120,38000,Salaries & Benefits,G&A,1446153.75,1446153.75,0.0,0.0
2024-01-01,O-BOS,Boston R&D,Office,Boston,MA,Northeast,,,120,38000,Facilities,G&A,270430.75,270430.75,0.0,0.0
2024-01-01,O-BOS,Boston R&D,Office,Boston,MA,Northeast,,,120,38000,IT & Systems,G&A,156279.0,159076.91,-2797.91,-1.76
2024-01-01,O-BOS,Boston R&D,Office,Boston,MA,Northeast,,,120,38000,Travel & Entertainment,G&A,130631.97,127261.53,3370.44,2.65
2024-01-01,O-BOS,Boston R&D,Office,Boston,MA,Northeast,,,120,38000,Professional Services,G&A,118127.98,127261.53,-9133.55,-7.18
2024-01-01,O-BOS,Boston R&D,Office,Boston,MA,Northeast,,,120,38000,Utilities,G&A,79029.41,63630.76,15398.65,24.2
2024-01-01,O-BOS,Boston R&D,Office,Boston,MA,Northeast,,,120,38000,Other G&A,G&A,48837.53,47723.07,1114.46,2.34
2024-02-01,O-BOS,Boston R&D,Office,Boston,MA,Northeast,,,120,38000,Salaries & Benefits,G&A,1446153.75,1446153.75,0.0,0.0
2024-02-01,O-BOS,Boston R&D,Office,Boston,MA,Northeast,,,120,38000,Facilities,G&A,270430.75,270430.75,0.0,0.0
2024-02-01,O-BOS,Boston R&D,Office,Boston,MA,Northeast,,,120,38000,IT & Systems,G&A,163289.38,159076.91,4212.47,2.65
2024-02-01,O-BOS,Boston R&D,Office,Boston,MA,Northeast,,,120,38000,Travel & Entertainment,G&A,124799.87,127261.53,-2461.66,-1.93
2024-02-01,O-BOS,Boston R&D,Office,Boston,MA,Northeast,,,120,38000,Professional Services,G&A,137007.63,127261.53,9746.1,7.66
2024-02-01,O-BOS,Boston R&D,Office,Boston,MA,Northeast,,,120,38000,Utilities,G&A,76113.89,63630.76,12483.13,19.62
2024-02-01,O-BOS,Boston R&D,Office,Boston,MA,Northeast,,,120,38000,Other G&A,G&A,45810.32,47723.07,-1912.75,-4.01
2024-03-01,O-BOS,Boston R&D,Office,Boston,MA,Northeast,,,120,38000,Salaries & Benefits,G&A,1446153.75,1446153.75,0.0,0.0
2024-03-01,O-BOS,Boston R&D,Office,Boston,MA,Northeast,,,120,38000,Facilities,G&A,270430.75,270430.75,0.0,0.0
2024-03-01,O-BOS,Boston R&D,Office,Boston,MA,Northeast,,,120,38000,IT & Systems,G&A,154832.79,159076.91,-4244.12,-2.67
2024-03-01,O-BOS,Boston R&D,Office,Boston,MA,Northeast,,,120,38000,Travel & Entertainment,G&A,132677.22,127261.53,5415.69,4.26
2024-03-01,O-BOS,Boston R&D,Office,Boston,MA,Northeast,,,120,38000,Professional Services,G&A,131266.72,127261.53,4005.19,3.15
2024-03-01,O-BOS,Boston R&D,Office,Boston,MA,Northeast,,,120,38000,Utilities,G&A,68148.55,63630.76,4517.79,7.1
2024-03-01,O-BOS,Boston R&D,Office,Boston,MA,Northeast,,,120,38000,Other G&A,G&A,44779.31,47723.07,-2943.76,-6.17
2024-04-01,O-BOS,Boston R&D,Office,Boston,MA,Northeast,,,120,38000,Salaries & Benefits,G&A,1446153.75,1446153.75,0.0,0.0
2024-04-01,O-BOS,Boston R&D,Office,Boston,MA,Northeast,,,120,38000,Facilities,G&A,270430.75,270430.75,0.0,0.0
2024-04-01,O-BOS,Boston R&D,Office,Boston,MA,Northeast,,,120,38000,IT & Systems,G&A,155759.57,159076.91,-3317.34,-2.09
2024-04-01,O-BOS,Boston R&D,Office,Boston,MA,Northeast,,,120,38000,Travel & Entertainment,G&A,130848.39,127261.53,3586.86,2.82
2024-04-01,O-BOS,Boston R&D,Office,Boston,MA,Northeast,,,120,38000,Professional Services,G&A,124791.33,127261.53,-2470.2,-1.94
2024-04-01,O-BOS,Boston R&D,Office,Boston,MA,Northeast,,,120,38000,Utilities,G&A,57267.69,63630.76,-6363.07,-10.0
2024-04-01,O-BOS,Boston R&D,Office,Boston,MA,Northeast,,,120,38000,Other G&A,G&A,48783.37,47723.07,1060.3,2.22
2024-05-01,O-BOS,Boston R&D,Office,Boston,MA,Northeast,,,120,38000,Salaries & Benefits,G&A,1446153.75,1446153.75,0.0,0.0
2024-05-01,O-BOS,Boston R&D,Office,Boston,MA,Northeast,,,120,38000,Facilities,G&A,270430.75,270430.75,0.0,0.0
2024-05-01,O-BOS,Boston R&D,Office,Boston,MA,Northeast,,,120,38000,IT & Systems,G&A,157328.61,159076.91,-1748.3,-1.1
2024-05-01,O-BOS,Boston R&D,Office,Boston,MA,Northeast,,,120,38000,Travel & Entertainment,G&A,127988.82,127261.53,727.29,0.57
2024-05-01,O-BOS,Boston R&D,Office,Boston,MA,Northeast,,,120,38000,Professional Services,G&A,122996.25,127261.53,-4265.28,-3.35
2024-05-01,O-BOS,Boston R&D,Office,Boston,MA,Northeast,,,120,38000,Utilities,G&A,46386.83,63630.76,-17243.93,-27.1
2024-05-01,O-BOS,Boston R&D,Office,Boston,MA,Northeast,,,120,38000,Other G&A,G&A,45693.71,47723.07,-2029.36,-4.25
2024-06-01,O-BOS,Boston R&D,Office,Boston,MA,Northeast,,,120,38000,Salaries & Benefits,G&A,1446153.75,1446153.75,0.0,0.0
2024-06-01,O-BOS,Boston R&D,Office,Boston,MA,Northeast,,,120,38000,Facilities,G&A,270430.75,270430.75,0.0,0.0
2024-06-01,O-BOS,Boston R&D,Office,Boston,MA,Northeast,,,120,38000,IT & Systems,G&A,173817.5,159076.91,14740.59,9.27
2024-06-01,O-BOS,Boston R&D,Office,Boston,MA,Northeast,,,120,38000,Travel & Entertainment,G&A,118480.21,127261.53,-8781.32,-6.9
2024-06-01,O-BOS,Boston R&D,Office,Boston,MA,Northeast,,,120,38000,Professional Services,G&A,120034.61,127261.53,-7226.92,-5.68
2024-06-01,O-BOS,Boston R&D,Office,Boston,MA,Northeast,,,120,38000,Utilities,G&A,38421.48,63630.76,-25209.28,-39.62
2024-06-01,O-BOS,Boston R&D,Office,Boston,MA,Northeast,,,120,38000,Other G&A,G&A,47420.26,47723.07,-302.81,-0.63
2024-07-01,O-BOS,Boston R&D,Office,Boston,MA,Northeast,,,120,38000,Salaries & Benefits,G&A,1446153.75,1446153.75,0.0,0.0
2024-07-01,O-BOS,Boston R&D,Office,Boston,MA,Northeast,,,120,38000,Facilities,G&A,270430.75,270430.75,0.0,0.0
2024-07-01,O-BOS,Boston R&D,Office,Boston,MA,Northeast,,,120,38000,IT & Systems,G&A,156036.66,159076.91,-3040.25,-1.91
2024-07-01,O-BOS,Boston R&D,Office,Boston,MA,Northeast,,,120,38000,Travel & Entertainment,G&A,121691.29,127261.53,-5570.24,-4.38
2024-07-01,O-BOS,Boston R&D,Office,Boston,MA,Northeast,,,120,38000,Professional Services,G&A,123249.71,127261.53,-4011.82,-3.15
2024-07-01,O-BOS,Boston R&D,Office,Boston,MA,Northeast,,,120,38000,Utilities,G&A,35505.97,63630.76,-28124.79,-44.2
2024-07-01,O-BOS,Boston R&D,Office,Boston,MA,Northeast,,,120,38000,Other G&A,G&A,48219.49,47723.07,496.42,1.04
2024-08-01,O-BOS,Boston R&D,Office,Boston,MA,Northeast,,,120,38000,Salaries & Benefits,G&A,1446153.75,1446153.75,0.0,0.0
2024-08-01,O-BOS,Boston R&D,Office,Boston,MA,Northeast,,,120,38000,Facilities,G&A,270430.75,270430.75,0.0,0.0
2024-08-01,O-BOS,Boston R&D,Office,Boston,MA,Northeast,,,120,38000,IT & Systems,G&A,150630.65,159076.91,-8446.26,-5.31
2024-08-01,O-BOS,Boston R&D,Office,Boston,MA,Northeast,,,120,38000,Travel & Entertainment,G&A,126730.68,127261.53,-530.85,-0.42
2024-08-01,O-BOS,Boston R&D,Office,Boston,MA,Northeast,,,120,38000,Professional Services,G&A,119913.1,127261.53,-7348.43,-5.77
2024-08-01,O-BOS,Boston R&D,Office,Boston,MA,Northeast,,,120,38000,Utilities,G&A,38421.48,63630.76,-25209.28,-39.62
2024-08-01,O-BOS,Boston R&D,Office,Boston,MA,Northeast,,,120,38000,Other G&A,G&A,45359.93,47723.07,-2363.14,-4.95
2024-09-01,O-BOS,Boston R&D,Office,Boston,MA,Northeast,,,120,38000,Salaries & Benefits,G&A,1446153.75,1446153.75,0.0,0.0
2024-09-01,O-BOS,Boston R&D,Office,Boston,MA,Northeast,,,120,38000,Facilities,G&A,270430.75,270430.75,0.0,0.0
2024-09-01,O-BOS,Boston R&D,Office,Boston,MA,Northeast,,,120,38000,IT & Systems,G&A,158919.82,159076.91,-157.09,-0.1
2024-09-01,O-BOS,Boston R&D,Office,Boston,MA,Northeast,,,120,38000,Travel & Entertainment,G&A,136723.31,127261.53,9461.78,7.43
2024-09-01,O-BOS,Boston R&D,Office,Boston,MA,Northeast,,,120,38000,Professional Services,G&A,131241.95,127261.53,3980.42,3.13
2024-09-01,O-BOS,Boston R&D,Office,Boston,MA,Northeast,,,120,38000,Utilities,G&A,46386.83,63630.76,-17243.93,-27.1
2024-09-01,O-BOS,Boston R&D,Office,Boston,MA,Northeast,,,120,38000,Other G&A,G&A,45823.88,47723.07,-1899.19,-3.98
2024-10-01,O-BOS,Boston R&D,Office,Boston,MA,Northeast,,,120,38000,Salaries & Benefits,G&A,1446153.75,1446153.75,0.0,0.0
2024-10-01,O-BOS,Boston R&D,Office,Boston,MA,Northeast,,,120,38000,Facilities,G&A,270430.75,270430.75,0.0,0.0
2024-10-01,O-BOS,Boston R&D,Office,Boston,MA,Northeast,,,120,38000,IT & Systems,G&A,158291.57,159076.91,-785.34,-0.49
2024-10-01,O-BOS,Boston R&D,Office,Boston,MA,Northeast,,,120,38000,Travel & Entertainment,G&A,123635.2,127261.53,-3626.33,-2.85
2024-10-01,O-BOS,Boston R&D,Office,Boston,MA,Northeast,,,120,38000,Professional Services,G&A,130102.33,127261.53,2840.8,2.23
2024-10-01,O-BOS,Boston R&D,Office,Boston,MA,Northeast,,,120,38000,Utilities,G&A,57267.69,63630.76,-6363.07,-10.0
2024-10-01,O-BOS,Boston R&D,Office,Boston,MA,Northeast,,,120,38000,Other G&A,G&A,47862.43,47723.07,139.36,0.29
2024-11-01,O-BOS,Boston R&D,Office,Boston,MA,Northeast,,,120,38000,Salaries & Benefits,G&A,1446153.75,1446153.75,0.0,0.0
2024-11-01,O-BOS,Boston R&D,Office,Boston,MA,Northeast,,,120,38000,Facilities,G&A,270430.75,270430.75,0.0,0.0
2024-11-01,O-BOS,Boston R&D,Office,Boston,MA,Northeast,,,120,38000,IT & Systems,G&A,165827.83,159076.91,6750.92,4.24
2024-11-01,O-BOS,Boston R&D,Office,Boston,MA,Northeast,,,120,38000,Travel & Entertainment,G&A,120313.7,127261.53,-6947.83,-5.46
2024-11-01,O-BOS,Boston R&D,Office,Boston,MA,Northeast,,,120,38000,Professional Services,G&A,143241.23,127261.53,15979.7,12.56
2024-11-01,O-BOS,Boston R&D,Office,Boston,MA,Northeast,,,120,38000,Utilities,G&A,68148.55,63630.76,4517.79,7.1
2024-11-01,O-BOS,Boston R&D,Office,Boston,MA,Northeast,,,120,38000,Other G&A,G&A,49944.55,47723.07,2221.48,4.65
2024-12-01,O-BOS,Boston R&D,Office,Boston,MA,Northeast,,,120,38000,Salaries & Benefits,G&A,1446153.75,1446153.75,0.0,0.0
2024-12-01,O-BOS,Boston R&D,Office,Boston,MA,Northeast,,,120,38000,Facilities,G&A,270430.75,270430.75,0.0,0.0
2024-12-01,O-BOS,Boston R&D,Office,Boston,MA,Northeast,,,120,38000,IT & Systems,G&A,145266.34,159076.91,-13810.57,-8.68
2024-12-01,O-BOS,Boston R&D,Office,Boston,MA,Northeast,,,120,38000,Travel & Entertainment,G&A,130068.26,127261.53,2806.73,2.21
2024-12-01,O-BOS,Boston R&D,Office,Boston,MA,Northeast,,,120,38000,Professional Services,G&A,117619.12,127261.53,-9642.41,-7.58
2024-12-01,O-BOS,Boston R&D,Office,Boston,MA,Northeast,,,120,38000,Utilities,G&A,76113.89,63630.76,12483.13,19.62
2024-12-01,O-BOS,Boston R&D,Office,Boston,MA,Northeast,,,120,38000,Other G&A,G&A,53832.41,47723.07,6109.34,12.8
2022-01-01,O-CLT,Charlotte Sales,Office,Charlotte,NC,South,,,55,16000,Salaries & Benefits,G&A,540833.33,540833.33,0.0,0.0
2022-01-01,O-CLT,Charlotte Sales,Office,Charlotte,NC,South,,,55,16000,Facilities,G&A,101135.83,101135.83,0.0,0.0
2022-01-01,O-CLT,Charlotte Sales,Office,Charlotte,NC,South,,,55,16000,IT & Systems,G&A,58392.92,59491.67,-1098.75,-1.85
2022-01-01,O-CLT,Charlotte Sales,Office,Charlotte,NC,South,,,55,16000,Travel & Entertainment,G&A,46252.86,47593.33,-1340.47,-2.82
2022-01-01,O-CLT,Charlotte Sales,Office,Charlotte,NC,South,,,55,16000,Professional Services,G&A,52397.27,47593.33,4803.94,10.09
2022-01-01,O-CLT,Charlotte Sales,Office,Charlotte,NC,South,,,55,16000,Utilities,G&A,29555.46,23796.67,5758.79,24.2
2022-01-01,O-CLT,Charlotte Sales,Office,Charlotte,NC,South,,,55,16000,Other G&A,G&A,17917.48,17847.5,69.98,0.39
2022-02-01,O-CLT,Charlotte Sales,Office,Charlotte,NC,South,,,55,16000,Salaries & Benefits,G&A,540833.33,540833.33,0.0,0.0
2022-02-01,O-CLT,Charlotte Sales,Office,Charlotte,NC,South,,,55,16000,Facilities,G&A,101135.83,101135.83,0.0,0.0
2022-02-01,O-CLT,Charlotte Sales,Office,Charlotte,NC,South,,,55,16000,IT & Systems,G&A,58100.71,59491.67,-1390.96,-2.34
2022-02-01,O-CLT,Charlotte Sales,Office,Charlotte,NC,South,,,55,16000,Travel & Entertainment,G&A,48998.18,47593.33,1404.85,2.95
2022-02-01,O-CLT,Charlotte Sales,Office,Charlotte,NC,South,,,55,16000,Professional Services,G&A,50224.04,47593.33,2630.71,5.53
2022-02-01,O-CLT,Charlotte Sales,Office,Charlotte,NC,South,,,55,16000,Utilities,G&A,28465.11,23796.67,4668.44,19.62
2022-02-01,O-CLT,Charlotte Sales,Office,Charlotte,NC,South,,,55,16000,Other G&A,G&A,18005.97,17847.5,158.47,0.89
2022-03-01,O-CLT,Charlotte Sales,Office,Charlotte,NC,South,,,55,16000,Salaries & Benefits,G&A,540833.33,540833.33,0.0,0.0
2022-03-01,O-CLT,Charlotte Sales,Office,Charlotte,NC,South,,,55,16000,Facilities,G&A,101135.83,101135.83,0.0,0.0
2022-03-01,O-CLT,Charlotte Sales,Office,Charlotte,NC,South,,,55,16000,IT & Systems,G&A,57882.1,59491.67,-1609.57,-2.71
2022-03-01,O-CLT,Charlotte Sales,Office,Charlotte,NC,South,,,55,16000,Travel & Entertainment,G&A,50374.78,47593.33,2781.45,5.84
2022-03-01,O-CLT,Charlotte Sales,Office,Charlotte,NC,South,,,55,16000,Professional Services,G&A,45575.24,47593.33,-2018.09,-4.24
2022-03-01,O-CLT,Charlotte Sales,Office,Charlotte,NC,South,,,55,16000,Utilities,G&A,25486.23,23796.67,1689.56,7.1
2022-03-01,O-CLT,Charlotte Sales,Office,Charlotte,NC,South,,,55,16000,Other G&A,G&A,16920.5,17847.5,-927.0,-5.19
2022-04-01,O-CLT,Charlotte Sales,Office,Charlotte,NC,South,,,55,16000,Salaries & Benefits,G&A,540833.33,540833.33,0.0,0.0
2022-04-01,O-CLT,Charlotte Sales,Office,Charlotte,NC,South,,,55,16000,Facilities,G&A,101135.83,101135.83,0.0,0.0
2022-04-01,O-CLT,Charlotte Sales,Office,Charlotte,NC,South,,,55,16000,IT & Systems,G&A,61187.51,59491.67,1695.84,2.85
2022-04-01,O-CLT,Charlotte Sales,Office,Charlotte,NC,South,,,55,16000,Travel & Entertainment,G&A,47472.35,47593.33,-120.98,-0.25
2022-04-01,O-CLT,Charlotte Sales,Office,Charlotte,NC,South,,,55,16000,Professional Services,G&A,48976.06,47593.33,1382.73,2.91
2022-04-01,O-CLT,Charlotte Sales,Office,Charlotte,NC,South,,,55,16000,Utilities,G&A,21417.0,23796.67,-2379.67,-10.0
2022-04-01,O-CLT,Charlotte Sales,Office,Charlotte,NC,South,,,55,16000,Other G&A,G&A,18230.31,17847.5,382.81,2.14
2022-05-01,O-CLT,Charlotte Sales,Office,Charlotte,NC,South,,,55,16000,Salaries & Benefits,G&A,540833.33,540833.33,0.0,0.0
2022-05-01,O-CLT,Charlotte Sales,Office,Charlotte,NC,South,,,55,16000,Facilities,G&A,101135.83,101135.83,0.0,0.0
2022-05-01,O-CLT,Charlotte Sales,Office,Charlotte,NC,South,,,55,16000,IT & Systems,G&A,61096.24,59491.67,1604.57,2.7
2022-05-01,O-CLT,Charlotte Sales,Office,Charlotte,NC,South,,,55,16000,Travel & Entertainment,G&A,40996.43,47593.33,-6596.9,-13.86
2022-05-01,O-CLT,Charlotte Sales,Office,Charlotte,NC,South,,,55,16000,Professional Services,G&A,47438.17,47593.33,-155.16,-0.33
2022-05-01,O-CLT,Charlotte Sales,Office,Charlotte,NC,South,,,55,16000,Utilities,G&A,17347.77,23796.67,-6448.9,-27.1
2022-05-01,O-CLT,Charlotte Sales,Office,Charlotte,NC,South,,,55,16000,Other G&A,G&A,17761.54,17847.5,-85.96,-0.48
2022-06-01,O-CLT,Charlotte Sales,Office,Charlotte,NC,South,,,55,16000,Salaries & Benefits,G&A,540833.33,540833.33,0.0,0.0
2022-06-01,O-CLT,Charlotte Sales,Office,Charlotte,NC,South,,,55,16000,Facilities,G&A,101135.83,101135.83,0.0,0.0
2022-06-01,O-CLT,Charlotte Sales,Office,Charlotte,NC,South,,,55,16000,IT & Systems,G&A,60624.9,59491.67,1133.23,1.9
2022-06-01,O-CLT,Charlotte Sales,Office,Charlotte,NC,South,,,55,16000,Travel & Entertainment,G&A,47991.67,47593.33,398.34,0.84
2022-06-01,O-CLT,Charlotte Sales,Office,Charlotte,NC,South,,,55,16000,Professional Services,G&A,47547.96,47593.33,-45.37,-0.1
2022-06-01,O-CLT,Charlotte Sales,Office,Charlotte,NC,South,,,55,16000,Utilities,G&A,14368.89,23796.67,-9427.78,-39.62
2022-06-01,O-CLT,Charlotte Sales,Office,Charlotte,NC,South,,,55,16000,Other G&A,G&A,18416.13,17847.5,568.63,3.19
2022-07-01,O-CLT,Charlotte Sales,Office,Charlotte,NC,South,,,55,16000,Salaries & Benefits,G&A,540833.33,540833.33,0.0,0.0
2022-07-01,O-CLT,Charlotte Sales,Office,Charlotte,NC,South,,,55,16000,Facilities,G&A,101135.83,101135.83,0.0,0.0
2022-07-01,O-CLT,Charlotte Sales,Office,Charlotte,NC,South,,,55,16000,IT & Systems,G&A,54597.7,59491.67,-4893.97,-8.23
2022-07-01,O-CLT,Charlotte Sales,Office,Charlotte,NC,South,,,55,16000,Travel & Entertainment,G&A,48013.79,47593.33,420.46,0.88
2022-07-01,O-CLT,Charlotte Sales,Office,Charlotte,NC,South,,,55,16000,Professional Services,G&A,48718.22,47593.33,1124.89,2.36
2022-07-01,O-CLT,Charlotte Sales,Office,Charlotte,NC,South,,,55,16000,Utilities,G&A,13278.54,23796.67,-10518.13,-44.2
2022-07-01,O-CLT,Charlotte Sales,Office,Charlotte,NC,South,,,55,16000,Other G&A,G&A,15687.03,17847.5,-2160.47,-12.11
2022-08-01,O-CLT,Charlotte Sales,Office,Charlotte,NC,South,,,55,16000,Salaries & Benefits,G&A,540833.33,540833.33,0.0,0.0
2022-08-01,O-CLT,Charlotte Sales,Office,Charlotte,NC,South,,,55,16000,Facilities,G&A,101135.83,101135.83,0.0,0.0
2022-08-01,O-CLT,Charlotte Sales,Office,Charlotte,NC,South,,,55,16000,IT & Systems,G&A,61115.57,59491.67,1623.9,2.73
2022-08-01,O-CLT,Charlotte Sales,Office,Charlotte,NC,South,,,55,16000,Travel & Entertainment,G&A,48246.19,47593.33,652.86,1.37
2022-08-01,O-CLT,Charlotte Sales,Office,Charlotte,NC,South,,,55,16000,Professional Services,G&A,46213.62,47593.33,-1379.71,-2.9
2022-08-01,O-CLT,Charlotte Sales,Office,Charlotte,NC,South,,,55,16000,Utilities,G&A,14368.89,23796.67,-9427.78,-39.62
2022-08-01,O-CLT,Charlotte Sales,Office,Charlotte,NC,South,,,55,16000,Other G&A,G&A,17051.05,17847.5,-796.45,-4.46
2022-09-01,O-CLT,Charlotte Sales,Office,Charlotte,NC,South,,,55,16000,Salaries & Benefits,G&A,540833.33,540833.33,0.0,0.0
2022-09-01,O-CLT,Charlotte Sales,Office,Charlotte,NC,South,,,55,16000,Facilities,G&A,101135.83,101135.83,0.0,0.0
2022-09-01,O-CLT,Charlotte Sales,Office,Charlotte,NC,South,,,55,16000,IT & Systems,G&A,57072.16,59491.67,-2419.51,-4.07
2022-09-01,O-CLT,Charlotte Sales,Office,Charlotte,NC,South,,,55,16000,Travel & Entertainment,G&A,49433.18,47593.33,1839.85,3.87
2022-09-01,O-CLT,Charlotte Sales,Office,Charlotte,NC,South,,,55,16000,Professional Services,G&A,51504.78,47593.33,3911.45,8.22
2022-09-01,O-CLT,Charlotte Sales,Office,Charlotte,NC,South,,,55,16000,Utilities,G&A,17347.77,23796.67,-6448.9,-27.1
2022-09-01,O-CLT,Charlotte Sales,Office,Charlotte,NC,South,,,55,16000,Other G&A,G&A,18568.53,17847.5,721.03,4.04
2022-10-01,O-CLT,Charlotte Sales,Office,Charlotte,NC,South,,,55,16000,Salaries & Benefits,G&A,540833.33,540833.33,0.0,0.0
2022-10-01,O-CLT,Charlotte Sales,Office,Charlotte,NC,South,,,55,16000,Facilities,G&A,101135.83,101135.83,0.0,0.0
2022-10-01,O-CLT,Charlotte Sales,Office,Charlotte,NC,South,,,55,16000,IT & Systems,G&A,60130.02,59491.67,638.35,1.07
2022-10-01,O-CLT,Charlotte Sales,Office,Charlotte,NC,South,,,55,16000,Travel & Entertainment,G&A,48226.05,47593.33,632.72,1.33
2022-10-01,O-CLT,Charlotte Sales,Office,Charlotte,NC,South,,,55,16000,Professional Services,G&A,47657.4,47593.33,64.07,0.13
2022-10-01,O-CLT,Charlotte Sales,Office,Charlotte,NC,South,,,55,16000,Utilities,G&A,21417.0,23796.67,-2379.67,-10.0
2022-10-01,O-CLT,Charlotte Sales,Office,Charlotte,NC,South,,,55,16000,Other G&A,G&A,17985.47,17847.5,137.97,0.77
2022-11-01,O-CLT,Charlotte Sales,Office,Charlotte,NC,South,,,55,16000,Salaries & Benefits,G&A,540833.33,540833.33,0.0,0.0
2022-11-01,O-CLT,Charlotte Sales,Office,Charlotte,NC,South,,,55,16000,Facilities,G&A,101135.83,101135.83,0.0,0.0
2022-11-01,O-CLT,Charlotte Sales,Office,Charlotte,NC,South,,,55,16000,IT & Systems,G&A,55329.92,59491.67,-4161.75,-7.0
2022-11-01,O-CLT,Charlotte Sales,Office,Charlotte,NC,South,,,55,16000,Travel & Entertainment,G&A,46613.27,47593.33,-980.06,-2.06
2022-11-01,O-CLT,Charlotte Sales,Office,Charlotte,NC,South,,,55,16000,Professional Services,G&A,42835.13,47593.33,-4758.2,-10.0
2022-11-01,O-CLT,Charlotte Sales,Office,Charlotte,NC,South,,,55,16000,Utilities,G&A,25486.23,23796.67,1689.56,7.1
2022-11-01,O-CLT,Charlotte Sales,Office,Charlotte,NC,South,,,55,16000,Other G&A,G&A,17632.44,17847.5,-215.06,-1.2
2022-12-01,O-CLT,Charlotte Sales,Office,Charlotte,NC,South,,,55,16000,Salaries & Benefits,G&A,540833.33,540833.33,0.0,0.0
2022-12-01,O-CLT,Charlotte Sales,Office,Charlotte,NC,South,,,55,16000,Facilities,G&A,101135.83,101135.83,0.0,0.0
2022-12-01,O-CLT,Charlotte Sales,Office,Charlotte,NC,South,,,55,16000,IT & Systems,G&A,58610.44,59491.67,-881.23,-1.48
2022-12-01,O-CLT,Charlotte Sales,Office,Charlotte,NC,South,,,55,16000,Travel & Entertainment,G&A,40824.98,47593.33,-6768.35,-14.22
2022-12-01,O-CLT,Charlotte Sales,Office,Charlotte,NC,South,,,55,16000,Professional Services,G&A,49322.87,47593.33,1729.54,3.63
2022-12-01,O-CLT,Charlotte Sales,Office,Charlotte,NC,South,,,55,16000,Utilities,G&A,28465.11,23796.67,4668.44,19.62
2022-12-01,O-CLT,Charlotte Sales,Office,Charlotte,NC,South,,,55,16000,Other G&A,G&A,18001.69,17847.5,154.19,0.86
2023-01-01,O-CLT,Charlotte Sales,Office,Charlotte,NC,South,,,55,16000,Salaries & Benefits,G&A,559762.5,559762.5,0.0,0.0
2023-01-01,O-CLT,Charlotte Sales,Office,Charlotte,NC,South,,,55,16000,Facilities,G&A,104675.59,104675.59,0.0,0.0
2023-01-01,O-CLT,Charlotte Sales,Office,Charlotte,NC,South,,,55,16000,IT & Systems,G&A,61044.62,61573.88,-529.26,-0.86
2023-01-01,O-CLT,Charlotte Sales,Office,Charlotte,NC,South,,,55,16000,Travel & Entertainment,G&A,48128.83,49259.1,-1130.27,-2.29
2023-01-01,O-CLT,Charlotte Sales,Office,Charlotte,NC,South,,,55,16000,Professional Services,G&A,50756.82,49259.1,1497.72,3.04
2023-01-01,O-CLT,Charlotte Sales,Office,Charlotte,NC,South,,,55,16000,Utilities,G&A,30589.9,24629.55,5960.35,24.2
2023-01-01,O-CLT,Charlotte Sales,Office,Charlotte,NC,South,,,55,16000,Other G&A,G&A,19659.74,18472.16,1187.58,6.43
2023-02-01,O-CLT,Charlotte Sales,Office,Charlotte,NC,South,,,55,16000,Salaries & Benefits,G&A,559762.5,559762.5,0.0,0.0
2023-02-01,O-CLT,Charlotte Sales,Office,Charlotte,NC,South,,,55,16000,Facilities,G&A,104675.59,104675.59,0.0,0.0
2023-02-01,O-CLT,Charlotte Sales,Office,Charlotte,NC,South,,,55,16000,IT & Systems,G&A,62632.23,61573.88,1058.35,1.72
2023-02-01,O-CLT,Charlotte Sales,Office,Charlotte,NC,South,,,55,16000,Travel & Entertainment,G&A,48994.83,49259.1,-264.27,-0.54
2023-02-01,O-CLT,Charlotte Sales,Office,Charlotte,NC,South,,,55,16000,Professional Services,G&A,48264.48,49259.1,-994.62,-2.02
2023-02-01,O-CLT,Charlotte Sales,Office,Charlotte,NC,South,,,55,16000,Utilities,G&A,29461.39,24629.55,4831.84,19.62
2023-02-01,O-CLT,Charlotte Sales,Office,Charlotte,NC,South,,,55,16000,Other G&A,G&A,17671.52,18472.16,-800.64,-4.33
2023-03-01,O-CLT,Charlotte Sales,Office,Charlotte,NC,South,,,55,16000,Salaries & Benefits,G&A,559762.5,559762.5,0.0,0.0
2023-03-01,O-CLT,Charlotte Sales,Office,Charlotte,NC,South,,,55,16000,Facilities,G&A,104675.59,104675.59,0.0,0.0
2023-03-01,O-CLT,Charlotte Sales,Office,Charlotte,NC,South,,,55,16000,IT & Systems,G&A,58239.08,61573.88,-3334.8,-5.42
2023-03-01,O-CLT,Charlotte Sales,Office,Charlotte,NC,South,,,55,16000,Travel & Entertainment,G&A,52601.26,49259.1,3342.16,6.78
2023-03-01,O-CLT,Charlotte Sales,Office,Charlotte,NC,South,,,55,16000,Professional Services,G&A,47599.9,49259.1,-1659.2,-3.37
2023-03-01,O-CLT,Charlotte Sales,Office,Charlotte,NC,South,,,55,16000,Utilities,G&A,26378.25,24629.55,1748.7,7.1
2023-03-01,O-CLT,Charlotte Sales,Office,Charlotte,NC,South,,,55,16000,Other G&A,G&A,18361.23,18472.16,-110.93,-0.6
2023-04-01,O-CLT,Charlotte Sales,Office,Charlotte,NC,South,,,55,16000,Salaries & Benefits,G&A,559762.5,559762.5,0.0,0.0
2023-04-01,O-CLT,Charlotte Sales,Office,Charlotte,NC,South,,,55,16000,Facilities,G&A,104675.59,104675.59,0.0,0.0
2023-04-01,O-CLT,Charlotte Sales,Office,Charlotte,NC,South,,,55,16000,IT & Systems,G&A,62186.49,61573.88,612.61,0.99
2023-04-01,O-CLT,Charlotte Sales,Office,Charlotte,NC,South,,,55,16000,Travel & Entertainment,G&A,45537.89,49259.1,-3721.21,-7.55
2023-04-01,O-CLT,Charlotte Sales,Office,Charlotte,NC,South,,,55,16000,Professional Services,G&A,49292.93,49259.1,33.83,0.07
2023-04-01,O-CLT,Charlotte Sales,Office,Charlotte,NC,South,,,55,16000,Utilities,G&A,22166.6,24629.55,-2462.95,-10.0
2023-04-01,O-CLT,Charlotte Sales,Office,Charlotte,NC,South,,,55,16000,Other G&A,G&A,19047.61,18472.16,575.45,3.12
2023-05-01,O-CLT,Charlotte Sales,Office,Charlotte,NC,South,,,55,16000,Salaries & Benefits,G&A,559762.5,559762.5,0.0,0.0
2023-05-01,O-CLT,Charlotte Sales,Office,Charlotte,NC,South,,,55,16000,Facilities,G&A,104675.59,104675.59,0.0,0.0
2023-05-01,O-CLT,Charlotte Sales,Office,Charlotte,NC,South,,,55,16000,IT & Systems,G&A,60447.43,61573.88,-1126.45,-1.83
2023-05-01,O-CLT,Charlotte Sales,Office,Charlotte,NC,South,,,55,16000,Travel & Entertainment,G&A,48565.96,49259.1,-693.14,-1.41
2023-05-01,O-CLT,Charlotte Sales,Office,Charlotte,NC,South,,,55,16000,Professional Services,G&A,49763.55,49259.1,504.45,1.02
2023-05-01,O-CLT,Charlotte Sales,Office,Charlotte,NC,South,,,55,16000,Utilities,G&A,17954.94,24629.55,-6674.61,-27.1
2023-05-01,O-CLT,Charlotte Sales,Office,Charlotte,NC,South,,,55,16000,Other G&A,G&A,20666.25,18472.16,2194.09,11.88
2023-06-01,O-CLT,Charlotte Sales,Office,Charlotte,NC,South,,,55,16000,Salaries & Benefits,G&A,559762.5,559762.5,0.0,0.0
2023-06-01,O-CLT,Charlotte Sales,Office,Charlotte,NC,South,,,55,16000,Facilities,G&A,104675.59,104675.59,0.0,0.0
2023-06-01,O-CLT,Charlotte Sales,Office,Charlotte,NC,South,,,55,16000,IT & Systems,G&A,61382.32,61573.88,-191.56,-0.31
2023-06-01,O-CLT,Charlotte Sales,Office,Charlotte,NC,South,,,55,16000,Travel & Entertainment,G&A,51385.94,49259.1,2126.84,4.32
2023-06-01,O-CLT,Charlotte Sales,Office,Charlotte,NC,South,,,55,16000,Professional Services,G&A,49743.37,49259.1,484.27,0.98
2023-06-01,O-CLT,Charlotte Sales,Office,Charlotte,NC,South,,,55,16000,Utilities,G&A,14871.8,24629.55,-9757.75,-39.62
2023-06-01,O-CLT,Charlotte Sales,Office,Charlotte,NC,South,,,55,16000,Other G&A,G&A,19384.91,18472.16,912.75,4.94
2023-07-01,O-CLT,Charlotte Sales,Office,Charlotte,NC,South,,,55,16000,Salaries & Benefits,G&A,559762.5,559762.5,0.0,0.0
2023-07-01,O-CLT,Charlotte Sales,Office,Charlotte,NC,South,,,55,16000,Facilities,G&A,104675.59,104675.59,0.0,0.0
2023-07-01,O-CLT,Charlotte Sales,Office,Charlotte,NC,South,,,55,16000,IT & Systems,G&A,63625.64,61573.88,2051.76,3.33
2023-07-01,O-CLT,Charlotte Sales,Office,Charlotte,NC,South,,,55,16000,Travel & Entertainment,G&A,48103.58,49259.1,-1155.52,-2.35
2023-07-01,O-CLT,Charlotte Sales,Office,Charlotte,NC,South,,,55,16000,Professional Services,G&A,45378.13,49259.1,-3880.97,-7.88
2023-07-01,O-CLT,Charlotte Sales,Office,Charlotte,NC,South,,,55,16000,Utilities,G&A,13743.29,24629.55,-10886.26,-44.2
2023-07-01,O-CLT,Charlotte Sales,Office,Charlotte,NC,South,,,55,16000,Other G&A,G&A,20645.03,18472.16,2172.87,11.76
2023-08-01,O-CLT,Charlotte Sales,Office,Charlotte,NC,South,,,55,16000,Salaries & Benefits,G&A,559762.5,559762.5,0.0,0.0
2023-08-01,O-CLT,Charlotte Sales,Office,Charlotte,NC,South,,,55,16000,Facilities,G&A,104675.59,104675.59,0.0,0.0
2023-08-01,O-CLT,Charlotte Sales,Office,Charlotte,NC,South,,,55,16000,IT & Systems,G&A,56843.42,61573.88,-4730.46,-7.68
2023-08-01,O-CLT,Charlotte Sales,Office,Charlotte,NC,South,,,55,16000,Travel & Entertainment,G&A,51070.67,49259.1,1811.57,3.68
2023-08-01,O-CLT,Charlotte Sales,Office,Charlotte,NC,South,,,55,16000,Professional Services,G&A,51672.06,49259.1,2412.96,4.9
2023-08-01,O-CLT,Charlotte Sales,Office,Charlotte,NC,South,,,55,16000,Utilities,G&A,14871.8,24629.55,-9757.75,-39.62
2023-08-01,O-CLT,Charlotte Sales,Office,Charlotte,NC,South,,,55,16000,Other G&A,G&A,19245.48,18472.16,773.32,4.19
2023-09-01,O-CLT,Charlotte Sales,Office,Charlotte,NC,South,,,55,16000,Salaries & Benefits,G&A,559762.5,559762.5,0.0,0.0
2023-09-01,O-CLT,Charlotte Sales,Office,Charlotte,NC,South,,,55,16000,Facilities,G&A,104675.59,104675.59,0.0,0.0
2023-09-01,O-CLT,Charlotte Sales,Office,Charlotte,NC,South,,,55,16000,IT & Systems,G&A,61441.81,61573.88,-132.07,-0.21
2023-09-01,O-CLT,Charlotte Sales,Office,Charlotte,NC,South,,,55,16000,Travel & Entertainment,G&A,52510.37,49259.1,3251.27,6.6
2023-09-01,O-CLT,Charlotte Sales,Office,Charlotte,NC,South,,,55,16000,Professional Services,G&A,50365.3,49259.1,1106.2,2.25
2023-09-01,O-CLT,Charlotte Sales,Office,Charlotte,NC,South,,,55,16000,Utilities,G&A,17954.94,24629.55,-6674.61,-27.1
2023-09-01,O-CLT,Charlotte Sales,Office,Charlotte,NC,South,,,55,16000,Other G&A,G&A,19017.51,18472.16,545.35,2.95
2023-10-01,O-CLT,Charlotte Sales,Office,Charlotte,NC,South,,,55,16000,Salaries & Benefits,G&A,559762.5,559762.5,0.0,0.0
2023-10-01,O-CLT,Charlotte Sales,Office,Charlotte,NC,South,,,55,16000,Facilities,G&A,104675.59,104675.59,0.0,0.0
2023-10-01,O-CLT,Charlotte Sales,Office,Charlotte,NC,South,,,55,16000,IT & Systems,G&A,62305.39,61573.88,731.51,1.19
2023-10-01,O-CLT,Charlotte Sales,Office,Charlotte,NC,South,,,55,16000,Travel & Entertainment,G&A,44883.86,49259.1,-4375.24,-8.88
2023-10-01,O-CLT,Charlotte Sales,Office,Charlotte,NC,South,,,55,16000,Professional Services,G&A,49123.87,49259.1,-135.23,-0.27
2023-10-01,O-CLT,Charlotte Sales,Office,Charlotte,NC,South,,,55,16000,Utilities,G&A,22166.6,24629.55,-2462.95,-10.0
2023-10-01,O-CLT,Charlotte Sales,Office,Charlotte,NC,South,,,55,16000,Other G&A,G&A,16334.42,18472.16,-2137.74,-11.57
2023-11-01,O-CLT,Charlotte Sales,Office,Charlotte,NC,South,,,55,16000,Salaries & Benefits,G&A,559762.5,559762.5,0.0,0.0
2023-11-01,O-CLT,Charlotte Sales,Office,Charlotte,NC,South,,,55,16000,Facilities,G&A,104675.59,104675.59,0.0,0.0
2023-11-01,O-CLT,Charlotte Sales,Office,Charlotte,NC,South,,,55,16000,IT & Systems,G&A,62725.15,61573.88,1151.27,1.87
2023-11-01,O-CLT,Charlotte Sales,Office,Charlotte,NC,South,,,55,16000,Travel & Entertainment,G&A,51468.43,49259.1,2209.33,4.49
2023-11-01,O-CLT,Charlotte Sales,Office,Charlotte,NC,South,,,55,16000,Professional Services,G&A,50148.61,49259.1,889.51,1.81
2023-11-01,O-CLT,Charlotte Sales,Office,Charlotte,NC,South,,,55,16000,Utilities,G&A,26378.25,24629.55,1748.7,7.1
2023-11-01,O-CLT,Charlotte Sales,Office,Charlotte,NC,South,,,55,16000,Other G&A,G&A,17246.2,18472.16,-1225.96,-6.64
2023-12-01,O-CLT,Charlotte Sales,Office,Charlotte,NC,South,,,55,16000,Salaries & Benefits,G&A,559762.5,559762.5,0.0,0.0
2023-12-01,O-CLT,Charlotte Sales,Office,Charlotte,NC,South,,,55,16000,Facilities,G&A,104675.59,104675.59,0.0,0.0
2023-12-01,O-CLT,Charlotte Sales,Office,Charlotte,NC,South,,,55,16000,IT & Systems,G&A,60374.48,61573.88,-1199.4,-1.95
2023-12-01,O-CLT,Charlotte Sales,Office,Charlotte,NC,South,,,55,16000,Travel & Entertainment,G&A,50128.19,49259.1,869.09,1.76
2023-12-01,O-CLT,Charlotte Sales,Office,Charlotte,NC,South,,,55,16000,Professional Services,G&A,46477.78,49259.1,-2781.32,-5.65
2023-12-01,O-CLT,Charlotte Sales,Office,Charlotte,NC,South,,,55,16000,Utilities,G&A,29461.39,24629.55,4831.84,19.62
2023-12-01,O-CLT,Charlotte Sales,Office,Charlotte,NC,South,,,55,16000,Other G&A,G&A,20013.42,18472.16,1541.26,8.34
2024-01-01,O-CLT,Charlotte Sales,Office,Charlotte,NC,South,,,55,16000,Salaries & Benefits,G&A,579354.19,579354.19,0.0,0.0
2024-01-01,O-CLT,Charlotte Sales,Office,Charlotte,NC,South,,,55,16000,Facilities,G&A,108339.23,108339.23,0.0,0.0
2024-01-01,O-CLT,Charlotte Sales,Office,Charlotte,NC,South,,,55,16000,IT & Systems,G&A,59439.25,63728.96,-4289.71,-6.73
2024-01-01,O-CLT,Charlotte Sales,Office,Charlotte,NC,South,,,55,16000,Travel & Entertainment,G&A,52702.73,50983.17,1719.56,3.37
2024-01-01,O-CLT,Charlotte Sales,Office,Charlotte,NC,South,,,55,16000,Professional Services,G&A,51101.93,50983.17,118.76,0.23
2024-01-01,O-CLT,Charlotte Sales,Office,Charlotte,NC,South,,,55,16000,Utilities,G&A,31660.55,25491.58,6168.97,24.2
2024-01-01,O-CLT,Charlotte Sales,Office,Charlotte,NC,South,,,55,16000,Other G&A,G&A,20123.32,19118.69,1004.63,5.25
2024-02-01,O-CLT,Charlotte Sales,Office,Charlotte,NC,South,,,55,16000,Salaries & Benefits,G&A,579354.19,579354.19,0.0,0.0
2024-02-01,O-CLT,Charlotte Sales,Office,Charlotte,NC,South,,,55,16000,Facilities,G&A,108339.23,108339.23,0.0,0.0
2024-02-01,O-CLT,Charlotte Sales,Office,Charlotte,NC,South,,,55,16000,IT & Systems,G&A,56330.36,63728.96,-7398.6,-11.61
2024-02-01,O-CLT,Charlotte Sales,Office,Charlotte,NC,South,,,55,16000,Travel & Entertainment,G&A,50865.91,50983.17,-117.26,-0.23
2024-02-01,O-CLT,Charlotte Sales,Office,Charlotte,NC,South,,,55,16000,Professional Services,G&A,47348.7,50983.17,-3634.47,-7.13
2024-02-01,O-CLT,Charlotte Sales,Office,Charlotte,NC,South,,,55,16000,Utilities,G&A,30492.54,25491.58,5000.96,19.62
2024-02-01,O-CLT,Charlotte Sales,Office,Charlotte,NC,South,,,55,16000,Other G&A,G&A,19175.86,19118.69,57.17,0.3
2024-03-01,O-CLT,Charlotte Sales,Office,Charlotte,NC,South,,,55,16000,Salaries & Benefits,G&A,579354.19,579354.19,0.0,0.0
2024-03-01,O-CLT,Charlotte Sales,Office,Charlotte,NC,South,,,55,16000,Facilities,G&A,108339.23,108339.23,0.0,0.0
2024-03-01,O-CLT,Charlotte Sales,Office,Charlotte,NC,South,,,55,16000,IT & Systems,G&A,68829.3,63728.96,5100.34,8.0
2024-03-01,O-CLT,Charlotte Sales,Office,Charlotte,NC,South,,,55,16000,Travel & Entertainment,G&A,53187.14,50983.17,2203.97,4.32
2024-03-01,O-CLT,Charlotte Sales,Office,Charlotte,NC,South,,,55,16000,Professional Services,G&A,47235.64,50983.17,-3747.53,-7.35
2024-03-01,O-CLT,Charlotte Sales,Office,Charlotte,NC,South,,,55,16000,Utilities,G&A,27301.49,25491.58,1809.91,7.1
2024-03-01,O-CLT,Charlotte Sales,Office,Charlotte,NC,South,,,55,16000,Other G&A,G&A,17348.33,19118.69,-1770.36,-9.26
2024-04-01,O-CLT,Charlotte Sales,Office,Charlotte,NC,South,,,55,16000,Salaries & Benefits,G&A,579354.19,579354.19,0.0,0.0
2024-04-01,O-CLT,Charlotte Sales,Office,Charlotte,NC,South,,,55,16000,Facilities,G&A,108339.23,108339.23,0.0,0.0
2024-04-01,O-CLT,Charlotte Sales,Office,Charlotte,NC,South,,,55,16000,IT & Systems,G&A,65583.04,63728.96,1854.08,2.91
2024-04-01,O-CLT,Charlotte Sales,Office,Charlotte,NC,South,,,55,16000,Travel & Entertainment,G&A,47160.16,50983.17,-3823.01,-7.5
2024-04-01,O-CLT,Charlotte Sales,Office,Charlotte,NC,South,,,55,16000,Professional Services,G&A,49146.23,50983.17,-1836.94,-3.6
2024-04-01,O-CLT,Charlotte Sales,Office,Charlotte,NC,South,,,55,16000,Utilities,G&A,22942.43,25491.58,-2549.15,-10.0
2024-04-01,O-CLT,Charlotte Sales,Office,Charlotte,NC,South,,,55,16000,Other G&A,G&A,18584.52,19118.69,-534.17,-2.79
2024-05-01,O-CLT,Charlotte Sales,Office,Charlotte,NC,South,,,55,16000,Salaries & Benefits,G&A,579354.19,579354.19,0.0,0.0
2024-05-01,O-CLT,Charlotte Sales,Office,Charlotte,NC,South,,,55,16000,Facilities,G&A,108339.23,108339.23,0.0,0.0
2024-05-01,O-CLT,Charlotte Sales,Office,Charlotte,NC,South,,,55,16000,IT & Systems,G&A,67568.17,63728.96,3839.21,6.02
2024-05-01,O-CLT,Charlotte Sales,Office,Charlotte,NC,South,,,55,16000,Travel & Entertainment,G&A,53712.53,50983.17,2729.36,5.35
2024-05-01,O-CLT,Charlotte Sales,Office,Charlotte,NC,South,,,55,16000,Professional Services,G&A,55733.27,50983.17,4750.1,9.32
2024-05-01,O-CLT,Charlotte Sales,Office,Charlotte,NC,South,,,55,16000,Utilities,G&A,18583.36,25491.58,-6908.22,-27.1
2024-05-01,O-CLT,Charlotte Sales,Office,Charlotte,NC,South,,,55,16000,Other G&A,G&A,18391.5,19118.69,-727.19,-3.8
2024-06-01,O-CLT,Charlotte Sales,Office,Charlotte,NC,South,,,55,16000,Salaries & Benefits,G&A,579354.19,579354.19,0.0,0.0
2024-06-01,O-CLT,Charlotte Sales,Office,Charlotte,NC,South,,,55,16000,Facilities,G&A,108339.23,108339.23,0.0,0.0
2024-06-01,O-CLT,Charlotte Sales,Office,Charlotte,NC,South,,,55,16000,IT & Systems,G&A,69431.75,63728.96,5702.79,8.95
2024-06-01,O-CLT,Charlotte Sales,Office,Charlotte,NC,South,,,55,16000,Travel & Entertainment,G&A,50717.82,50983.17,-265.35,-0.52
2024-06-01,O-CLT,Charlotte Sales,Office,Charlotte,NC,South,,,55,16000,Professional Services,G&A,53530.11,50983.17,2546.94,5.0
2024-06-01,O-CLT,Charlotte Sales,Office,Charlotte,NC,South,,,55,16000,Utilities,G&A,15392.31,25491.58,-10099.27,-39.62
2024-06-01,O-CLT,Charlotte Sales,Office,Charlotte,NC,South,,,55,16000,Other G&A,G&A,18955.94,19118.69,-162.75,-0.85
2024-07-01,O-CLT,Charlotte Sales,Office,Charlotte,NC,South,,,55,16000,Salaries & Benefits,G&A,579354.19,579354.19,0.0,0.0
2024-07-01,O-CLT,Charlotte Sales,Office,Charlotte,NC,South,,,55,16000,Facilities,G&A,108339.23,108339.23,0.0,0.0
2024-07-01,O-CLT,Charlotte Sales,Office,Charlotte,NC,South,,,55,16000,IT & Systems,G&A,61339.45,63728.96,-2389.51,-3.75
2024-07-01,O-CLT,Charlotte Sales,Office,Charlotte,NC,South,,,55,16000,Travel & Entertainment,G&A,47709.06,50983.17,-3274.11,-6.42
2024-07-01,O-CLT,Charlotte Sales,Office,Charlotte,NC,South,,,55,16000,Professional Services,G&A,52778.87,50983.17,1795.7,3.52
2024-07-01,O-CLT,Charlotte Sales,Office,Charlotte,NC,South,,,55,16000,Utilities,G&A,14224.3,25491.58,-11267.28,-44.2
2024-07-01,O-CLT,Charlotte Sales,Office,Charlotte,NC,South,,,55,16000,Other G&A,G&A,18862.85,19118.69,-255.84,-1.34
2024-08-01,O-CLT,Charlotte Sales,Office,Charlotte,NC,South,,,55,16000,Salaries & Benefits,G&A,579354.19,579354.19,0.0,0.0
2024-08-01,O-CLT,Charlotte Sales,Office,Charlotte,NC,South,,,55,16000,Facilities,G&A,108339.23,108339.23,0.0,0.0
2024-08-01,O-CLT,Charlotte Sales,Office,Charlotte,NC,South,,,55,16000,IT & Systems,G&A,68135.57,63728.96,4406.61,6.91
2024-08-01,O-CLT,Charlotte Sales,Office,Charlotte,NC,South,,,55,16000,Travel & Entertainment,G&A,48364.19,50983.17,-2618.98,-5.14
2024-08-01,O-CLT,Charlotte Sales,Office,Charlotte,NC,South,,,55,16000,Professional Services,G&A,46723.54,50983.17,-4259.63,-8.35
2024-08-01,O-CLT,Charlotte Sales,Office,Charlotte,NC,South,,,55,16000,Utilities,G&A,15392.31,25491.58,-10099.27,-39.62
2024-08-01,O-CLT,Charlotte Sales,Office,Charlotte,NC,South,,,55,16000,Other G&A,G&A,17621.27,19118.69,-1497.42,-7.83
2024-09-01,O-CLT,Charlotte Sales,Office,Charlotte,NC,South,,,55,16000,Salaries & Benefits,G&A,579354.19,579354.19,0.0,0.0
2024-09-01,O-CLT,Charlotte Sales,Office,Charlotte,NC,South,,,55,16000,Facilities,G&A,108339.23,108339.23,0.0,0.0
2024-09-01,O-CLT,Charlotte Sales,Office,Charlotte,NC,South,,,55,16000,IT & Systems,G&A,64808.7,63728.96,1079.74,1.69
2024-09-01,O-CLT,Charlotte Sales,Office,Charlotte,NC,South,,,55,16000,Travel & Entertainment,G&A,50329.96,50983.17,-653.21,-1.28
2024-09-01,O-CLT,Charlotte Sales,Office,Charlotte,NC,South,,,55,16000,Professional Services,G&A,48375.06,50983.17,-2608.11,-5.12
2024-09-01,O-CLT,Charlotte Sales,Office,Charlotte,NC,South,,,55,16000,Utilities,G&A,18583.36,25491.58,-6908.22,-27.1
2024-09-01,O-CLT,Charlotte Sales,Office,Charlotte,NC,South,,,55,16000,Other G&A,G&A,18938.97,19118.69,-179.72,-0.94
2024-10-01,O-CLT,Charlotte Sales,Office,Charlotte,NC,South,,,55,16000,Salaries & Benefits,G&A,579354.19,579354.19,0.0,0.0
2024-10-01,O-CLT,Charlotte Sales,Office,Charlotte,NC,South,,,55,16000,Facilities,G&A,108339.23,108339.23,0.0,0.0
2024-10-01,O-CLT,Charlotte Sales,Office,Charlotte,NC,South,,,55,16000,IT & Systems,G&A,69632.43,63728.96,5903.47,9.26
2024-10-01,O-CLT,Charlotte Sales,Office,Charlotte,NC,South,,,55,16000,Travel & Entertainment,G&A,51680.12,50983.17,696.95,1.37
2024-10-01,O-CLT,Charlotte Sales,Office,Charlotte,NC,South,,,55,16000,Professional Services,G&A,51145.54,50983.17,162.37,0.32
2024-10-01,O-CLT,Charlotte Sales,Office,Charlotte,NC,South,,,55,16000,Utilities,G&A,22942.43,25491.58,-2549.15,-10.0
2024-10-01,O-CLT,Charlotte Sales,Office,Charlotte,NC,South,,,55,16000,Other G&A,G&A,18463.7,19118.69,-654.99,-3.43
2024-11-01,O-CLT,Charlotte Sales,Office,Charlotte,NC,South,,,55,16000,Salaries & Benefits,G&A,579354.19,579354.19,0.0,0.0
2024-11-01,O-CLT,Charlotte Sales,Office,Charlotte,NC,South,,,55,16000,Facilities,G&A,108339.23,108339.23,0.0,0.0
2024-11-01,O-CLT,Charlotte Sales,Office,Charlotte,NC,South,,,55,16000,IT & Systems,G&A,63954.44,63728.96,225.48,0.35
2024-11-01,O-CLT,Charlotte Sales,Office,Charlotte,NC,South,,,55,16000,Travel & Entertainment,G&A,49642.88,50983.17,-1340.29,-2.63
2024-11-01,O-CLT,Charlotte Sales,Office,Charlotte,NC,South,,,55,16000,Professional Services,G&A,49520.56,50983.17,-1462.61,-2.87
2024-11-01,O-CLT,Charlotte Sales,Office,Charlotte,NC,South,,,55,16000,Utilities,G&A,27301.49,25491.58,1809.91,7.1
2024-11-01,O-CLT,Charlotte Sales,Office,Charlotte,NC,South,,,55,16000,Other G&A,G&A,18687.14,19118.69,-431.55,-2.26
2024-12-01,O-CLT,Charlotte Sales,Office,Charlotte,NC,South,,,55,16000,Salaries & Benefits,G&A,579354.19,579354.19,0.0,0.0
2024-12-01,O-CLT,Charlotte Sales,Office,Charlotte,NC,South,,,55,16000,Facilities,G&A,108339.23,108339.23,0.0,0.0
2024-12-01,O-CLT,Charlotte Sales,Office,Charlotte,NC,South,,,55,16000,IT & Systems,G&A,61514.98,63728.96,-2213.98,-3.47
2024-12-01,O-CLT,Charlotte Sales,Office,Charlotte,NC,South,,,55,16000,Travel & Entertainment,G&A,50730.8,50983.17,-252.37,-0.5
2024-12-01,O-CLT,Charlotte Sales,Office,Charlotte,NC,South,,,55,16000,Professional Services,G&A,51790.39,50983.17,807.22,1.58
2024-12-01,O-CLT,Charlotte Sales,Office,Charlotte,NC,South,,,55,16000,Utilities,G&A,30492.54,25491.58,5000.96,19.62
2024-12-01,O-CLT,Charlotte Sales,Office,Charlotte,NC,South,,,55,16000,Other G&A,G&A,19522.12,19118.69,403.43,2.11
