month,site_id,supplier_id,supplier_name,commodity,category,country,tier,is_single_source,on_contract,qty,market_ppi_index,standard_unit_price,actual_unit_price,baseline_unit_price,actual_spend,standard_spend,ppv_usd,savings_usd
2022-01-01,P-TOL,SUP-STL1,Great Lakes Steel Co.,Steel & Metal,Direct Materials,USA,Strategic,False,True,426480,100.0,1.0478,1.0689,1.0615,455875.2,446885.36,8989.84,-3165.94
2022-01-01,P-TOL,SUP-STL2,Rio Grande Metals,Steel & Metal,Direct Materials,Mexico,Preferred,False,True,193710,100.0,1.0478,1.0982,1.1,212741.76,202978.8,9762.96,340.16
2022-01-01,P-TOL,SUP-STL3,Keystone Alloy Supply,Steel & Metal,Direct Materials,USA,Transactional,False,False,82247,100.0,1.0478,1.1085,1.166,91175.04,86182.88,4992.16,4725.89
2022-01-01,P-TOL,SUP-ELE1,Shenzhen Circuit Works,Electrical/Electronic,Direct Materials,China,Strategic,False,True,38156,100.0,2.2239,2.1904,2.2195,83577.12,84854.8,-1277.68,1110.94
2022-01-01,P-TOL,SUP-ELE2,Lone Star Connectors,Electrical/Electronic,Direct Materials,USA,Preferred,False,True,20146,100.0,2.2239,2.2628,2.3,45587.52,44802.95,784.57,749.17
2022-01-01,P-TOL,SUP-ELE3,Vertex Components,Electrical/Electronic,Direct Materials,USA,Transactional,False,False,9310,100.0,2.2239,2.4482,2.438,22793.76,20705.1,2088.66,-95.02
2022-01-01,P-TOL,SUP-RES1,Gulf Coast Polymers,Plastic Resin,Direct Materials,USA,Strategic,False,True,79500,100.0,0.8966,0.8283,0.8202,65848.64,71283.7,-5435.06,-638.07
2022-01-01,P-TOL,SUP-RES2,Pacific Resin Traders,Plastic Resin,Direct Materials,Taiwan,Preferred,False,True,40720,100.0,0.8966,0.8707,0.85,35456.96,36511.4,-1054.44,-844.78
2022-02-01,P-TOL,SUP-STL1,Great Lakes Steel Co.,Steel & Metal,Direct Materials,USA,Strategic,False,True,399440,93.22,1.0478,1.0009,0.9895,399780.86,418551.63,-18770.77,-4522.2
2022-02-01,P-TOL,SUP-STL2,Rio Grande Metals,Steel & Metal,Direct Materials,Mexico,Preferred,False,True,180817,93.22,1.0478,1.0318,1.0254,186564.4,189468.2,-2903.8,-1150.9
2022-02-01,P-TOL,SUP-STL3,Keystone Alloy Supply,Steel & Metal,Direct Materials,USA,Transactional,False,False,74325,93.22,1.0478,1.0758,1.0869,79956.17,77881.87,2074.3,831.91
2022-02-01,P-TOL,SUP-ELE1,Shenzhen Circuit Works,Electrical/Electronic,Direct Materials,China,Strategic,False,True,32845,100.68,2.2239,2.2314,2.2346,73293.16,73044.89,248.26,103.93
2022-02-01,P-TOL,SUP-ELE2,Lone Star Connectors,Electrical/Electronic,Direct Materials,USA,Preferred,False,True,17521,100.68,2.2239,2.2817,2.3156,39978.09,38965.61,1012.48,595.47
2022-02-01,P-TOL,SUP-ELE3,Vertex Components,Electrical/Electronic,Direct Materials,USA,Transactional,False,False,8121,100.68,2.2239,2.4613,2.4546,19989.04,18060.59,1928.45,-54.81
2022-02-01,P-TOL,SUP-RES1,Gulf Coast Polymers,Plastic Resin,Direct Materials,USA,Strategic,False,True,70247,100.06,0.8966,0.822,0.8207,57746.12,62986.96,-5240.83,-90.87
2022-02-01,P-TOL,SUP-RES2,Pacific Resin Traders,Plastic Resin,Direct Materials,Taiwan,Preferred,False,True,36037,100.06,0.8966,0.8628,0.8505,31094.07,32313.0,-1218.94,-443.52
2022-03-01,P-TOL,SUP-STL1,Great Lakes Steel Co.,Steel & Metal,Direct Materials,USA,Strategic,False,True,402844,93.92,1.0478,1.0066,0.997,405519.48,422118.74,-16599.26,-3898.89
2022-03-01,P-TOL,SUP-STL2,Rio Grande Metals,Steel & Metal,Direct Materials,Mexico,Preferred,False,True,180424,93.92,1.0478,1.0489,1.0331,189242.43,189057.14,185.29,-2841.92
2022-03-01,P-TOL,SUP-STL3,Keystone Alloy Supply,Steel & Metal,Direct Materials,USA,Transactional,False,False,71933,93.92,1.0478,1.1275,1.0951,81103.9,75374.93,5728.97,-2329.19
2022-03-01,P-TOL,SUP-ELE1,Shenzhen Circuit Works,Electrical/Electronic,Direct Materials,China,Strategic,False,True,32867,101.28,2.2239,2.2619,2.2479,74345.24,73093.82,1251.42,-461.29
2022-03-01,P-TOL,SUP-ELE2,Lone Star Connectors,Electrical/Electronic,Direct Materials,USA,Preferred,False,True,17645,101.28,2.2239,2.2982,2.3294,40551.95,39240.57,1311.37,551.43
2022-03-01,P-TOL,SUP-ELE3,Vertex Components,Electrical/Electronic,Direct Materials,USA,Transactional,False,False,8471,101.28,2.2239,2.3934,2.4692,20275.97,18839.67,1436.3,642.08
2022-03-01,P-TOL,SUP-RES1,Gulf Coast Polymers,Plastic Resin,Direct Materials,USA,Strategic,False,True,71702,100.1,0.8966,0.8169,0.8211,58575.04,64291.5,-5716.47,297.87
2022-03-01,P-TOL,SUP-RES2,Pacific Resin Traders,Plastic Resin,Direct Materials,Taiwan,Preferred,False,True,37203,100.1,0.8966,0.8478,0.8508,31540.4,33358.54,-1818.14,114.55
2022-04-01,P-TOL,SUP-STL1,Great Lakes Steel Co.,Steel & Metal,Direct Materials,USA,Strategic,False,True,394046,95.81,1.0478,1.0075,1.017,396995.37,412899.87,-15904.5,3759.52
2022-04-01,P-TOL,SUP-STL2,Rio Grande Metals,Steel & Metal,Direct Materials,Mexico,Preferred,False,True,179179,95.81,1.0478,1.034,1.0539,185264.51,187752.08,-2487.57,3574.42
2022-04-01,P-TOL,SUP-STL3,Keystone Alloy Supply,Steel & Metal,Direct Materials,USA,Transactional,False,False,70391,95.81,1.0478,1.128,1.1171,79399.07,73759.43,5639.65,-761.49
2022-04-01,P-TOL,SUP-ELE1,Shenzhen Circuit Works,Electrical/Electronic,Direct Materials,China,Strategic,False,True,31878,101.61,2.2239,2.2831,2.2552,72782.49,70893.1,1889.38,-889.55
2022-04-01,P-TOL,SUP-ELE2,Lone Star Connectors,Electrical/Electronic,Direct Materials,USA,Preferred,False,True,16946,101.61,2.2239,2.3426,2.337,39699.54,37686.87,2012.66,-95.0
2022-04-01,P-TOL,SUP-ELE3,Vertex Components,Electrical/Electronic,Direct Materials,USA,Transactional,False,False,8034,101.61,2.2239,2.4706,2.4773,19849.77,17867.64,1982.13,53.66
2022-04-01,P-TOL,SUP-RES1,Gulf Coast Polymers,Plastic Resin,Direct Materials,USA,Strategic,False,True,67497,104.1,0.8966,0.8496,0.8539,57343.78,60520.59,-3176.82,290.61
2022-04-01,P-TOL,SUP-RES2,Pacific Resin Traders,Plastic Resin,Direct Materials,Taiwan,Preferred,False,True,35651,104.1,0.8966,0.8661,0.8848,30877.42,31966.57,-1089.15,668.8
2022-05-01,P-TOL,SUP-STL1,Great Lakes Steel Co.,Steel & Metal,Direct Materials,USA,Strategic,False,True,368337,100.31,1.0478,1.0749,1.0648,395930.3,385960.84,9969.46,-3727.47
2022-05-01,P-TOL,SUP-STL2,Rio Grande Metals,Steel & Metal,Direct Materials,Mexico,Preferred,False,True,166140,100.31,1.0478,1.1121,1.1034,184767.48,174089.53,10677.95,-1446.22
2022-05-01,P-TOL,SUP-STL3,Keystone Alloy Supply,Steel & Metal,Direct Materials,USA,Transactional,False,False,67781,100.31,1.0478,1.1683,1.1696,79186.06,71024.03,8162.03,91.7
2022-05-01,P-TOL,SUP-ELE1,Shenzhen Circuit Works,Electrical/Electronic,Direct Materials,China,Strategic,False,True,31788,102.23,2.2239,2.2834,2.269,72587.22,70693.62,1893.61,-459.15
2022-05-01,P-TOL,SUP-ELE2,Lone Star Connectors,Electrical/Electronic,Direct Materials,USA,Preferred,False,True,16953,102.23,2.2239,2.3354,2.3513,39593.03,37702.29,1890.74,269.47
2022-05-01,P-TOL,SUP-ELE3,Vertex Components,Electrical/Electronic,Direct Materials,USA,Transactional,False,False,8097,102.23,2.2239,2.4447,2.4924,19796.52,18008.43,1788.09,386.15
2022-05-01,P-TOL,SUP-RES1,Gulf Coast Polymers,Plastic Resin,Direct Materials,USA,Strategic,False,True,65126,105.9,0.8966,0.8781,0.8686,57189.93,58395.3,-1205.37,-617.92
2022-05-01,P-TOL,SUP-RES2,Pacific Resin Traders,Plastic Resin,Direct Materials,Taiwan,Preferred,False,True,34590,105.9,0.8966,0.8903,0.9002,30794.58,31015.4,-220.82,342.2
2022-06-01,P-TOL,SUP-STL1,Great Lakes Steel Co.,Steel & Metal,Direct Materials,USA,Strategic,False,True,406408,97.38,1.0478,1.022,1.0337,415347.63,425852.68,-10505.04,4752.1
2022-06-01,P-TOL,SUP-STL2,Rio Grande Metals,Steel & Metal,Direct Materials,Mexico,Preferred,False,True,180971,97.38,1.0478,1.071,1.0712,193828.9,189629.72,4199.18,23.91
2022-06-01,P-TOL,SUP-STL3,Keystone Alloy Supply,Steel & Metal,Direct Materials,USA,Transactional,False,False,72308,97.38,1.0478,1.1488,1.1355,83069.53,75768.19,7301.34,-966.63
2022-06-01,P-TOL,SUP-ELE1,Shenzhen Circuit Works,Electrical/Electronic,Direct Materials,China,Strategic,False,True,32713,103.09,2.2239,2.3277,2.2881,76147.07,72749.53,3397.54,-1296.95
2022-06-01,P-TOL,SUP-ELE2,Lone Star Connectors,Electrical/Electronic,Direct Materials,USA,Preferred,False,True,17000,103.09,2.2239,2.4431,2.3711,41534.76,37807.97,3726.79,-1224.25
2022-06-01,P-TOL,SUP-ELE3,Vertex Components,Electrical/Electronic,Direct Materials,USA,Transactional,False,False,8441,103.09,2.2239,2.4602,2.5133,20767.38,18772.59,1994.79,448.69
2022-06-01,P-TOL,SUP-RES1,Gulf Coast Polymers,Plastic Resin,Direct Materials,USA,Strategic,False,True,69693,107.18,0.8966,0.8608,0.8791,59994.66,62489.96,-2495.31,1275.9
2022-06-01,P-TOL,SUP-RES2,Pacific Resin Traders,Plastic Resin,Direct Materials,Taiwan,Preferred,False,True,35036,107.18,0.8966,0.922,0.911,32304.82,31415.38,889.44,-385.28
2022-07-01,P-TOL,SUP-STL1,Great Lakes Steel Co.,Steel & Metal,Direct Materials,USA,Strategic,False,True,412628,92.83,1.0478,0.9638,0.9854,397706.35,432370.78,-34664.43,8894.18
2022-07-01,P-TOL,SUP-STL2,Rio Grande Metals,Steel & Metal,Direct Materials,Mexico,Preferred,False,True,177512,92.83,1.0478,1.0455,1.0211,185596.29,186004.99,-408.69,-4333.41
2022-07-01,P-TOL,SUP-STL3,Keystone Alloy Supply,Steel & Metal,Direct Materials,USA,Transactional,False,False,71905,92.83,1.0478,1.1062,1.0824,79541.27,75345.94,4195.33,-1710.74
2022-07-01,P-TOL,SUP-ELE1,Shenzhen Circuit Works,Electrical/Electronic,Direct Materials,China,Strategic,False,True,31613,103.64,2.2239,2.3064,2.3003,72912.83,70305.16,2607.67,-191.74
2022-07-01,P-TOL,SUP-ELE2,Lone Star Connectors,Electrical/Electronic,Direct Materials,USA,Preferred,False,True,16854,103.64,2.2239,2.3597,2.3837,39770.63,37481.67,2288.96,405.19
2022-07-01,P-TOL,SUP-ELE3,Vertex Components,Electrical/Electronic,Direct Materials,USA,Transactional,False,False,7848,103.64,2.2239,2.5336,2.5267,19885.32,17454.18,2431.13,-54.01
2022-07-01,P-TOL,SUP-RES1,Gulf Coast Polymers,Plastic Resin,Direct Materials,USA,Strategic,False,True,69219,105.06,0.8966,0.8299,0.8618,57446.47,62065.12,-4618.65,2203.85
2022-07-01,P-TOL,SUP-RES2,Pacific Resin Traders,Plastic Resin,Direct Materials,Taiwan,Preferred,False,True,34367,105.06,0.8966,0.9001,0.893,30932.72,30815.36,117.36,-242.14
2022-08-01,P-TOL,SUP-STL1,Great Lakes Steel Co.,Steel & Metal,Direct Materials,USA,Strategic,False,True,437566,88.36,1.0478,0.945,0.9379,413503.97,458501.19,-44997.21,-3092.57
2022-08-01,P-TOL,SUP-STL2,Rio Grande Metals,Steel & Metal,Direct Materials,Mexico,Preferred,False,True,200068,88.36,1.0478,0.9645,0.972,192968.52,209640.78,-16672.26,1490.19
2022-08-01,P-TOL,SUP-STL3,Keystone Alloy Supply,Steel & Metal,Direct Materials,USA,Transactional,False,False,79577,88.36,1.0478,1.0392,1.0303,82700.79,83385.33,-684.53,-713.39
2022-08-01,P-TOL,SUP-ELE1,Shenzhen Circuit Works,Electrical/Electronic,Direct Materials,China,Strategic,False,True,32724,104.02,2.2239,2.3166,2.3087,75809.06,72775.59,3033.47,-256.65
2022-08-01,P-TOL,SUP-ELE2,Lone Star Connectors,Electrical/Electronic,Direct Materials,USA,Preferred,False,True,16922,104.02,2.2239,2.4435,2.3925,41350.4,37633.75,3716.65,-863.66
2022-08-01,P-TOL,SUP-ELE3,Vertex Components,Electrical/Electronic,Direct Materials,USA,Transactional,False,False,8234,104.02,2.2239,2.5107,2.536,20675.2,18312.88,2362.32,208.03
2022-08-01,P-TOL,SUP-RES1,Gulf Coast Polymers,Plastic Resin,Direct Materials,USA,Strategic,False,True,71628,101.8,0.8966,0.8339,0.835,59728.35,64224.73,-4496.38,82.21
2022-08-01,P-TOL,SUP-RES2,Pacific Resin Traders,Plastic Resin,Direct Materials,Taiwan,Preferred,False,True,36410,101.8,0.8966,0.8833,0.8653,32161.42,32647.39,-485.97,-655.17
2022-09-01,P-TOL,SUP-STL1,Great Lakes Steel Co.,Steel & Metal,Direct Materials,USA,Strategic,False,True,515269,83.39,1.0478,0.8798,0.8852,453321.68,539922.02,-86600.34,2786.92
2022-09-01,P-TOL,SUP-STL2,Rio Grande Metals,Steel & Metal,Direct Materials,Mexico,Preferred,False,True,232842,83.39,1.0478,0.9086,0.9173,211550.12,243982.68,-32432.56,2033.97
2022-09-01,P-TOL,SUP-STL3,Keystone Alloy Supply,Steel & Metal,Direct Materials,USA,Transactional,False,False,92992,83.39,1.0478,0.975,0.9723,90664.34,97441.23,-6776.9,-245.58
2022-09-01,P-TOL,SUP-ELE1,Shenzhen Circuit Works,Electrical/Electronic,Direct Materials,China,Strategic,False,True,35542,104.3,2.2239,2.3383,2.3149,83108.98,79042.28,4066.7,-829.88
2022-09-01,P-TOL,SUP-ELE2,Lone Star Connectors,Electrical/Electronic,Direct Materials,USA,Preferred,False,True,19159,104.3,2.2239,2.366,2.3989,45332.17,42608.61,2723.55,629.96
2022-09-01,P-TOL,SUP-ELE3,Vertex Components,Electrical/Electronic,Direct Materials,USA,Transactional,False,False,8998,104.3,2.2239,2.5189,2.5428,22666.08,20011.04,2655.04,215.09
2022-09-01,P-TOL,SUP-RES1,Gulf Coast Polymers,Plastic Resin,Direct Materials,USA,Strategic,False,True,78654,100.78,0.8966,0.8325,0.8266,65479.8,70524.76,-5044.96,-460.28
2022-09-01,P-TOL,SUP-RES2,Pacific Resin Traders,Plastic Resin,Direct Materials,Taiwan,Preferred,False,True,40547,100.78,0.8966,0.8695,0.8566,35258.35,36356.98,-1098.63,-523.72
2022-10-01,P-TOL,SUP-STL1,Great Lakes Steel Co.,Steel & Metal,Direct Materials,USA,Strategic,False,True,558115,79.56,1.0478,0.8645,0.8445,482478.97,584817.88,-102338.91,-11134.23
2022-10-01,P-TOL,SUP-STL2,Rio Grande Metals,Steel & Metal,Direct Materials,Mexico,Preferred,False,True,261858,79.56,1.0478,0.8598,0.8752,225156.85,274386.42,-49229.57,4010.81
2022-10-01,P-TOL,SUP-STL3,Keystone Alloy Supply,Steel & Metal,Direct Materials,USA,Transactional,False,False,101872,79.56,1.0478,0.9472,0.9277,96495.79,106746.22,-10250.42,-1992.04
2022-10-01,P-TOL,SUP-ELE1,Shenzhen Circuit Works,Electrical/Electronic,Direct Materials,China,Strategic,False,True,38760,104.57,2.2239,2.2821,2.3209,88454.48,86199.09,2255.39,1506.79
2022-10-01,P-TOL,SUP-ELE2,Lone Star Connectors,Electrical/Electronic,Direct Materials,USA,Preferred,False,True,20364,104.57,2.2239,2.3692,2.4051,48247.9,45287.47,2960.43,730.39
2022-10-01,P-TOL,SUP-ELE3,Vertex Components,Electrical/Electronic,Direct Materials,USA,Transactional,False,False,9283,104.57,2.2239,2.5986,2.5494,24123.95,20644.94,3479.01,-456.85
2022-10-01,P-TOL,SUP-RES1,Gulf Coast Polymers,Plastic Resin,Direct Materials,USA,Strategic,False,True,85655,98.45,0.8966,0.8136,0.8075,69691.41,76802.25,-7110.85,-521.45
2022-10-01,P-TOL,SUP-RES2,Pacific Resin Traders,Plastic Resin,Direct Materials,Taiwan,Preferred,False,True,44403,98.45,0.8966,0.8451,0.8368,37526.14,39814.19,-2288.05,-367.99
2022-11-01,P-TOL,SUP-STL1,Great Lakes Steel Co.,Steel & Metal,Direct Materials,USA,Strategic,False,True,572230,77.44,1.0478,0.8235,0.822,471259.12,599607.94,-128348.81,-871.42
2022-11-01,P-TOL,SUP-STL2,Rio Grande Metals,Steel & Metal,Direct Materials,Mexico,Preferred,False,True,255132,77.44,1.0478,0.862,0.8518,219920.92,267338.63,-47417.71,-2589.26
2022-11-01,P-TOL,SUP-STL3,Keystone Alloy Supply,Steel & Metal,Direct Materials,USA,Transactional,False,False,105121,77.44,1.0478,0.8966,0.903,94251.82,110151.2,-15899.37,667.88
2022-11-01,P-TOL,SUP-ELE1,Shenzhen Circuit Works,Electrical/Electronic,Direct Materials,China,Strategic,False,True,37496,104.96,2.2239,2.3042,2.3296,86397.51,83386.99,3010.51,953.5
2022-11-01,P-TOL,SUP-ELE2,Lone Star Connectors,Electrical/Electronic,Direct Materials,USA,Preferred,False,True,19827,104.96,2.2239,2.3768,2.4141,47125.91,44093.35,3032.56,738.79
2022-11-01,P-TOL,SUP-ELE3,Vertex Components,Electrical/Electronic,Direct Materials,USA,Transactional,False,False,9231,104.96,2.2239,2.5523,2.5589,23562.96,20530.53,3032.42,60.77
2022-11-01,P-TOL,SUP-RES1,Gulf Coast Polymers,Plastic Resin,Direct Materials,USA,Strategic,False,True,89610,93.23,0.8966,0.7596,0.7647,68070.76,80348.21,-12277.45,455.92
2022-11-01,P-TOL,SUP-RES2,Pacific Resin Traders,Plastic Resin,Direct Materials,Taiwan,Preferred,False,True,45878,93.23,0.8966,0.7989,0.7925,36653.49,41136.84,-4483.35,-296.57
2022-12-01,P-TOL,SUP-STL1,Great Lakes Steel Co.,Steel & Metal,Direct Materials,USA,Strategic,False,True,548134,76.21,1.0478,0.8165,0.809,447532.38,574359.6,-126827.23,-4108.48
2022-12-01,P-TOL,SUP-STL2,Rio Grande Metals,Steel & Metal,Direct Materials,Mexico,Preferred,False,True,249319,76.21,1.0478,0.8377,0.8383,208848.44,261247.6,-52399.16,158.26
2022-12-01,P-TOL,SUP-STL3,Keystone Alloy Supply,Steel & Metal,Direct Materials,USA,Transactional,False,False,102029,76.21,1.0478,0.8773,0.8886,89506.48,106910.67,-17404.19,1157.51
2022-12-01,P-TOL,SUP-ELE1,Shenzhen Circuit Works,Electrical/Electronic,Direct Materials,China,Strategic,False,True,35038,105.29,2.2239,2.3417,2.3369,82047.6,77920.74,4126.86,-166.07
2022-12-01,P-TOL,SUP-ELE2,Lone Star Connectors,Electrical/Electronic,Direct Materials,USA,Preferred,False,True,18667,105.29,2.2239,2.3974,2.4217,44753.24,41514.31,3238.93,453.52
2022-12-01,P-TOL,SUP-ELE3,Vertex Components,Electrical/Electronic,Direct Materials,USA,Transactional,False,False,8703,105.29,2.2239,2.5709,2.567,22376.62,19356.09,3020.53,-34.26
2022-12-01,P-TOL,SUP-RES1,Gulf Coast Polymers,Plastic Resin,Direct Materials,USA,Strategic,False,True,87456,92.12,0.8966,0.7391,0.7556,64643.57,78417.28,-13773.72,1440.01
2022-12-01,P-TOL,SUP-RES2,Pacific Resin Traders,Plastic Resin,Direct Materials,Taiwan,Preferred,False,True,43446,92.12,0.8966,0.8012,0.783,34808.07,38955.91,-4147.83,-788.59
2023-01-01,P-TOL,SUP-STL1,Great Lakes Steel Co.,Steel & Metal,Direct Materials,USA,Strategic,False,True,578939,76.41,0.9886,0.8192,1.0615,474238.74,572316.69,-98077.96,140305.3
2023-01-01,P-TOL,SUP-STL2,Rio Grande Metals,Steel & Metal,Direct Materials,Mexico,Preferred,False,True,259907,76.41,0.9886,0.8515,1.1,221311.41,256934.1,-35622.69,64586.54
2023-01-01,P-TOL,SUP-STL3,Keystone Alloy Supply,Steel & Metal,Direct Materials,USA,Transactional,False,False,103599,76.41,0.9886,0.9155,1.166,94847.75,102414.46,-7566.72,25949.34
2023-01-01,P-TOL,SUP-ELE1,Shenzhen Circuit Works,Electrical/Electronic,Direct Materials,China,Strategic,False,True,37485,106.21,2.3684,2.3194,2.2195,86943.77,88778.74,-1834.97,-3745.35
2023-01-01,P-TOL,SUP-ELE2,Lone Star Connectors,Electrical/Electronic,Direct Materials,USA,Preferred,False,True,19067,106.21,2.3684,2.4872,2.3,47423.87,45158.15,2265.72,-3569.3
2023-01-01,P-TOL,SUP-ELE3,Vertex Components,Electrical/Electronic,Direct Materials,USA,Transactional,False,False,9374,106.21,2.3684,2.5294,2.438,23711.94,22202.76,1509.18,-856.39
2023-01-01,P-TOL,SUP-RES1,Gulf Coast Polymers,Plastic Resin,Direct Materials,USA,Strategic,False,True,90676,90.58,0.8562,0.7554,0.8202,68501.15,77639.36,-9138.21,5876.63
2023-01-01,P-TOL,SUP-RES2,Pacific Resin Traders,Plastic Resin,Direct Materials,Taiwan,Preferred,False,True,48433,90.58,0.8562,0.7616,0.85,36885.24,41469.75,-4584.51,4283.3
2023-02-01,P-TOL,SUP-STL1,Great Lakes Steel Co.,Steel & Metal,Direct Materials,USA,Strategic,False,True,537528,78.56,0.9886,0.8238,1.0615,442839.5,531379.66,-88540.16,127747.04
2023-02-01,P-TOL,SUP-STL2,Rio Grande Metals,Steel & Metal,Direct Materials,Mexico,Preferred,False,True,240888,78.56,0.9886,0.8579,1.1,206658.43,238133.19,-31474.76,58319.2
2023-02-01,P-TOL,SUP-STL3,Keystone Alloy Supply,Steel & Metal,Direct Materials,USA,Transactional,False,False,98319,78.56,0.9886,0.9008,1.166,88567.9,97194.93,-8627.03,26072.79
2023-02-01,P-TOL,SUP-ELE1,Shenzhen Circuit Works,Electrical/Electronic,Direct Materials,China,Strategic,False,True,33654,106.25,2.3684,2.4124,2.2195,81187.24,79706.82,1480.42,-6490.52
2023-02-01,P-TOL,SUP-ELE2,Lone Star Connectors,Electrical/Electronic,Direct Materials,USA,Preferred,False,True,17607,106.25,2.3684,2.515,2.3,44283.95,41701.45,2582.5,-3786.29
2023-02-01,P-TOL,SUP-ELE3,Vertex Components,Electrical/Electronic,Direct Materials,USA,Transactional,False,False,8716,106.25,2.3684,2.5402,2.438,22141.98,20644.41,1497.56,-890.59
2023-02-01,P-TOL,SUP-RES1,Gulf Coast Polymers,Plastic Resin,Direct Materials,USA,Strategic,False,True,84783,92.62,0.8562,0.7545,0.8202,63965.71,72593.46,-8627.76,5578.16
2023-02-01,P-TOL,SUP-RES2,Pacific Resin Traders,Plastic Resin,Direct Materials,Taiwan,Preferred,False,True,43693,92.62,0.8562,0.7883,0.85,34443.07,37411.05,-2967.98,2696.25
2023-03-01,P-TOL,SUP-STL1,Great Lakes Steel Co.,Steel & Metal,Direct Materials,USA,Strategic,False,True,479624,80.48,0.9886,0.8707,1.0615,417590.16,474137.8,-56547.64,91531.03
2023-03-01,P-TOL,SUP-STL2,Rio Grande Metals,Steel & Metal,Direct Materials,Mexico,Preferred,False,True,218110,80.48,0.9886,0.8935,1.1,194875.41,215615.26,-20739.85,45045.87
2023-03-01,P-TOL,SUP-STL3,Keystone Alloy Supply,Steel & Metal,Direct Materials,USA,Transactional,False,False,89089,80.48,0.9886,0.9375,1.166,83518.03,88070.01,-4551.98,20359.88
2023-03-01,P-TOL,SUP-ELE1,Shenzhen Circuit Works,Electrical/Electronic,Direct Materials,China,Strategic,False,True,32840,106.38,2.3684,2.3312,2.2195,76558.2,77778.19,-1220.0,-3668.87
2023-03-01,P-TOL,SUP-ELE2,Lone Star Connectors,Electrical/Electronic,Direct Materials,USA,Preferred,False,True,17010,106.38,2.3684,2.4549,2.3,41759.02,40286.93,1472.09,-2635.05
2023-03-01,P-TOL,SUP-ELE3,Vertex Components,Electrical/Electronic,Direct Materials,USA,Transactional,False,False,8017,106.38,2.3684,2.6043,2.438,20879.51,18988.2,1891.31,-1333.04
2023-03-01,P-TOL,SUP-RES1,Gulf Coast Polymers,Plastic Resin,Direct Materials,USA,Strategic,False,True,77723,93.44,0.8562,0.7761,0.8202,60318.58,66548.19,-6229.61,3433.97
2023-03-01,P-TOL,SUP-RES2,Pacific Resin Traders,Plastic Resin,Direct Materials,Taiwan,Preferred,False,True,40130,93.44,0.8562,0.8093,0.85,32479.23,34360.33,-1881.09,1631.51
2023-04-01,P-TOL,SUP-STL1,Great Lakes Steel Co.,Steel & Metal,Direct Materials,USA,Strategic,False,True,453465,82.15,0.9886,0.8769,1.0615,397646.5,448278.55,-50632.05,83707.47
2023-04-01,P-TOL,SUP-STL2,Rio Grande Metals,Steel & Metal,Direct Materials,Mexico,Preferred,False,True,210284,82.15,0.9886,0.8825,1.1,185568.37,207878.62,-22310.26,45744.14
2023-04-01,P-TOL,SUP-STL3,Keystone Alloy Supply,Steel & Metal,Direct Materials,USA,Transactional,False,False,82468,82.15,0.9886,0.9644,1.166,79529.3,81525.24,-1995.94,16629.1
2023-04-01,P-TOL,SUP-ELE1,Shenzhen Circuit Works,Electrical/Electronic,Direct Materials,China,Strategic,False,True,30643,106.48,2.3684,2.379,2.2195,72901.86,72575.37,326.49,-4888.33
2023-04-01,P-TOL,SUP-ELE2,Lone Star Connectors,Electrical/Electronic,Direct Materials,USA,Preferred,False,True,15818,106.48,2.3684,2.5137,2.3,39764.65,37465.16,2299.49,-3380.99
2023-04-01,P-TOL,SUP-ELE3,Vertex Components,Electrical/Electronic,Direct Materials,USA,Transactional,False,False,7585,106.48,2.3684,2.621,2.438,19882.33,17965.72,1916.6,-1388.39
2023-04-01,P-TOL,SUP-RES1,Gulf Coast Polymers,Plastic Resin,Direct Materials,USA,Strategic,False,True,74209,94.95,0.8562,0.774,0.8202,57437.83,63539.57,-6101.74,3432.49
2023-04-01,P-TOL,SUP-RES2,Pacific Resin Traders,Plastic Resin,Direct Materials,Taiwan,Preferred,False,True,38275,94.95,0.8562,0.808,0.85,30928.06,32772.05,-1843.99,1605.95
2023-05-01,P-TOL,SUP-STL1,Great Lakes Steel Co.,Steel & Metal,Direct Materials,USA,Strategic,False,True,468399,84.09,0.9886,0.8685,1.0615,406786.58,463041.49,-56254.91,90419.59
2023-05-01,P-TOL,SUP-STL2,Rio Grande Metals,Steel & Metal,Direct Materials,Mexico,Preferred,False,True,205987,84.09,0.9886,0.9216,1.1,189833.74,203631.2,-13797.46,36752.54
2023-05-01,P-TOL,SUP-STL3,Keystone Alloy Supply,Steel & Metal,Direct Materials,USA,Transactional,False,False,81968,84.09,0.9886,0.9925,1.166,81357.32,81030.42,326.89,14217.45
2023-05-01,P-TOL,SUP-ELE1,Shenzhen Circuit Works,Electrical/Electronic,Direct Materials,China,Strategic,False,True,31814,105.94,2.3684,2.3441,2.2195,74577.54,75348.3,-770.76,-3965.37
2023-05-01,P-TOL,SUP-ELE2,Lone Star Connectors,Electrical/Electronic,Direct Materials,USA,Preferred,False,True,16202,105.94,2.3684,2.5107,2.3,40678.66,38372.95,2305.71,-3413.41
2023-05-01,P-TOL,SUP-ELE3,Vertex Components,Electrical/Electronic,Direct Materials,USA,Transactional,False,False,7880,105.94,2.3684,2.5811,2.438,20339.33,18663.03,1676.3,-1127.59
2023-05-01,P-TOL,SUP-RES1,Gulf Coast Polymers,Plastic Resin,Direct Materials,USA,Strategic,False,True,75891,93.9,0.8562,0.7742,0.8202,58758.06,64979.82,-6221.76,3492.0
2023-05-01,P-TOL,SUP-RES2,Pacific Resin Traders,Plastic Resin,Direct Materials,Taiwan,Preferred,False,True,38090,93.9,0.8562,0.8306,0.85,31638.96,32614.2,-975.24,738.35
2023-06-01,P-TOL,SUP-STL1,Great Lakes Steel Co.,Steel & Metal,Direct Materials,USA,Strategic,False,True,432088,82.38,0.9886,0.8686,1.0615,375328.65,427145.98,-51817.33,83333.52
2023-06-01,P-TOL,SUP-STL2,Rio Grande Metals,Steel & Metal,Direct Materials,Mexico,Preferred,False,True,190275,82.38,0.9886,0.9205,1.1,175153.37,188098.72,-12945.35,34149.48
2023-06-01,P-TOL,SUP-STL3,Keystone Alloy Supply,Steel & Metal,Direct Materials,USA,Transactional,False,False,78159,82.38,0.9886,0.9604,1.166,75065.73,77265.09,-2199.36,16067.86
2023-06-01,P-TOL,SUP-ELE1,Shenzhen Circuit Works,Electrical/Electronic,Direct Materials,China,Strategic,False,True,29234,106.23,2.3684,2.3537,2.2195,68810.25,69237.67,-427.41,-3924.63
2023-06-01,P-TOL,SUP-ELE2,Lone Star Connectors,Electrical/Electronic,Direct Materials,USA,Preferred,False,True,15080,106.23,2.3684,2.4888,2.3,37532.87,35717.11,1815.76,-2846.8
2023-06-01,P-TOL,SUP-ELE3,Vertex Components,Electrical/Electronic,Direct Materials,USA,Transactional,False,False,7134,106.23,2.3684,2.6304,2.438,18766.43,16896.99,1869.44,-1372.65
2023-06-01,P-TOL,SUP-RES1,Gulf Coast Polymers,Plastic Resin,Direct Materials,USA,Strategic,False,True,72023,92.1,0.8562,0.7527,0.8202,54214.14,61667.78,-7453.64,4863.02
2023-06-01,P-TOL,SUP-RES2,Pacific Resin Traders,Plastic Resin,Direct Materials,Taiwan,Preferred,False,True,38615,92.1,0.8562,0.756,0.85,29192.23,33063.64,-3871.41,3631.25
2023-07-01,P-TOL,SUP-STL1,Great Lakes Steel Co.,Steel & Metal,Direct Materials,USA,Strategic,False,True,492131,79.16,0.9886,0.834,1.0615,410431.42,486502.36,-76070.94,111966.63
2023-07-01,P-TOL,SUP-STL2,Rio Grande Metals,Steel & Metal,Direct Materials,Mexico,Preferred,False,True,216229,79.16,0.9886,0.8858,1.1,191534.66,213756.1,-22221.43,46317.88
2023-07-01,P-TOL,SUP-STL3,Keystone Alloy Supply,Steel & Metal,Direct Materials,USA,Transactional,False,False,89702,79.16,0.9886,0.9151,1.166,82086.28,88676.58,-6590.3,22507.07
2023-07-01,P-TOL,SUP-ELE1,Shenzhen Circuit Works,Electrical/Electronic,Direct Materials,China,Strategic,False,True,32572,106.5,2.3684,2.3101,2.2195,75245.76,77144.32,-1898.56,-2950.47
2023-07-01,P-TOL,SUP-ELE2,Lone Star Connectors,Electrical/Electronic,Direct Materials,USA,Preferred,False,True,17150,106.5,2.3684,2.3931,2.3,41043.14,40618.94,424.2,-1596.75
2023-07-01,P-TOL,SUP-ELE3,Vertex Components,Electrical/Electronic,Direct Materials,USA,Transactional,False,False,8028,106.5,2.3684,2.556,2.438,20521.57,19015.2,1506.37,-947.3
2023-07-01,P-TOL,SUP-RES1,Gulf Coast Polymers,Plastic Resin,Direct Materials,USA,Strategic,False,True,80796,88.92,0.8562,0.7338,0.8202,59284.54,69179.37,-9894.83,6988.65
2023-07-01,P-TOL,SUP-RES2,Pacific Resin Traders,Plastic Resin,Direct Materials,Taiwan,Preferred,False,True,45375,88.92,0.8562,0.7035,0.85,31922.44,38851.16,-6928.72,6646.52
2023-08-01,P-TOL,SUP-STL1,Great Lakes Steel Co.,Steel & Metal,Direct Materials,USA,Strategic,False,True,532167,78.26,0.9886,0.8338,1.0615,443699.02,526080.28,-82381.27,121197.14
2023-08-01,P-TOL,SUP-STL2,Rio Grande Metals,Steel & Metal,Direct Materials,Mexico,Preferred,False,True,239675,78.26,0.9886,0.8639,1.1,207059.54,236933.66,-29874.12,56583.34
2023-08-01,P-TOL,SUP-STL3,Keystone Alloy Supply,Steel & Metal,Direct Materials,USA,Transactional,False,False,98467,78.26,0.9886,0.9012,1.166,88739.8,97340.88,-8601.07,26073.02
2023-08-01,P-TOL,SUP-ELE1,Shenzhen Circuit Works,Electrical/Electronic,Direct Materials,China,Strategic,False,True,34631,106.71,2.3684,2.3488,2.2195,81344.82,82021.04,-676.22,-4479.34
2023-08-01,P-TOL,SUP-ELE2,Lone Star Connectors,Electrical/Electronic,Direct Materials,USA,Preferred,False,True,18701,106.71,2.3684,2.3726,2.3,44369.9,44291.53,78.38,-1356.94
2023-08-01,P-TOL,SUP-ELE3,Vertex Components,Electrical/Electronic,Direct Materials,USA,Transactional,False,False,8664,106.71,2.3684,2.5605,2.438,22184.95,20519.95,1665.0,-1061.69
2023-08-01,P-TOL,SUP-RES1,Gulf Coast Polymers,Plastic Resin,Direct Materials,USA,Strategic,False,True,87243,87.9,0.8562,0.7346,0.8202,64089.86,74699.19,-10609.34,7471.28
2023-08-01,P-TOL,SUP-RES2,Pacific Resin Traders,Plastic Resin,Direct Materials,Taiwan,Preferred,False,True,49914,87.9,0.8562,0.6914,0.85,34509.92,42737.77,-8227.85,7917.42
2023-09-01,P-TOL,SUP-STL1,Great Lakes Steel Co.,Steel & Metal,Direct Materials,USA,Strategic,False,True,611178,76.46,0.9886,0.8135,1.0615,497197.04,604187.26,-106990.22,151569.08
2023-09-01,P-TOL,SUP-STL2,Rio Grande Metals,Steel & Metal,Direct Materials,Mexico,Preferred,False,True,275997,76.46,0.9886,0.8407,1.1,232025.29,272840.31,-40815.03,71571.96
2023-09-01,P-TOL,SUP-STL3,Keystone Alloy Supply,Steel & Metal,Direct Materials,USA,Transactional,False,False,113156,76.46,0.9886,0.8788,1.166,99439.41,111862.27,-12422.87,32501.29
2023-09-01,P-TOL,SUP-ELE1,Shenzhen Circuit Works,Electrical/Electronic,Direct Materials,China,Strategic,False,True,38126,106.84,2.3684,2.3908,2.2195,91152.79,90298.27,854.52,-6530.36
2023-09-01,P-TOL,SUP-ELE2,Lone Star Connectors,Electrical/Electronic,Direct Materials,USA,Preferred,False,True,20131,106.84,2.3684,2.4698,2.3,49719.7,47677.81,2041.89,-3418.2
2023-09-01,P-TOL,SUP-ELE3,Vertex Components,Electrical/Electronic,Direct Materials,USA,Transactional,False,False,9615,106.84,2.3684,2.5854,2.438,24859.85,22773.32,2086.53,-1416.97
2023-09-01,P-TOL,SUP-RES1,Gulf Coast Polymers,Plastic Resin,Direct Materials,USA,Strategic,False,True,99070,87.79,0.8562,0.7249,0.8202,71817.35,84826.0,-13008.65,9445.16
2023-09-01,P-TOL,SUP-RES2,Pacific Resin Traders,Plastic Resin,Direct Materials,Taiwan,Preferred,False,True,55690,87.79,0.8562,0.6944,0.85,38670.88,47682.88,-9012.0,8665.65
2023-10-01,P-TOL,SUP-STL1,Great Lakes Steel Co.,Steel & Metal,Direct Materials,USA,Strategic,False,True,627063,74.84,0.9886,0.8001,1.0615,501683.78,619890.1,-118206.31,163943.78
2023-10-01,P-TOL,SUP-STL2,Rio Grande Metals,Steel & Metal,Direct Materials,Mexico,Preferred,False,True,287813,74.84,0.9886,0.8134,1.1,234119.1,284520.7,-50401.6,82475.25
2023-10-01,P-TOL,SUP-STL3,Keystone Alloy Supply,Steel & Metal,Direct Materials,USA,Transactional,False,False,117042,74.84,0.9886,0.8573,1.166,100336.76,115703.87,-15367.12,36135.08
2023-10-01,P-TOL,SUP-ELE1,Shenzhen Circuit Works,Electrical/Electronic,Direct Materials,China,Strategic,False,True,38395,106.94,2.3684,2.3954,2.2195,91975.36,90935.57,1039.79,-6755.69
2023-10-01,P-TOL,SUP-ELE2,Lone Star Connectors,Electrical/Electronic,Direct Materials,USA,Preferred,False,True,20217,106.94,2.3684,2.4815,2.3,50168.38,47882.03,2286.35,-3668.56
2023-10-01,P-TOL,SUP-ELE3,Vertex Components,Electrical/Electronic,Direct Materials,USA,Transactional,False,False,9416,106.94,2.3684,2.6638,2.438,25084.19,22302.35,2781.84,-2126.12
2023-10-01,P-TOL,SUP-RES1,Gulf Coast Polymers,Plastic Resin,Direct Materials,USA,Strategic,False,True,101344,87.39,0.8562,0.715,0.8202,72465.44,86772.78,-14307.34,10662.08
2023-10-01,P-TOL,SUP-RES2,Pacific Resin Traders,Plastic Resin,Direct Materials,Taiwan,Preferred,False,True,55622,87.39,0.8562,0.7015,0.85,39019.85,47624.97,-8605.12,8259.2
2023-11-01,P-TOL,SUP-STL1,Great Lakes Steel Co.,Steel & Metal,Direct Materials,USA,Strategic,False,True,611146,74.3,0.9886,0.7755,1.0615,473953.49,604155.29,-130201.8,174778.3
2023-11-01,P-TOL,SUP-STL2,Rio Grande Metals,Steel & Metal,Direct Materials,Mexico,Preferred,False,True,268180,74.3,0.9886,0.8247,1.1,221178.29,265113.19,-43934.9,73820.76
2023-11-01,P-TOL,SUP-STL3,Keystone Alloy Supply,Steel & Metal,Direct Materials,USA,Transactional,False,False,109591,74.3,0.9886,0.8649,1.166,94790.7,108337.37,-13546.67,32992.41
2023-11-01,P-TOL,SUP-ELE1,Shenzhen Circuit Works,Electrical/Electronic,Direct Materials,China,Strategic,False,True,36567,107.13,2.3684,2.3762,2.2195,86891.47,86606.44,285.04,-5728.82
2023-11-01,P-TOL,SUP-ELE2,Lone Star Connectors,Electrical/Electronic,Direct Materials,USA,Preferred,False,True,19176,107.13,2.3684,2.4716,2.3,47395.35,45416.67,1978.68,-3289.72
2023-11-01,P-TOL,SUP-ELE3,Vertex Components,Electrical/Electronic,Direct Materials,USA,Transactional,False,False,9053,107.13,2.3684,2.6174,2.438,23697.67,21443.03,2254.64,-1624.2
2023-11-01,P-TOL,SUP-RES1,Gulf Coast Polymers,Plastic Resin,Direct Materials,USA,Strategic,False,True,96538,87.53,0.8562,0.7091,0.8202,68459.95,82658.37,-14198.42,10726.0
2023-11-01,P-TOL,SUP-RES2,Pacific Resin Traders,Plastic Resin,Direct Materials,Taiwan,Preferred,False,True,52806,87.53,0.8562,0.6981,0.85,36863.05,45213.61,-8350.56,8022.15
2023-12-01,P-TOL,SUP-STL1,Great Lakes Steel Co.,Steel & Metal,Direct Materials,USA,Strategic,False,True,640569,76.88,0.9886,0.8005,1.0615,512797.81,633241.62,-120443.81,167166.4
2023-12-01,P-TOL,SUP-STL2,Rio Grande Metals,Steel & Metal,Direct Materials,Mexico,Preferred,False,True,284916,76.88,0.9886,0.8399,1.1,239305.64,281657.24,-42351.6,74102.45
2023-12-01,P-TOL,SUP-STL3,Keystone Alloy Supply,Steel & Metal,Direct Materials,USA,Transactional,False,False,112486,76.88,0.9886,0.9117,1.166,102559.56,111200.01,-8640.45,28600.01
2023-12-01,P-TOL,SUP-ELE1,Shenzhen Circuit Works,Electrical/Electronic,Direct Materials,China,Strategic,False,True,39851,107.13,2.3684,2.3591,2.2195,94012.93,94382.32,-369.39,-5563.16
2023-12-01,P-TOL,SUP-ELE2,Lone Star Connectors,Electrical/Electronic,Direct Materials,USA,Preferred,False,True,20948,107.13,2.3684,2.4479,2.3,51279.78,49612.92,1666.86,-3099.03
2023-12-01,P-TOL,SUP-ELE3,Vertex Components,Electrical/Electronic,Direct Materials,USA,Transactional,False,False,9917,107.13,2.3684,2.5854,2.438,25639.89,23487.32,2152.57,-1462.02
2023-12-01,P-TOL,SUP-RES1,Gulf Coast Polymers,Plastic Resin,Direct Materials,USA,Strategic,False,True,105141,87.19,0.8562,0.7045,0.8202,74070.79,90023.94,-15953.15,12171.31
2023-12-01,P-TOL,SUP-RES2,Pacific Resin Traders,Plastic Resin,Direct Materials,Taiwan,Preferred,False,True,59958,87.19,0.8562,0.6652,0.85,39884.27,51337.32,-11453.04,11080.15
2024-01-01,P-TOL,SUP-STL1,Great Lakes Steel Co.,Steel & Metal,Direct Materials,USA,Strategic,False,True,559015,79.92,0.8653,0.8637,0.8111,482822.5,483718.99,-896.49,-29409.77
2024-01-01,P-TOL,SUP-STL2,Rio Grande Metals,Steel & Metal,Direct Materials,Mexico,Preferred,False,True,252674,79.92,0.8653,0.8917,0.8405,225317.16,218640.79,6676.37,-12941.65
2024-01-01,P-TOL,SUP-STL3,Keystone Alloy Supply,Steel & Metal,Direct Materials,USA,Transactional,False,False,103442,79.92,0.8653,0.9335,0.8909,96564.5,89509.21,7055.29,-4403.57
2024-01-01,P-TOL,SUP-ELE1,Shenzhen Circuit Works,Electrical/Electronic,Direct Materials,China,Strategic,False,True,37240,108.33,2.4509,2.3769,2.3573,88517.46,91272.57,-2755.11,-730.1
2024-01-01,P-TOL,SUP-ELE2,Lone Star Connectors,Electrical/Electronic,Direct Materials,USA,Preferred,False,True,19452,108.33,2.4509,2.4821,2.4428,48282.25,47675.73,606.52,-763.86
2024-01-01,P-TOL,SUP-ELE3,Vertex Components,Electrical/Electronic,Direct Materials,USA,Transactional,False,False,8816,108.33,2.4509,2.7383,2.5894,24141.12,21607.74,2533.39,-1312.51
2024-01-01,P-TOL,SUP-RES1,Gulf Coast Polymers,Plastic Resin,Direct Materials,USA,Strategic,False,True,98457,86.16,0.7681,0.7083,0.743,69741.03,75620.56,-5879.53,3411.15
2024-01-01,P-TOL,SUP-RES2,Pacific Resin Traders,Plastic Resin,Direct Materials,Taiwan,Preferred,False,True,55994,86.16,0.7681,0.6707,0.7699,37552.86,43006.83,-5453.97,5559.07
2024-02-01,P-TOL,SUP-STL1,Great Lakes Steel Co.,Steel & Metal,Direct Materials,USA,Strategic,False,True,553597,81.42,0.8653,0.8716,0.8111,482533.87,479031.31,3502.56,-33515.13
2024-02-01,P-TOL,SUP-STL2,Rio Grande Metals,Steel & Metal,Direct Materials,Mexico,Preferred,False,True,251119,81.42,0.8653,0.8967,0.8405,225182.47,217295.3,7887.18,-14113.9
2024-02-01,P-TOL,SUP-STL3,Keystone Alloy Supply,Steel & Metal,Direct Materials,USA,Transactional,False,False,103588,81.42,0.8653,0.9316,0.8909,96506.77,89636.16,6870.61,-4215.13
2024-02-01,P-TOL,SUP-ELE1,Shenzhen Circuit Works,Electrical/Electronic,Direct Materials,China,Strategic,False,True,37009,108.62,2.4509,2.3903,2.3573,88464.54,90706.93,-2242.39,-1221.22
2024-02-01,P-TOL,SUP-ELE2,Lone Star Connectors,Electrical/Electronic,Direct Materials,USA,Preferred,False,True,19108,108.62,2.4509,2.5252,2.4428,48253.39,46833.99,1419.4,-1573.96
2024-02-01,P-TOL,SUP-ELE3,Vertex Components,Electrical/Electronic,Direct Materials,USA,Transactional,False,False,9002,108.62,2.4509,2.6799,2.5894,24126.69,22065.05,2061.64,-814.92
2024-02-01,P-TOL,SUP-RES1,Gulf Coast Polymers,Plastic Resin,Direct Materials,USA,Strategic,False,True,96163,88.01,0.7681,0.7248,0.743,69699.34,73858.73,-4159.4,1748.53
2024-02-01,P-TOL,SUP-RES2,Pacific Resin Traders,Plastic Resin,Direct Materials,Taiwan,Preferred,False,True,53941,88.01,0.7681,0.6958,0.7699,37530.41,41429.94,-3899.53,4000.78
2024-03-01,P-TOL,SUP-STL1,Great Lakes Steel Co.,Steel & Metal,Direct Materials,USA,Strategic,False,True,563960,75.85,0.8653,0.7944,0.8111,448034.84,487998.26,-39963.42,9389.05
2024-03-01,P-TOL,SUP-STL2,Rio Grande Metals,Steel & Metal,Direct Materials,Mexico,Preferred,False,True,252010,75.85,0.8653,0.8297,0.8405,209082.92,218066.18,-8983.26,2734.45
2024-03-01,P-TOL,SUP-STL3,Keystone Alloy Supply,Steel & Metal,Direct Materials,USA,Transactional,False,False,101265,75.85,0.8653,0.8849,0.8909,89606.97,87625.42,1981.54,614.37
2024-03-01,P-TOL,SUP-ELE1,Shenzhen Circuit Works,Electrical/Electronic,Direct Materials,China,Strategic,False,True,34391,108.82,2.4509,2.3884,2.3573,82139.72,84290.41,-2150.69,-1067.91
2024-03-01,P-TOL,SUP-ELE2,Lone Star Connectors,Electrical/Electronic,Direct Materials,USA,Preferred,False,True,17490,108.82,2.4509,2.5616,2.4428,44803.48,42867.47,1936.02,-2077.48
2024-03-01,P-TOL,SUP-ELE3,Vertex Components,Electrical/Electronic,Direct Materials,USA,Transactional,False,False,8263,108.82,2.4509,2.711,2.5894,22401.74,20252.61,2149.13,-1004.82
2024-03-01,P-TOL,SUP-RES1,Gulf Coast Polymers,Plastic Resin,Direct Materials,USA,Strategic,False,True,93460,87.18,0.7681,0.6924,0.743,64716.14,71782.57,-7066.43,4723.33
2024-03-01,P-TOL,SUP-RES2,Pacific Resin Traders,Plastic Resin,Direct Materials,Taiwan,Preferred,False,True,51580,87.18,0.7681,0.6756,0.7699,34847.15,39616.61,-4769.46,4866.28
2024-04-01,P-TOL,SUP-STL1,Great Lakes Steel Co.,Steel & Metal,Direct Materials,USA,Strategic,False,True,533957,74.19,0.8653,0.7772,0.8111,414991.08,462036.82,-47045.74,18097.92
2024-04-01,P-TOL,SUP-STL2,Rio Grande Metals,Steel & Metal,Direct Materials,Mexico,Preferred,False,True,243240,74.19,0.8653,0.7962,0.8405,193662.51,210477.3,-16814.8,10783.45
2024-04-01,P-TOL,SUP-STL3,Keystone Alloy Supply,Steel & Metal,Direct Materials,USA,Transactional,False,False,96363,74.19,0.8653,0.8613,0.8909,82998.22,83383.88,-385.67,2855.92
2024-04-01,P-TOL,SUP-ELE1,Shenzhen Circuit Works,Electrical/Electronic,Direct Materials,China,Strategic,False,True,31676,108.92,2.4509,2.4018,2.3573,76081.7,77637.68,-1555.98,-1408.59
2024-04-01,P-TOL,SUP-ELE2,Lone Star Connectors,Electrical/Electronic,Direct Materials,USA,Preferred,False,True,16469,108.92,2.4509,2.5198,2.4428,41499.11,40364.41,1134.7,-1267.91
2024-04-01,P-TOL,SUP-ELE3,Vertex Components,Electrical/Electronic,Direct Materials,USA,Transactional,False,False,7805,108.92,2.4509,2.6583,2.5894,20749.55,19130.55,1619.0,-538.09
2024-04-01,P-TOL,SUP-RES1,Gulf Coast Polymers,Plastic Resin,Direct Materials,USA,Strategic,False,True,84054,88.1,0.7681,0.7131,0.743,59943.16,64558.24,-4615.09,2507.8
2024-04-01,P-TOL,SUP-RES2,Pacific Resin Traders,Plastic Resin,Direct Materials,Taiwan,Preferred,False,True,46593,88.1,0.7681,0.6927,0.7699,32277.08,35785.96,-3508.87,3596.33
2024-05-01,P-TOL,SUP-STL1,Great Lakes Steel Co.,Steel & Metal,Direct Materials,USA,Strategic,False,True,525979,74.2,0.8653,0.7838,0.8111,412262.1,455132.72,-42870.62,14355.36
2024-05-01,P-TOL,SUP-STL2,Rio Grande Metals,Steel & Metal,Direct Materials,Mexico,Preferred,False,True,235699,74.2,0.8653,0.8162,0.8405,192388.98,203951.89,-11562.91,5718.55
2024-05-01,P-TOL,SUP-STL3,Keystone Alloy Supply,Steel & Metal,Direct Materials,USA,Transactional,False,False,92994,74.2,0.8653,0.8866,0.8909,82452.42,80468.49,1983.93,399.96
2024-05-01,P-TOL,SUP-ELE1,Shenzhen Circuit Works,Electrical/Electronic,Direct Materials,China,Strategic,False,True,30809,109.06,2.4509,2.4532,2.3573,75581.38,75511.51,69.88,-2953.26
2024-05-01,P-TOL,SUP-ELE2,Lone Star Connectors,Electrical/Electronic,Direct Materials,USA,Preferred,False,True,16660,109.06,2.4509,2.4744,2.4428,41226.21,40834.46,391.75,-526.51
2024-05-01,P-TOL,SUP-ELE3,Vertex Components,Electrical/Electronic,Direct Materials,USA,Transactional,False,False,7695,109.06,2.4509,2.6786,2.5894,20613.1,18861.26,1751.84,-686.14
2024-05-01,P-TOL,SUP-RES1,Gulf Coast Polymers,Plastic Resin,Direct Materials,USA,Strategic,False,True,82160,88.0,0.7681,0.7248,0.743,59548.97,63103.24,-3554.27,1494.48
2024-05-01,P-TOL,SUP-RES2,Pacific Resin Traders,Plastic Resin,Direct Materials,Taiwan,Preferred,False,True,46480,88.0,0.7681,0.6899,0.7699,32064.83,35699.34,-3634.51,3721.76
2024-06-01,P-TOL,SUP-STL1,Great Lakes Steel Co.,Steel & Metal,Direct Materials,USA,Strategic,False,True,554007,72.89,0.8653,0.7877,0.8111,436403.88,479385.92,-42982.04,12947.25
2024-06-01,P-TOL,SUP-STL2,Rio Grande Metals,Steel & Metal,Direct Materials,Mexico,Preferred,False,True,256840,72.89,0.8653,0.7929,0.8405,203655.14,222245.72,-18590.57,12222.0
2024-06-01,P-TOL,SUP-STL3,Keystone Alloy Supply,Steel & Metal,Direct Materials,USA,Transactional,False,False,102296,72.89,0.8653,0.8532,0.8909,87280.78,88518.03,-1237.26,3859.61
2024-06-01,P-TOL,SUP-ELE1,Shenzhen Circuit Works,Electrical/Electronic,Direct Materials,China,Strategic,False,True,32524,109.24,2.4509,2.4599,2.3573,80007.38,79715.56,291.82,-3335.73
2024-06-01,P-TOL,SUP-ELE2,Lone Star Connectors,Electrical/Electronic,Direct Materials,USA,Preferred,False,True,17282,109.24,2.4509,2.5252,2.4428,43640.39,42357.39,1283.0,-1422.78
2024-06-01,P-TOL,SUP-ELE3,Vertex Components,Electrical/Electronic,Direct Materials,USA,Transactional,False,False,8052,109.24,2.4509,2.7098,2.5894,21820.19,19735.44,2084.76,-969.67
2024-06-01,P-TOL,SUP-RES1,Gulf Coast Polymers,Plastic Resin,Direct Materials,USA,Strategic,False,True,88345,87.8,0.7681,0.7135,0.743,63036.12,67854.4,-4818.28,2603.41
2024-06-01,P-TOL,SUP-RES2,Pacific Resin Traders,Plastic Resin,Direct Materials,Taiwan,Preferred,False,True,49535,87.8,0.7681,0.6852,0.7699,33942.52,38045.63,-4103.11,4196.09
2024-07-01,P-TOL,SUP-STL1,Great Lakes Steel Co.,Steel & Metal,Direct Materials,USA,Strategic,False,True,611933,71.16,0.8653,0.752,0.8111,460190.38,529509.22,-69318.84,36143.7
2024-07-01,P-TOL,SUP-STL2,Rio Grande Metals,Steel & Metal,Direct Materials,Mexico,Preferred,False,True,277141,71.16,0.8653,0.7749,0.8405,214755.51,239812.0,-25056.49,18184.54
2024-07-01,P-TOL,SUP-STL3,Keystone Alloy Supply,Steel & Metal,Direct Materials,USA,Transactional,False,False,111563,71.16,0.8653,0.825,0.8909,92038.08,96536.17,-4498.09,7357.98
2024-07-01,P-TOL,SUP-ELE1,Shenzhen Circuit Works,Electrical/Electronic,Direct Materials,China,Strategic,False,True,34548,109.09,2.4509,2.442,2.3573,84368.24,84675.11,-306.87,-2926.42
2024-07-01,P-TOL,SUP-ELE2,Lone Star Connectors,Electrical/Electronic,Direct Materials,USA,Preferred,False,True,18743,109.09,2.4509,2.4552,2.4428,46019.04,45939.68,79.36,-230.96
2024-07-01,P-TOL,SUP-ELE3,Vertex Components,Electrical/Electronic,Direct Materials,USA,Transactional,False,False,8434,109.09,2.4509,2.7282,2.5894,23009.52,20671.21,2338.31,-1170.35
2024-07-01,P-TOL,SUP-RES1,Gulf Coast Polymers,Plastic Resin,Direct Materials,USA,Strategic,False,True,88505,89.17,0.7681,0.7511,0.743,66471.94,67976.71,-1504.77,-714.1
2024-07-01,P-TOL,SUP-RES2,Pacific Resin Traders,Plastic Resin,Direct Materials,Taiwan,Preferred,False,True,52063,89.17,0.7681,0.6875,0.7699,35792.59,39987.23,-4194.65,4292.37
2024-08-01,P-TOL,SUP-STL1,Great Lakes Steel Co.,Steel & Metal,Direct Materials,USA,Strategic,False,True,664036,69.78,0.8653,0.7434,0.8111,493633.0,574595.05,-80962.05,44962.16
2024-08-01,P-TOL,SUP-STL2,Rio Grande Metals,Steel & Metal,Direct Materials,Mexico,Preferred,False,True,309637,69.78,0.8653,0.744,0.8405,230362.07,267930.96,-37568.89,29891.17
2024-08-01,P-TOL,SUP-STL3,Keystone Alloy Supply,Steel & Metal,Direct Materials,USA,Transactional,False,False,120148,69.78,0.8653,0.8217,0.8909,98726.6,103965.08,-5238.48,8318.45
2024-08-01,P-TOL,SUP-ELE1,Shenzhen Circuit Works,Electrical/Electronic,Direct Materials,China,Strategic,False,True,37121,109.17,2.4509,2.4379,2.3573,90499.38,90982.16,-482.78,-2991.34
2024-08-01,P-TOL,SUP-ELE2,Lone Star Connectors,Electrical/Electronic,Direct Materials,USA,Preferred,False,True,19757,109.17,2.4509,2.4985,2.4428,49363.3,48423.54,939.76,-1099.57
2024-08-01,P-TOL,SUP-ELE3,Vertex Components,Electrical/Electronic,Direct Materials,USA,Transactional,False,False,9273,109.17,2.4509,2.6616,2.5894,24681.65,22728.15,1953.5,-669.32
2024-08-01,P-TOL,SUP-RES1,Gulf Coast Polymers,Plastic Resin,Direct Materials,USA,Strategic,False,True,97903,88.89,0.7681,0.7283,0.743,71302.54,75195.3,-3892.76,1438.26
2024-08-01,P-TOL,SUP-RES2,Pacific Resin Traders,Plastic Resin,Direct Materials,Taiwan,Preferred,False,True,54275,88.89,0.7681,0.7074,0.7699,38393.68,41686.55,-3292.87,3394.75
2024-09-01,P-TOL,SUP-STL1,Great Lakes Steel Co.,Steel & Metal,Direct Materials,USA,Strategic,False,True,701180,68.85,0.8653,0.7157,0.8111,501826.44,606735.45,-104909.02,66895.45
2024-09-01,P-TOL,SUP-STL2,Rio Grande Metals,Steel & Metal,Direct Materials,Mexico,Preferred,False,True,306051,68.85,0.8653,0.7652,0.8405,234185.67,264828.47,-30642.8,23053.99
2024-09-01,P-TOL,SUP-STL3,Keystone Alloy Supply,Steel & Metal,Direct Materials,USA,Transactional,False,False,125119,68.85,0.8653,0.8022,0.8909,100365.29,108266.76,-7901.47,11108.88
2024-09-01,P-TOL,SUP-ELE1,Shenzhen Circuit Works,Electrical/Electronic,Direct Materials,China,Strategic,False,True,37698,109.39,2.4509,2.4405,2.3573,92001.51,92395.86,-394.35,-3133.76
2024-09-01,P-TOL,SUP-ELE2,Lone Star Connectors,Electrical/Electronic,Direct Materials,USA,Preferred,False,True,20110,109.39,2.4509,2.4953,2.4428,50182.64,49290.36,892.28,-1054.95
2024-09-01,P-TOL,SUP-ELE3,Vertex Components,Electrical/Electronic,Direct Materials,USA,Transactional,False,False,9245,109.39,2.4509,2.7138,2.5894,25091.32,22660.98,2430.34,-1149.95
2024-09-01,P-TOL,SUP-RES1,Gulf Coast Polymers,Plastic Resin,Direct Materials,USA,Strategic,False,True,103475,86.67,0.7681,0.7005,0.743,72486.04,79474.8,-6988.76,4394.58
2024-09-01,P-TOL,SUP-RES2,Pacific Resin Traders,Plastic Resin,Direct Materials,Taiwan,Preferred,False,True,56368,86.67,0.7681,0.6924,0.7699,39030.95,43294.25,-4263.31,4369.12
2024-10-01,P-TOL,SUP-STL1,Great Lakes Steel Co.,Steel & Metal,Direct Materials,USA,Strategic,False,True,704124,69.49,0.8653,0.7322,0.8111,515528.24,609282.74,-93754.49,55581.33
2024-10-01,P-TOL,SUP-STL2,Rio Grande Metals,Steel & Metal,Direct Materials,Mexico,Preferred,False,True,306711,69.49,0.8653,0.7844,0.8405,240579.85,265399.15,-24819.31,17214.14
2024-10-01,P-TOL,SUP-STL3,Keystone Alloy Supply,Steel & Metal,Direct Materials,USA,Transactional,False,False,127824,69.49,0.8653,0.8066,0.8909,103105.65,110607.4,-7501.75,10778.51
2024-10-01,P-TOL,SUP-ELE1,Shenzhen Circuit Works,Electrical/Electronic,Direct Materials,China,Strategic,False,True,38162,109.56,2.4509,2.4766,2.3573,94513.51,93532.78,980.73,-4552.24
2024-10-01,P-TOL,SUP-ELE2,Lone Star Connectors,Electrical/Electronic,Direct Materials,USA,Preferred,False,True,20300,109.56,2.4509,2.5395,2.4428,51552.82,49754.9,1797.93,-1962.12
2024-10-01,P-TOL,SUP-ELE3,Vertex Components,Electrical/Electronic,Direct Materials,USA,Transactional,False,False,9610,109.56,2.4509,2.6821,2.5894,25776.41,23554.37,2222.04,-891.17
2024-10-01,P-TOL,SUP-RES1,Gulf Coast Polymers,Plastic Resin,Direct Materials,USA,Strategic,False,True,103075,87.75,0.7681,0.7224,0.743,74465.19,79167.6,-4702.4,2118.25
2024-10-01,P-TOL,SUP-RES2,Pacific Resin Traders,Plastic Resin,Direct Materials,Taiwan,Preferred,False,True,57534,87.75,0.7681,0.6969,0.7699,40096.64,44189.31,-4092.67,4200.67
2024-11-01,P-TOL,SUP-STL1,Great Lakes Steel Co.,Steel & Metal,Direct Materials,USA,Strategic,False,True,736645,70.36,0.8653,0.7429,0.8111,547230.35,637423.32,-90192.96,50256.72
2024-11-01,P-TOL,SUP-STL2,Rio Grande Metals,Steel & Metal,Direct Materials,Mexico,Preferred,False,True,328474,70.36,0.8653,0.7775,0.8405,255374.16,284230.69,-28856.53,20711.73
2024-11-01,P-TOL,SUP-STL3,Keystone Alloy Supply,Steel & Metal,Direct Materials,USA,Transactional,False,False,131629,70.36,0.8653,0.8315,0.8909,109446.07,113899.64,-4453.57,7827.86
2024-11-01,P-TOL,SUP-ELE1,Shenzhen Circuit Works,Electrical/Electronic,Direct Materials,China,Strategic,False,True,41817,110.08,2.4509,2.3991,2.3573,100325.56,102492.02,-2166.45,-1747.17
2024-11-01,P-TOL,SUP-ELE2,Lone Star Connectors,Electrical/Electronic,Direct Materials,USA,Preferred,False,True,21369,110.08,2.4509,2.5608,2.4428,54723.04,52374.07,2348.97,-2521.81
2024-11-01,P-TOL,SUP-ELE3,Vertex Components,Electrical/Electronic,Direct Materials,USA,Transactional,False,False,9959,110.08,2.4509,2.7472,2.5894,27361.52,24410.24,2951.28,-1572.06
2024-11-01,P-TOL,SUP-RES1,Gulf Coast Polymers,Plastic Resin,Direct Materials,USA,Strategic,False,True,108350,87.13,0.7681,0.7295,0.743,79044.38,83219.07,-4174.68,1458.28
2024-11-01,P-TOL,SUP-RES2,Pacific Resin Traders,Plastic Resin,Direct Materials,Taiwan,Preferred,False,True,60965,87.13,0.7681,0.6981,0.7699,42562.36,46824.94,-4262.58,4377.02
2024-12-01,P-TOL,SUP-STL1,Great Lakes Steel Co.,Steel & Metal,Direct Materials,USA,Strategic,False,True,763329,68.07,0.8653,0.7112,0.8111,542917.17,660513.18,-117596.01,76213.13
2024-12-01,P-TOL,SUP-STL2,Rio Grande Metals,Steel & Metal,Direct Materials,Mexico,Preferred,False,True,339491,68.07,0.8653,0.7463,0.8405,253361.34,293764.19,-40402.85,31984.87
2024-12-01,P-TOL,SUP-STL3,Keystone Alloy Supply,Steel & Metal,Direct Materials,USA,Transactional,False,False,135381,68.07,0.8653,0.8021,0.8909,108583.43,117146.24,-8562.81,12033.28
2024-12-01,P-TOL,SUP-ELE1,Shenzhen Circuit Works,Electrical/Electronic,Direct Materials,China,Strategic,False,True,39808,110.15,2.4509,2.5003,2.3573,99534.81,97568.46,1966.36,-5691.97
2024-12-01,P-TOL,SUP-ELE2,Lone Star Connectors,Electrical/Electronic,Direct Materials,USA,Preferred,False,True,21240,110.15,2.4509,2.5561,2.4428,54291.72,52058.4,2233.31,-2405.11
2024-12-01,P-TOL,SUP-ELE3,Vertex Components,Electrical/Electronic,Direct Materials,USA,Transactional,False,False,10142,110.15,2.4509,2.6765,2.5894,27145.86,24858.12,2287.74,-883.21
2024-12-01,P-TOL,SUP-RES1,Gulf Coast Polymers,Plastic Resin,Direct Materials,USA,Strategic,False,True,109606,86.61,0.7681,0.7155,0.743,78421.37,84183.45,-5762.08,3014.2
2024-12-01,P-TOL,SUP-RES2,Pacific Resin Traders,Plastic Resin,Direct Materials,Taiwan,Preferred,False,True,62055,86.61,0.7681,0.6805,0.7699,42226.89,47662.1,-5435.21,5551.7
2022-01-01,P-GRP,SUP-STL1,Great Lakes Steel Co.,Steel & Metal,Direct Materials,USA,Strategic,False,True,269799,100.0,1.0478,1.0628,1.0615,286732.2,282708.19,4024.01,-339.7
2022-01-01,P-GRP,SUP-STL2,Rio Grande Metals,Steel & Metal,Direct Materials,Mexico,Preferred,False,True,123563,100.0,1.0478,1.0829,1.1,133808.36,129475.11,4333.25,2111.29
2022-01-01,P-GRP,SUP-STL3,Keystone Alloy Supply,Steel & Metal,Direct Materials,USA,Transactional,False,False,48320,100.0,1.0478,1.1868,1.166,57346.44,50632.62,6713.82,-1004.45
2022-01-01,P-GRP,SUP-ELE1,Shenzhen Circuit Works,Electrical/Electronic,Direct Materials,China,Strategic,False,True,96997,100.0,2.2239,2.1678,2.2195,210270.28,215708.95,-5438.67,5014.79
2022-01-01,P-GRP,SUP-ELE2,Lone Star Connectors,Electrical/Electronic,Direct Materials,USA,Preferred,False,True,49297,100.0,2.2239,2.3266,2.3,114692.88,109630.69,5062.19,-1309.19
2022-01-01,P-GRP,SUP-ELE3,Vertex Components,Electrical/Electronic,Direct Materials,USA,Transactional,False,False,23720,100.0,2.2239,2.4176,2.438,57346.44,52750.87,4595.57,483.66
2022-01-01,P-GRP,SUP-RES1,Gulf Coast Polymers,Plastic Resin,Direct Materials,USA,Strategic,False,True,74370,100.0,0.8966,0.8353,0.8202,62125.31,66683.7,-4558.39,-1122.83
2022-01-01,P-GRP,SUP-RES2,Pacific Resin Traders,Plastic Resin,Direct Materials,Taiwan,Preferred,False,True,39880,100.0,0.8966,0.8388,0.85,33452.09,35758.9,-2306.81,446.74
2022-02-01,P-GRP,SUP-STL1,Great Lakes Steel Co.,Steel & Metal,Direct Materials,USA,Strategic,False,True,290453,93.22,1.0478,1.0049,0.9895,291866.47,304349.97,-12483.5,-4454.0
2022-02-01,P-GRP,SUP-STL2,Rio Grande Metals,Steel & Metal,Direct Materials,Mexico,Preferred,False,True,131672,93.22,1.0478,1.0344,1.0254,136204.35,137971.94,-1767.58,-1185.07
2022-02-01,P-GRP,SUP-STL3,Keystone Alloy Supply,Steel & Metal,Direct Materials,USA,Transactional,False,False,54560,93.22,1.0478,1.0699,1.0869,58373.29,57171.14,1202.15,931.22
2022-02-01,P-GRP,SUP-ELE1,Shenzhen Circuit Works,Electrical/Electronic,Direct Materials,China,Strategic,False,True,96506,100.68,2.2239,2.2178,2.2346,214035.41,214619.01,-583.6,1618.41
2022-02-01,P-GRP,SUP-ELE2,Lone Star Connectors,Electrical/Electronic,Direct Materials,USA,Preferred,False,True,50698,100.68,2.2239,2.3028,2.3156,116746.59,112747.2,3999.39,653.22
2022-02-01,P-GRP,SUP-ELE3,Vertex Components,Electrical/Electronic,Direct Materials,USA,Transactional,False,False,24719,100.68,2.2239,2.3615,2.4546,58373.29,54972.15,3401.14,2301.77
2022-02-01,P-GRP,SUP-RES1,Gulf Coast Polymers,Plastic Resin,Direct Materials,USA,Strategic,False,True,79629,100.06,0.8966,0.7941,0.8207,63237.74,71399.12,-8161.38,2117.61
2022-02-01,P-GRP,SUP-RES2,Pacific Resin Traders,Plastic Resin,Direct Materials,Taiwan,Preferred,False,True,40106,100.06,0.8966,0.849,0.8505,34051.09,35960.88,-1909.79,59.67
2022-03-01,P-GRP,SUP-STL1,Great Lakes Steel Co.,Steel & Metal,Direct Materials,USA,Strategic,False,True,301961,93.92,1.0478,0.9745,0.997,294253.01,316408.43,-22155.43,6790.58
2022-03-01,P-GRP,SUP-STL2,Rio Grande Metals,Steel & Metal,Direct Materials,Mexico,Preferred,False,True,130484,93.92,1.0478,1.0524,1.0331,137318.07,136727.52,590.56,-2511.85
2022-03-01,P-GRP,SUP-STL3,Keystone Alloy Supply,Steel & Metal,Direct Materials,USA,Transactional,False,False,54629,93.92,1.0478,1.0773,1.0951,58850.6,57243.55,1607.05,974.91
2022-03-01,P-GRP,SUP-ELE1,Shenzhen Circuit Works,Electrical/Electronic,Direct Materials,China,Strategic,False,True,95632,101.28,2.2239,2.2564,2.2479,215785.54,212673.55,3111.99,-813.03
2022-03-01,P-GRP,SUP-ELE2,Lone Star Connectors,Electrical/Electronic,Direct Materials,USA,Preferred,False,True,49664,101.28,2.2239,2.3699,2.3294,117701.2,110448.19,7253.01,-2009.89
2022-03-01,P-GRP,SUP-ELE3,Vertex Components,Electrical/Electronic,Direct Materials,USA,Transactional,False,False,23634,101.28,2.2239,2.49,2.4692,58850.6,52560.61,6289.99,-491.53
2022-03-01,P-GRP,SUP-RES1,Gulf Coast Polymers,Plastic Resin,Direct Materials,USA,Strategic,False,True,77286,100.1,0.8966,0.8249,0.8211,63754.82,69298.53,-5543.72,-296.89
2022-03-01,P-GRP,SUP-RES2,Pacific Resin Traders,Plastic Resin,Direct Materials,Taiwan,Preferred,False,True,40482,100.1,0.8966,0.848,0.8508,34329.52,36297.84,-1968.32,114.62
2022-04-01,P-GRP,SUP-STL1,Great Lakes Steel Co.,Steel & Metal,Direct Materials,USA,Strategic,False,True,273995,95.81,1.0478,1.0226,1.017,280193.62,287104.74,-6911.12,-1533.74
2022-04-01,P-GRP,SUP-STL2,Rio Grande Metals,Steel & Metal,Direct Materials,Mexico,Preferred,False,True,125626,95.81,1.0478,1.0408,1.0539,130757.02,131637.12,-880.09,1642.11
2022-04-01,P-GRP,SUP-STL3,Keystone Alloy Supply,Steel & Metal,Direct Materials,USA,Transactional,False,False,51043,95.81,1.0478,1.0979,1.1171,56038.72,53485.28,2553.45,983.86
2022-04-01,P-GRP,SUP-ELE1,Shenzhen Circuit Works,Electrical/Electronic,Direct Materials,China,Strategic,False,True,91212,101.61,2.2239,2.2527,2.2552,205475.32,202844.95,2630.37,230.42
2022-04-01,P-GRP,SUP-ELE2,Lone Star Connectors,Electrical/Electronic,Direct Materials,USA,Preferred,False,True,48846,101.61,2.2239,2.2945,2.337,112077.45,108628.75,3448.7,2078.8
2022-04-01,P-GRP,SUP-ELE3,Vertex Components,Electrical/Electronic,Direct Materials,USA,Transactional,False,False,22689,101.61,2.2239,2.4698,2.4773,56038.72,50458.39,5580.33,168.76
2022-04-01,P-GRP,SUP-RES1,Gulf Coast Polymers,Plastic Resin,Direct Materials,USA,Strategic,False,True,71136,104.1,0.8966,0.8534,0.8539,60708.62,63783.74,-3075.12,33.3
2022-04-01,P-GRP,SUP-RES2,Pacific Resin Traders,Plastic Resin,Direct Materials,Taiwan,Preferred,False,True,36769,104.1,0.8966,0.889,0.8848,32689.26,32968.84,-279.58,-153.96
2022-05-01,P-GRP,SUP-STL1,Great Lakes Steel Co.,Steel & Metal,Direct Materials,USA,Strategic,False,True,260865,100.31,1.0478,1.0539,1.0648,274924.64,273346.57,1578.07,2842.65
2022-05-01,P-GRP,SUP-STL2,Rio Grande Metals,Steel & Metal,Direct Materials,Mexico,Preferred,False,True,114702,100.31,1.0478,1.1185,1.1034,128298.17,120190.5,8107.67,-1734.13
2022-05-01,P-GRP,SUP-STL3,Keystone Alloy Supply,Steel & Metal,Direct Materials,USA,Transactional,False,False,47008,100.31,1.0478,1.1697,1.1696,54984.93,49257.7,5727.23,-2.98
2022-05-01,P-GRP,SUP-ELE1,Shenzhen Circuit Works,Electrical/Electronic,Direct Materials,China,Strategic,False,True,90821,102.23,2.2239,2.2199,2.269,201611.41,201974.13,-362.72,4461.0
2022-05-01,P-GRP,SUP-ELE2,Lone Star Connectors,Electrical/Electronic,Direct Materials,USA,Preferred,False,True,46984,102.23,2.2239,2.3405,2.3513,109969.86,104488.18,5481.68,505.13
2022-05-01,P-GRP,SUP-ELE3,Vertex Components,Electrical/Electronic,Direct Materials,USA,Transactional,False,False,21461,102.23,2.2239,2.562,2.4924,54984.93,47727.89,7257.04,-1494.65
2022-05-01,P-GRP,SUP-RES1,Gulf Coast Polymers,Plastic Resin,Direct Materials,USA,Strategic,False,True,67516,105.9,0.8966,0.8823,0.8686,59567.01,60537.6,-970.6,-919.58
2022-05-01,P-GRP,SUP-RES2,Pacific Resin Traders,Plastic Resin,Direct Materials,Taiwan,Preferred,False,True,35663,105.9,0.8966,0.8994,0.9002,32074.54,31977.33,97.22,27.94
2022-06-01,P-GRP,SUP-STL1,Great Lakes Steel Co.,Steel & Metal,Direct Materials,USA,Strategic,False,True,266175,97.38,1.0478,1.0328,1.0337,274918.87,278910.71,-3991.84,223.96
2022-06-01,P-GRP,SUP-STL2,Rio Grande Metals,Steel & Metal,Direct Materials,Mexico,Preferred,False,True,120993,97.38,1.0478,1.0604,1.0712,128295.47,126781.93,1513.54,1309.92
2022-06-01,P-GRP,SUP-STL3,Keystone Alloy Supply,Steel & Metal,Direct Materials,USA,Transactional,False,False,48397,97.38,1.0478,1.1361,1.1355,54983.77,50713.16,4270.61,-30.67
2022-06-01,P-GRP,SUP-ELE1,Shenzhen Circuit Works,Electrical/Electronic,Direct Materials,China,Strategic,False,True,86229,103.09,2.2239,2.338,2.2881,201607.17,191762.51,9844.66,-4307.66
2022-06-01,P-GRP,SUP-ELE2,Lone Star Connectors,Electrical/Electronic,Direct Materials,USA,Preferred,False,True,46958,103.09,2.2239,2.3418,2.3711,109967.55,104430.21,5537.33,1375.0
2022-06-01,P-GRP,SUP-ELE3,Vertex Components,Electrical/Electronic,Direct Materials,USA,Transactional,False,False,21771,103.09,2.2239,2.5254,2.5133,54983.77,48418.09,6565.68,-263.47
2022-06-01,P-GRP,SUP-RES1,Gulf Coast Polymers,Plastic Resin,Direct Materials,USA,Strategic,False,True,69527,107.18,0.8966,0.8567,0.8791,59565.75,62340.89,-2775.14,1558.64
2022-06-01,P-GRP,SUP-RES2,Pacific Resin Traders,Plastic Resin,Direct Materials,Taiwan,Preferred,False,True,35742,107.18,0.8966,0.8974,0.911,32073.87,32048.39,25.48,488.84
2022-07-01,P-GRP,SUP-STL1,Great Lakes Steel Co.,Steel & Metal,Direct Materials,USA,Strategic,False,True,297210,92.83,1.0478,0.998,0.9854,296609.0,311430.39,-14821.39,-3740.55
2022-07-01,P-GRP,SUP-STL2,Rio Grande Metals,Steel & Metal,Direct Materials,Mexico,Preferred,False,True,134319,92.83,1.0478,1.0305,1.0211,138417.54,140746.08,-2328.54,-1259.71
2022-07-01,P-GRP,SUP-STL3,Keystone Alloy Supply,Steel & Metal,Direct Materials,USA,Transactional,False,False,55498,92.83,1.0478,1.0689,1.0824,59321.8,58153.97,1167.83,749.85
2022-07-01,P-GRP,SUP-ELE1,Shenzhen Circuit Works,Electrical/Electronic,Direct Materials,China,Strategic,False,True,94738,103.64,2.2239,2.2959,2.3003,217513.27,210686.3,6826.97,412.94
2022-07-01,P-GRP,SUP-ELE2,Lone Star Connectors,Electrical/Electronic,Direct Materials,USA,Preferred,False,True,49202,103.64,2.2239,2.4113,2.3837,118643.6,109420.0,9223.6,-1358.58
2022-07-01,P-GRP,SUP-ELE3,Vertex Components,Electrical/Electronic,Direct Materials,USA,Transactional,False,False,22832,103.64,2.2239,2.5982,2.5267,59321.8,50776.04,8545.76,-1630.47
2022-07-01,P-GRP,SUP-RES1,Gulf Coast Polymers,Plastic Resin,Direct Materials,USA,Strategic,False,True,74703,105.06,0.8966,0.8603,0.8618,64265.28,66982.27,-2716.99,110.87
2022-07-01,P-GRP,SUP-RES2,Pacific Resin Traders,Plastic Resin,Direct Materials,Taiwan,Preferred,False,True,38811,105.06,0.8966,0.8916,0.893,34604.38,34799.9,-195.52,54.6
2022-08-01,P-GRP,SUP-STL1,Great Lakes Steel Co.,Steel & Metal,Direct Materials,USA,Strategic,False,True,316457,88.36,1.0478,0.946,0.9379,299380.66,331598.36,-32217.7,-2561.92
2022-08-01,P-GRP,SUP-STL2,Rio Grande Metals,Steel & Metal,Direct Materials,Mexico,Preferred,False,True,143482,88.36,1.0478,0.9737,0.972,139710.98,150346.8,-10635.83,-252.2
2022-08-01,P-GRP,SUP-STL3,Keystone Alloy Supply,Steel & Metal,Direct Materials,USA,Transactional,False,False,59252,88.36,1.0478,1.0105,1.0303,59876.13,62087.11,-2210.98,1170.11
2022-08-01,P-GRP,SUP-ELE1,Shenzhen Circuit Works,Electrical/Electronic,Direct Materials,China,Strategic,False,True,91477,104.02,2.2239,2.4,2.3087,219545.82,203433.95,16111.87,-8349.65
2022-08-01,P-GRP,SUP-ELE2,Lone Star Connectors,Electrical/Electronic,Direct Materials,USA,Preferred,False,True,49396,104.02,2.2239,2.4243,2.3925,119752.26,109851.0,9901.27,-1573.54
2022-08-01,P-GRP,SUP-ELE3,Vertex Components,Electrical/Electronic,Direct Materials,USA,Transactional,False,False,23623,104.02,2.2239,2.5346,2.536,59876.13,52536.45,7339.68,34.22
2022-08-01,P-GRP,SUP-RES1,Gulf Coast Polymers,Plastic Resin,Direct Materials,USA,Strategic,False,True,78663,101.8,0.8966,0.8246,0.835,64865.81,70532.75,-5666.94,819.22
2022-08-01,P-GRP,SUP-RES2,Pacific Resin Traders,Plastic Resin,Direct Materials,Taiwan,Preferred,False,True,40185,101.8,0.8966,0.8692,0.8653,34927.74,36031.77,-1104.03,-155.41
2022-09-01,P-GRP,SUP-STL1,Great Lakes Steel Co.,Steel & Metal,Direct Materials,USA,Strategic,False,True,371371,83.39,1.0478,0.904,0.8852,335737.92,389139.18,-53401.26,-7005.77
2022-09-01,P-GRP,SUP-STL2,Rio Grande Metals,Steel & Metal,Direct Materials,Mexico,Preferred,False,True,170734,83.39,1.0478,0.9177,0.9173,156677.7,178903.63,-22225.94,-64.24
2022-09-01,P-GRP,SUP-STL3,Keystone Alloy Supply,Steel & Metal,Direct Materials,USA,Transactional,False,False,70066,83.39,1.0478,0.9583,0.9723,67147.58,73418.94,-6271.36,980.14
2022-09-01,P-GRP,SUP-ELE1,Shenzhen Circuit Works,Electrical/Electronic,Direct Materials,China,Strategic,False,True,103406,104.3,2.2239,2.381,2.3149,246207.81,229963.07,16244.73,-6827.64
2022-09-01,P-GRP,SUP-ELE2,Lone Star Connectors,Electrical/Electronic,Direct Materials,USA,Preferred,False,True,55461,104.3,2.2239,2.4214,2.3989,134295.17,123338.58,10956.59,-1249.21
2022-09-01,P-GRP,SUP-ELE3,Vertex Components,Electrical/Electronic,Direct Materials,USA,Transactional,False,False,26376,104.3,2.2239,2.5457,2.5428,67147.58,58658.14,8489.44,-76.25
2022-09-01,P-GRP,SUP-RES1,Gulf Coast Polymers,Plastic Resin,Direct Materials,USA,Strategic,False,True,88667,100.78,0.8966,0.8204,0.8266,72743.22,79502.66,-6759.44,553.38
2022-09-01,P-GRP,SUP-RES2,Pacific Resin Traders,Plastic Resin,Direct Materials,Taiwan,Preferred,False,True,46124,100.78,0.8966,0.8492,0.8566,39169.42,41357.17,-2187.75,342.27
2022-10-01,P-GRP,SUP-STL1,Great Lakes Steel Co.,Steel & Metal,Direct Materials,USA,Strategic,False,True,367915,79.56,1.0478,0.866,0.8445,318608.42,385517.92,-66909.5,-7893.15
2022-10-01,P-GRP,SUP-STL2,Rio Grande Metals,Steel & Metal,Direct Materials,Mexico,Preferred,False,True,173616,79.56,1.0478,0.8564,0.8752,148683.93,181922.69,-33238.76,3257.98
2022-10-01,P-GRP,SUP-STL3,Keystone Alloy Supply,Steel & Metal,Direct Materials,USA,Transactional,False,False,68024,79.56,1.0478,0.9368,0.9277,63721.68,71278.64,-7556.95,-617.82
2022-10-01,P-GRP,SUP-ELE1,Shenzhen Circuit Works,Electrical/Electronic,Direct Materials,China,Strategic,False,True,99878,104.57,2.2239,2.3393,2.3209,233646.17,222117.14,11529.03,-1834.7
2022-10-01,P-GRP,SUP-ELE2,Lone Star Connectors,Electrical/Electronic,Direct Materials,USA,Preferred,False,True,52187,104.57,2.2239,2.442,2.4051,127443.37,116057.93,11385.44,-1927.0
2022-10-01,P-GRP,SUP-ELE3,Vertex Components,Electrical/Electronic,Direct Materials,USA,Transactional,False,False,24834,104.57,2.2239,2.5658,2.5494,63721.68,55228.92,8492.77,-407.95
2022-10-01,P-GRP,SUP-RES1,Gulf Coast Polymers,Plastic Resin,Direct Materials,USA,Strategic,False,True,85270,98.45,0.8966,0.8096,0.8075,69031.82,76457.08,-7425.26,-172.74
2022-10-01,P-GRP,SUP-RES2,Pacific Resin Traders,Plastic Resin,Direct Materials,Taiwan,Preferred,False,True,44696,98.45,0.8966,0.8316,0.8368,37170.98,40077.05,-2906.07,232.49
2022-11-01,P-GRP,SUP-STL1,Great Lakes Steel Co.,Steel & Metal,Direct Materials,USA,Strategic,False,True,406326,77.44,1.0478,0.8231,0.822,334461.23,425766.68,-91305.45,-450.62
2022-11-01,P-GRP,SUP-STL2,Rio Grande Metals,Steel & Metal,Direct Materials,Mexico,Preferred,False,True,183536,77.44,1.0478,0.8504,0.8518,156081.91,192318.06,-36236.15,262.14
2022-11-01,P-GRP,SUP-STL3,Keystone Alloy Supply,Steel & Metal,Direct Materials,USA,Transactional,False,False,72569,77.44,1.0478,0.9218,0.903,66892.25,76041.51,-9149.26,-1365.61
2022-11-01,P-GRP,SUP-ELE1,Shenzhen Circuit Works,Electrical/Electronic,Direct Materials,China,Strategic,False,True,106331,104.96,2.2239,2.3067,2.3296,245271.57,236467.89,8803.68,2437.41
2022-11-01,P-GRP,SUP-ELE2,Lone Star Connectors,Electrical/Electronic,Direct Materials,USA,Preferred,False,True,53451,104.96,2.2239,2.5029,2.4141,133784.49,118869.08,14915.41,-4748.41
2022-11-01,P-GRP,SUP-ELE3,Vertex Components,Electrical/Electronic,Direct Materials,USA,Transactional,False,False,25988,104.96,2.2239,2.574,2.5589,66892.25,57793.96,9098.28,-390.87
2022-11-01,P-GRP,SUP-RES1,Gulf Coast Polymers,Plastic Resin,Direct Materials,USA,Strategic,False,True,96445,93.23,0.8966,0.7514,0.7647,72466.6,86476.85,-14010.25,1287.02
2022-11-01,P-GRP,SUP-RES2,Pacific Resin Traders,Plastic Resin,Direct Materials,Taiwan,Preferred,False,True,49404,93.23,0.8966,0.7898,0.7925,39020.48,44297.91,-5277.43,130.21
2022-12-01,P-GRP,SUP-STL1,Great Lakes Steel Co.,Steel & Metal,Direct Materials,USA,Strategic,False,True,392753,76.21,1.0478,0.8162,0.809,320552.54,411544.83,-90992.29,-2826.83
2022-12-01,P-GRP,SUP-STL2,Rio Grande Metals,Steel & Metal,Direct Materials,Mexico,Preferred,False,True,177788,76.21,1.0478,0.8414,0.8383,149591.19,186294.9,-36703.71,-549.12
2022-12-01,P-GRP,SUP-STL3,Keystone Alloy Supply,Steel & Metal,Direct Materials,USA,Transactional,False,False,73785,76.21,1.0478,0.8689,0.8886,64110.51,77315.42,-13204.91,1455.67
2022-12-01,P-GRP,SUP-ELE1,Shenzhen Circuit Works,Electrical/Electronic,Direct Materials,China,Strategic,False,True,97514,105.29,2.2239,2.4106,2.3369,235071.86,216859.15,18212.72,-7189.55
2022-12-01,P-GRP,SUP-ELE2,Lone Star Connectors,Electrical/Electronic,Direct Materials,USA,Preferred,False,True,52834,105.29,2.2239,2.4268,2.4217,128221.02,117497.31,10723.71,-273.02
2022-12-01,P-GRP,SUP-ELE3,Vertex Components,Electrical/Electronic,Direct Materials,USA,Transactional,False,False,24497,105.29,2.2239,2.617,2.567,64110.51,54479.97,9630.54,-1225.33
2022-12-01,P-GRP,SUP-RES1,Gulf Coast Polymers,Plastic Resin,Direct Materials,USA,Strategic,False,True,91324,92.12,0.8966,0.7605,0.7556,69453.05,81885.26,-12432.21,-446.96
2022-12-01,P-GRP,SUP-RES2,Pacific Resin Traders,Plastic Resin,Direct Materials,Taiwan,Preferred,False,True,47464,92.12,0.8966,0.7879,0.783,37397.8,42558.22,-5160.42,-232.48
2023-01-01,P-GRP,SUP-STL1,Great Lakes Steel Co.,Steel & Metal,Direct Materials,USA,Strategic,False,True,390443,76.41,0.9886,0.8001,1.0615,312387.44,385977.33,-73589.89,102068.53
2023-01-01,P-GRP,SUP-STL2,Rio Grande Metals,Steel & Metal,Direct Materials,Mexico,Preferred,False,True,173714,76.41,0.9886,0.8392,1.1,145780.81,171727.47,-25946.67,45305.28
2023-01-01,P-GRP,SUP-STL3,Keystone Alloy Supply,Steel & Metal,Direct Materials,USA,Transactional,False,False,69955,76.41,0.9886,0.8931,1.166,62477.49,69155.08,-6677.59,19090.4
2023-01-01,P-GRP,SUP-ELE1,Shenzhen Circuit Works,Electrical/Electronic,Direct Materials,China,Strategic,False,True,97213,106.21,2.3684,2.3565,2.2195,229084.12,230236.7,-1152.58,-13319.31
2023-01-01,P-GRP,SUP-ELE2,Lone Star Connectors,Electrical/Electronic,Direct Materials,USA,Preferred,False,True,50506,106.21,2.3684,2.474,2.3,124954.98,119618.27,5336.71,-8789.72
2023-01-01,P-GRP,SUP-ELE3,Vertex Components,Electrical/Electronic,Direct Materials,USA,Transactional,False,False,23325,106.21,2.3684,2.6785,2.438,62477.49,55242.83,7234.66,-5610.47
2023-01-01,P-GRP,SUP-RES1,Gulf Coast Polymers,Plastic Resin,Direct Materials,USA,Strategic,False,True,91208,90.58,0.8562,0.7421,0.8202,67683.95,78094.88,-10410.93,7130.22
2023-01-01,P-GRP,SUP-RES2,Pacific Resin Traders,Plastic Resin,Direct Materials,Taiwan,Preferred,False,True,47971,90.58,0.8562,0.7597,0.85,36445.2,41074.24,-4629.04,4330.7
2023-02-01,P-GRP,SUP-STL1,Great Lakes Steel Co.,Steel & Metal,Direct Materials,USA,Strategic,False,True,348447,78.56,0.9886,0.8437,1.0615,293967.72,344461.28,-50493.56,75909.01
2023-02-01,P-GRP,SUP-STL2,Rio Grande Metals,Steel & Metal,Direct Materials,Mexico,Preferred,False,True,158975,78.56,0.9886,0.8629,1.1,137184.93,157157.4,-19972.46,37688.61
2023-02-01,P-GRP,SUP-STL3,Keystone Alloy Supply,Steel & Metal,Direct Materials,USA,Transactional,False,False,64955,78.56,0.9886,0.9051,1.166,58793.54,64212.87,-5419.33,16945.06
2023-02-01,P-GRP,SUP-ELE1,Shenzhen Circuit Works,Electrical/Electronic,Direct Materials,China,Strategic,False,True,90247,106.25,2.3684,2.3887,2.2195,215576.33,213740.07,1836.26,-15271.23
2023-02-01,P-GRP,SUP-ELE2,Lone Star Connectors,Electrical/Electronic,Direct Materials,USA,Preferred,False,True,47436,106.25,2.3684,2.4788,2.3,117587.09,112346.55,5240.54,-8483.64
2023-02-01,P-GRP,SUP-ELE3,Vertex Components,Electrical/Electronic,Direct Materials,USA,Transactional,False,False,22968,106.25,2.3684,2.5598,2.438,58793.54,54397.55,4396.0,-2796.65
2023-02-01,P-GRP,SUP-RES1,Gulf Coast Polymers,Plastic Resin,Direct Materials,USA,Strategic,False,True,84607,92.62,0.8562,0.7528,0.8202,63693.01,72442.93,-8749.93,5706.65
2023-02-01,P-GRP,SUP-RES2,Pacific Resin Traders,Plastic Resin,Direct Materials,Taiwan,Preferred,False,True,43047,92.62,0.8562,0.7967,0.85,34296.23,36858.39,-2562.15,2294.43
2023-03-01,P-GRP,SUP-STL1,Great Lakes Steel Co.,Steel & Metal,Direct Materials,USA,Strategic,False,True,356636,80.48,0.9886,0.8364,1.0615,298281.35,352556.67,-54275.32,80288.07
2023-03-01,P-GRP,SUP-STL2,Rio Grande Metals,Steel & Metal,Direct Materials,Mexico,Preferred,False,True,157156,80.48,0.9886,0.8857,1.1,139197.96,155358.54,-16160.58,33673.94
2023-03-01,P-GRP,SUP-STL3,Keystone Alloy Supply,Steel & Metal,Direct Materials,USA,Transactional,False,False,62438,80.48,0.9886,0.9554,1.166,59656.27,61724.62,-2068.35,13147.45
2023-03-01,P-GRP,SUP-ELE1,Shenzhen Circuit Works,Electrical/Electronic,Direct Materials,China,Strategic,False,True,94680,106.38,2.3684,2.3103,2.2195,218739.66,224239.13,-5499.48,-8595.43
2023-03-01,P-GRP,SUP-ELE2,Lone Star Connectors,Electrical/Electronic,Direct Materials,USA,Preferred,False,True,49083,106.38,2.3684,2.4308,2.3,119312.54,116246.88,3065.66,-6421.35
2023-03-01,P-GRP,SUP-ELE3,Vertex Components,Electrical/Electronic,Direct Materials,USA,Transactional,False,False,22870,106.38,2.3684,2.6085,2.438,59656.27,54165.14,5491.13,-3898.61
2023-03-01,P-GRP,SUP-RES1,Gulf Coast Polymers,Plastic Resin,Direct Materials,USA,Strategic,False,True,84787,93.44,0.8562,0.7622,0.8202,64627.63,72597.06,-7969.43,4919.68
2023-03-01,P-GRP,SUP-RES2,Pacific Resin Traders,Plastic Resin,Direct Materials,Taiwan,Preferred,False,True,43961,93.44,0.8562,0.7916,0.85,34799.49,37640.86,-2841.37,2567.97
2023-04-01,P-GRP,SUP-STL1,Great Lakes Steel Co.,Steel & Metal,Direct Materials,USA,Strategic,False,True,339115,82.15,0.9886,0.8827,1.0615,299333.06,335236.28,-35903.22,60638.02
2023-04-01,P-GRP,SUP-STL2,Rio Grande Metals,Steel & Metal,Direct Materials,Mexico,Preferred,False,True,152095,82.15,0.9886,0.9184,1.1,139688.76,150355.68,-10666.92,27616.32
2023-04-01,P-GRP,SUP-STL3,Keystone Alloy Supply,Steel & Metal,Direct Materials,USA,Transactional,False,False,62688,82.15,0.9886,0.955,1.166,59866.61,61971.81,-2105.2,13228.67
2023-04-01,P-GRP,SUP-ELE1,Shenzhen Circuit Works,Electrical/Electronic,Direct Materials,China,Strategic,False,True,91047,106.48,2.3684,2.4109,2.2195,219510.91,215634.73,3876.18,-17430.25
2023-04-01,P-GRP,SUP-ELE2,Lone Star Connectors,Electrical/Electronic,Direct Materials,USA,Preferred,False,True,48261,106.48,2.3684,2.4809,2.3,119733.22,114301.24,5431.98,-8731.51
2023-04-01,P-GRP,SUP-ELE3,Vertex Components,Electrical/Electronic,Direct Materials,USA,Transactional,False,False,23551,106.48,2.3684,2.542,2.438,59866.61,55778.13,4088.49,-2448.55
2023-04-01,P-GRP,SUP-RES1,Gulf Coast Polymers,Plastic Resin,Direct Materials,USA,Strategic,False,True,82182,94.95,0.8562,0.7892,0.8202,64855.5,70366.02,-5510.52,2554.49
2023-04-01,P-GRP,SUP-RES2,Pacific Resin Traders,Plastic Resin,Direct Materials,Taiwan,Preferred,False,True,43153,94.95,0.8562,0.8093,0.85,34922.19,36948.88,-2026.69,1758.31
2023-05-01,P-GRP,SUP-STL1,Great Lakes Steel Co.,Steel & Metal,Direct Materials,USA,Strategic,False,True,314801,84.09,0.9886,0.8944,1.0615,281563.19,311200.34,-29637.15,52598.5
2023-05-01,P-GRP,SUP-STL2,Rio Grande Metals,Steel & Metal,Direct Materials,Mexico,Preferred,False,True,145642,84.09,0.9886,0.9022,1.1,131396.16,143976.59,-12580.43,28810.72
2023-05-01,P-GRP,SUP-STL3,Keystone Alloy Supply,Steel & Metal,Direct Materials,USA,Transactional,False,False,57697,84.09,0.9886,0.976,1.166,56312.64,57037.22,-724.58,10962.33
2023-05-01,P-GRP,SUP-ELE1,Shenzhen Circuit Works,Electrical/Electronic,Direct Materials,China,Strategic,False,True,87228,105.94,2.3684,2.3671,2.2195,206479.67,206589.01,-109.33,-12876.15
2023-05-01,P-GRP,SUP-ELE2,Lone Star Connectors,Electrical/Electronic,Direct Materials,USA,Preferred,False,True,46322,105.94,2.3684,2.4313,2.3,112625.28,109708.95,2916.32,-6083.28
2023-05-01,P-GRP,SUP-ELE3,Vertex Components,Electrical/Electronic,Direct Materials,USA,Transactional,False,False,21583,105.94,2.3684,2.6091,2.438,56312.64,51117.31,5195.33,-3692.42
2023-05-01,P-GRP,SUP-RES1,Gulf Coast Polymers,Plastic Resin,Direct Materials,USA,Strategic,False,True,78834,93.9,0.8562,0.7738,0.8202,61005.36,67499.54,-6494.19,3658.58
2023-05-01,P-GRP,SUP-RES2,Pacific Resin Traders,Plastic Resin,Direct Materials,Taiwan,Preferred,False,True,40242,93.9,0.8562,0.8163,0.85,32849.04,34456.52,-1607.49,1357.21
2023-06-01,P-GRP,SUP-STL1,Great Lakes Steel Co.,Steel & Metal,Direct Materials,USA,Strategic,False,True,318960,82.38,0.9886,0.8847,1.0615,282193.83,315312.33,-33118.5,56383.25
2023-06-01,P-GRP,SUP-STL2,Rio Grande Metals,Steel & Metal,Direct Materials,Mexico,Preferred,False,True,146067,82.38,0.9886,0.9016,1.1,131690.45,144396.46,-12706.01,28983.64
2023-06-01,P-GRP,SUP-STL3,Keystone Alloy Supply,Steel & Metal,Direct Materials,USA,Transactional,False,False,57907,82.38,0.9886,0.9746,1.166,56438.77,57245.44,-806.68,11081.8
2023-06-01,P-GRP,SUP-ELE1,Shenzhen Circuit Works,Electrical/Electronic,Direct Materials,China,Strategic,False,True,86555,106.23,2.3684,2.3909,2.2195,206942.14,204994.59,1947.55,-14832.81
2023-06-01,P-GRP,SUP-ELE2,Lone Star Connectors,Electrical/Electronic,Direct Materials,USA,Preferred,False,True,45965,106.23,2.3684,2.4557,2.3,112877.53,108862.92,4014.61,-7157.15
2023-06-01,P-GRP,SUP-ELE3,Vertex Components,Electrical/Electronic,Direct Materials,USA,Transactional,False,False,21873,106.23,2.3684,2.5802,2.438,56438.77,51804.72,4634.04,-3110.93
2023-06-01,P-GRP,SUP-RES1,Gulf Coast Polymers,Plastic Resin,Direct Materials,USA,Strategic,False,True,80842,92.1,0.8562,0.7563,0.8202,61142.0,69218.67,-8076.67,5168.85
2023-06-01,P-GRP,SUP-RES2,Pacific Resin Traders,Plastic Resin,Direct Materials,Taiwan,Preferred,False,True,43274,92.1,0.8562,0.7608,0.85,32922.61,37052.38,-4129.77,3860.64
2023-07-01,P-GRP,SUP-STL1,Great Lakes Steel Co.,Steel & Metal,Direct Materials,USA,Strategic,False,True,353809,79.16,0.9886,0.8531,1.0615,301848.25,349762.69,-47914.44,73721.05
2023-07-01,P-GRP,SUP-STL2,Rio Grande Metals,Steel & Metal,Direct Materials,Mexico,Preferred,False,True,165100,79.16,0.9886,0.8532,1.1,140862.52,163211.49,-22348.97,40747.59
2023-07-01,P-GRP,SUP-STL3,Keystone Alloy Supply,Steel & Metal,Direct Materials,USA,Transactional,False,False,65170,79.16,0.9886,0.9263,1.166,60369.65,64424.91,-4055.26,15619.04
2023-07-01,P-GRP,SUP-ELE1,Shenzhen Circuit Works,Electrical/Electronic,Direct Materials,China,Strategic,False,True,93604,106.5,2.3684,2.3648,2.2195,221355.38,221690.59,-335.2,-13599.51
2023-07-01,P-GRP,SUP-ELE2,Lone Star Connectors,Electrical/Electronic,Direct Materials,USA,Preferred,False,True,48989,106.5,2.3684,2.4646,2.3,120739.3,116024.48,4714.82,-8064.09
2023-07-01,P-GRP,SUP-ELE3,Vertex Components,Electrical/Electronic,Direct Materials,USA,Transactional,False,False,23244,106.5,2.3684,2.5971,2.438,60369.65,55052.4,5317.25,-3698.66
2023-07-01,P-GRP,SUP-RES1,Gulf Coast Polymers,Plastic Resin,Direct Materials,USA,Strategic,False,True,93660,88.92,0.8562,0.6983,0.8202,65400.45,80193.98,-14793.53,11424.63
2023-07-01,P-GRP,SUP-RES2,Pacific Resin Traders,Plastic Resin,Direct Materials,Taiwan,Preferred,False,True,48141,88.92,0.8562,0.7315,0.85,35215.63,41220.01,-6004.39,5704.98
2023-08-01,P-GRP,SUP-STL1,Great Lakes Steel Co.,Steel & Metal,Direct Materials,USA,Strategic,False,True,391842,78.26,0.9886,0.8263,1.0615,323777.94,387360.61,-63582.67,92163.37
2023-08-01,P-GRP,SUP-STL2,Rio Grande Metals,Steel & Metal,Direct Materials,Mexico,Preferred,False,True,177599,78.26,0.9886,0.8508,1.1,151096.37,175567.92,-24471.55,44263.09
2023-08-01,P-GRP,SUP-STL3,Keystone Alloy Supply,Steel & Metal,Direct Materials,USA,Transactional,False,False,70392,78.26,0.9886,0.9199,1.166,64755.59,69587.09,-4831.51,17321.86
2023-08-01,P-GRP,SUP-ELE1,Shenzhen Circuit Works,Electrical/Electronic,Direct Materials,China,Strategic,False,True,98161,106.71,2.3684,2.4188,2.2195,237437.16,232482.48,4954.68,-19567.74
2023-08-01,P-GRP,SUP-ELE2,Lone Star Connectors,Electrical/Electronic,Direct Materials,USA,Preferred,False,True,52295,106.71,2.3684,2.4765,2.3,129511.18,123855.93,5655.25,-9230.59
2023-08-01,P-GRP,SUP-ELE3,Vertex Components,Electrical/Electronic,Direct Materials,USA,Transactional,False,False,24894,106.71,2.3684,2.6012,2.438,64755.59,58959.0,5796.59,-4063.13
2023-08-01,P-GRP,SUP-RES1,Gulf Coast Polymers,Plastic Resin,Direct Materials,USA,Strategic,False,True,93189,87.9,0.8562,0.7528,0.8202,70151.89,79790.43,-9638.54,6286.6
2023-08-01,P-GRP,SUP-RES2,Pacific Resin Traders,Plastic Resin,Direct Materials,Taiwan,Preferred,False,True,55268,87.9,0.8562,0.6835,0.85,37774.09,47322.06,-9547.97,9204.24
2023-09-01,P-GRP,SUP-STL1,Great Lakes Steel Co.,Steel & Metal,Direct Materials,USA,Strategic,False,True,412371,76.46,0.9886,0.8074,1.0615,332936.41,407654.47,-74718.05,104796.1
2023-09-01,P-GRP,SUP-STL2,Rio Grande Metals,Steel & Metal,Direct Materials,Mexico,Preferred,False,True,182257,76.46,0.9886,0.8525,1.1,155370.33,180172.14,-24801.82,45112.39
2023-09-01,P-GRP,SUP-STL3,Keystone Alloy Supply,Steel & Metal,Direct Materials,USA,Transactional,False,False,75850,76.46,0.9886,0.8779,1.166,66587.28,74982.6,-8395.32,21854.12
2023-09-01,P-GRP,SUP-ELE1,Shenzhen Circuit Works,Electrical/Electronic,Direct Materials,China,Strategic,False,True,102674,106.84,2.3684,2.3779,2.2195,244153.37,243170.82,982.56,-16267.44
2023-09-01,P-GRP,SUP-ELE2,Lone Star Connectors,Electrical/Electronic,Direct Materials,USA,Preferred,False,True,54170,106.84,2.3684,2.4584,2.3,133174.57,128295.75,4878.82,-8582.32
2023-09-01,P-GRP,SUP-ELE3,Vertex Components,Electrical/Electronic,Direct Materials,USA,Transactional,False,False,25350,106.84,2.3684,2.6267,2.438,66587.28,60038.79,6548.49,-4783.29
2023-09-01,P-GRP,SUP-RES1,Gulf Coast Polymers,Plastic Resin,Direct Materials,USA,Strategic,False,True,101742,87.79,0.8562,0.709,0.8202,72136.22,87113.6,-14977.38,11317.8
2023-09-01,P-GRP,SUP-RES2,Pacific Resin Traders,Plastic Resin,Direct Materials,Taiwan,Preferred,False,True,55701,87.79,0.8562,0.6973,0.85,38842.58,47692.3,-8849.72,8503.3
2023-10-01,P-GRP,SUP-STL1,Great Lakes Steel Co.,Steel & Metal,Direct Materials,USA,Strategic,False,True,431932,74.84,0.9886,0.7771,1.0615,335665.77,426991.7,-91325.93,122830.73
2023-10-01,P-GRP,SUP-STL2,Rio Grande Metals,Steel & Metal,Direct Materials,Mexico,Preferred,False,True,189834,74.84,0.9886,0.8252,1.1,156644.03,187663.06,-31019.03,52174.04
2023-10-01,P-GRP,SUP-STL3,Keystone Alloy Supply,Steel & Metal,Direct Materials,USA,Transactional,False,False,76505,74.84,0.9886,0.8775,1.166,67133.15,75630.77,-8497.62,22072.76
2023-10-01,P-GRP,SUP-ELE1,Shenzhen Circuit Works,Electrical/Electronic,Direct Materials,China,Strategic,False,True,103393,106.94,2.3684,2.3808,2.2195,246154.9,244873.62,1281.28,-16673.2
2023-10-01,P-GRP,SUP-ELE2,Lone Star Connectors,Electrical/Electronic,Direct Materials,USA,Preferred,False,True,55922,106.94,2.3684,2.4009,2.3,134266.31,132445.16,1821.14,-5644.43
2023-10-01,P-GRP,SUP-ELE3,Vertex Components,Electrical/Electronic,Direct Materials,USA,Transactional,False,False,25673,106.94,2.3684,2.6149,2.438,67133.15,60804.57,6328.59,-4540.87
2023-10-01,P-GRP,SUP-RES1,Gulf Coast Polymers,Plastic Resin,Direct Materials,USA,Strategic,False,True,103771,87.39,0.8562,0.7008,0.8202,72727.58,88850.82,-16123.23,12390.67
2023-10-01,P-GRP,SUP-RES2,Pacific Resin Traders,Plastic Resin,Direct Materials,Taiwan,Preferred,False,True,57116,87.39,0.8562,0.6856,0.85,39161.01,48904.12,-9743.11,9387.9
2023-11-01,P-GRP,SUP-STL1,Great Lakes Steel Co.,Steel & Metal,Direct Materials,USA,Strategic,False,True,440396,74.3,0.9886,0.7953,1.0615,350263.71,435358.96,-85095.26,117217.43
2023-11-01,P-GRP,SUP-STL2,Rio Grande Metals,Steel & Metal,Direct Materials,Mexico,Preferred,False,True,199426,74.3,0.9886,0.8196,1.1,163456.4,197144.82,-33688.42,55912.3
2023-11-01,P-GRP,SUP-STL3,Keystone Alloy Supply,Steel & Metal,Direct Materials,USA,Transactional,False,False,81197,74.3,0.9886,0.8627,1.166,70052.74,80268.65,-10215.91,24623.53
2023-11-01,P-GRP,SUP-ELE1,Shenzhen Circuit Works,Electrical/Electronic,Direct Materials,China,Strategic,False,True,108149,107.13,2.3684,2.3751,2.2195,256860.05,256136.62,723.43,-16823.31
2023-11-01,P-GRP,SUP-ELE2,Lone Star Connectors,Electrical/Electronic,Direct Materials,USA,Preferred,False,True,55769,107.13,2.3684,2.5122,2.3,140105.48,132082.4,8023.09,-11835.9
2023-11-01,P-GRP,SUP-ELE3,Vertex Components,Electrical/Electronic,Direct Materials,USA,Transactional,False,False,27040,107.13,2.3684,2.5906,2.438,70052.74,64042.19,6010.55,-4127.64
2023-11-01,P-GRP,SUP-RES1,Gulf Coast Polymers,Plastic Resin,Direct Materials,USA,Strategic,False,True,107122,87.53,0.8562,0.7084,0.8202,75890.47,91720.51,-15830.04,11976.92
2023-11-01,P-GRP,SUP-RES2,Pacific Resin Traders,Plastic Resin,Direct Materials,Taiwan,Preferred,False,True,58727,87.53,0.8562,0.6958,0.85,40864.1,50283.61,-9419.51,9054.28
2023-12-01,P-GRP,SUP-STL1,Great Lakes Steel Co.,Steel & Metal,Direct Materials,USA,Strategic,False,True,405194,76.88,0.9886,0.8066,1.0615,326835.96,400558.99,-73723.03,103277.55
2023-12-01,P-GRP,SUP-STL2,Rio Grande Metals,Steel & Metal,Direct Materials,Mexico,Preferred,False,True,181080,76.88,0.9886,0.8423,1.1,152523.45,179009.1,-26485.65,46665.11
2023-12-01,P-GRP,SUP-STL3,Keystone Alloy Supply,Steel & Metal,Direct Materials,USA,Transactional,False,False,71830,76.88,0.9886,0.91,1.166,65367.19,71008.67,-5641.47,18386.99
2023-12-01,P-GRP,SUP-ELE1,Shenzhen Circuit Works,Electrical/Electronic,Direct Materials,China,Strategic,False,True,100912,107.13,2.3684,2.3751,2.2195,239679.7,238998.5,681.2,-15703.83
2023-12-01,P-GRP,SUP-ELE2,Lone Star Connectors,Electrical/Electronic,Direct Materials,USA,Preferred,False,True,52243,107.13,2.3684,2.5024,2.3,130734.38,123730.84,7003.54,-10575.27
2023-12-01,P-GRP,SUP-ELE3,Vertex Components,Electrical/Electronic,Direct Materials,USA,Transactional,False,False,24529,107.13,2.3684,2.6649,2.438,65367.19,58093.9,7273.3,-5565.27
2023-12-01,P-GRP,SUP-RES1,Gulf Coast Polymers,Plastic Resin,Direct Materials,USA,Strategic,False,True,99395,87.19,0.8562,0.7125,0.8202,70814.46,85104.01,-14289.55,10714.39
2023-12-01,P-GRP,SUP-RES2,Pacific Resin Traders,Plastic Resin,Direct Materials,Taiwan,Preferred,False,True,53849,87.19,0.8562,0.7081,0.85,38130.86,46106.98,-7976.11,7641.21
2024-01-01,P-GRP,SUP-STL1,Great Lakes Steel Co.,Steel & Metal,Direct Materials,USA,Strategic,False,True,401700,79.92,0.8653,0.8351,0.8111,335460.33,347593.89,-12133.56,-9644.11
2024-01-01,P-GRP,SUP-STL2,Rio Grande Metals,Steel & Metal,Direct Materials,Mexico,Preferred,False,True,180533,79.92,0.8653,0.8671,0.8405,156548.16,156216.56,331.6,-4808.07
2024-01-01,P-GRP,SUP-STL3,Keystone Alloy Supply,Steel & Metal,Direct Materials,USA,Transactional,False,False,72274,79.92,0.8653,0.9283,0.8909,67092.07,62539.88,4552.18,-2699.44
2024-01-01,P-GRP,SUP-ELE1,Shenzhen Circuit Works,Electrical/Electronic,Direct Materials,China,Strategic,False,True,99757,108.33,2.4509,2.466,2.3573,246004.24,244496.7,1507.54,-10843.55
2024-01-01,P-GRP,SUP-ELE2,Lone Star Connectors,Electrical/Electronic,Direct Materials,USA,Preferred,False,True,54650,108.33,2.4509,2.4553,2.4428,134184.13,133943.2,240.93,-682.96
2024-01-01,P-GRP,SUP-ELE3,Vertex Components,Electrical/Electronic,Direct Materials,USA,Transactional,False,False,25038,108.33,2.4509,2.6796,2.5894,67092.07,61366.41,5725.66,-2258.34
2024-01-01,P-GRP,SUP-RES1,Gulf Coast Polymers,Plastic Resin,Direct Materials,USA,Strategic,False,True,102755,86.16,0.7681,0.7073,0.743,72683.07,78921.46,-6238.38,3662.26
2024-01-01,P-GRP,SUP-RES2,Pacific Resin Traders,Plastic Resin,Direct Materials,Taiwan,Preferred,False,True,57175,86.16,0.7681,0.6845,0.7699,39137.04,43913.49,-4776.45,4883.77
2024-02-01,P-GRP,SUP-STL1,Great Lakes Steel Co.,Steel & Metal,Direct Materials,USA,Strategic,False,True,364966,81.42,0.8653,0.8537,0.8111,311555.94,315807.82,-4251.88,-15534.31
2024-02-01,P-GRP,SUP-STL2,Rio Grande Metals,Steel & Metal,Direct Materials,Mexico,Preferred,False,True,159069,81.42,0.8653,0.914,0.8405,145392.77,137643.41,7749.36,-11693.61
2024-02-01,P-GRP,SUP-STL3,Keystone Alloy Supply,Steel & Metal,Direct Materials,USA,Transactional,False,False,66329,81.42,0.8653,0.9394,0.8909,62311.19,57395.73,4915.46,-3215.1
2024-02-01,P-GRP,SUP-ELE1,Shenzhen Circuit Works,Electrical/Electronic,Direct Materials,China,Strategic,False,True,93066,108.62,2.4509,2.4549,2.3573,228474.36,228099.16,375.2,-9085.08
2024-02-01,P-GRP,SUP-ELE2,Lone Star Connectors,Electrical/Electronic,Direct Materials,USA,Preferred,False,True,49534,108.62,2.4509,2.5159,2.4428,124622.38,121404.17,3218.2,-3618.85
2024-02-01,P-GRP,SUP-ELE3,Vertex Components,Electrical/Electronic,Direct Materials,USA,Transactional,False,False,23778,108.62,2.4509,2.6205,2.5894,62311.19,58279.43,4031.75,-738.86
2024-02-01,P-GRP,SUP-RES1,Gulf Coast Polymers,Plastic Resin,Direct Materials,USA,Strategic,False,True,91100,88.01,0.7681,0.741,0.743,67503.79,69970.25,-2466.47,182.53
2024-02-01,P-GRP,SUP-RES2,Pacific Resin Traders,Plastic Resin,Direct Materials,Taiwan,Preferred,False,True,53543,88.01,0.7681,0.6789,0.7699,36348.19,41124.15,-4775.96,4876.47
2024-03-01,P-GRP,SUP-STL1,Great Lakes Steel Co.,Steel & Metal,Direct Materials,USA,Strategic,False,True,373196,75.85,0.8653,0.8165,0.8111,304729.65,322929.47,-18199.83,-2032.55
2024-03-01,P-GRP,SUP-STL2,Rio Grande Metals,Steel & Metal,Direct Materials,Mexico,Preferred,False,True,171525,75.85,0.8653,0.8291,0.8405,142207.17,148422.04,-6214.88,1961.76
2024-03-01,P-GRP,SUP-STL3,Keystone Alloy Supply,Steel & Metal,Direct Materials,USA,Transactional,False,False,67199,75.85,0.8653,0.9069,0.8909,60945.93,58147.98,2797.95,-1075.31
2024-03-01,P-GRP,SUP-ELE1,Shenzhen Circuit Works,Electrical/Electronic,Direct Materials,China,Strategic,False,True,92441,108.82,2.4509,2.4174,2.3573,223468.41,226566.24,-3097.84,-5553.51
2024-03-01,P-GRP,SUP-ELE2,Lone Star Connectors,Electrical/Electronic,Direct Materials,USA,Preferred,False,True,48550,108.82,2.4509,2.5106,2.4428,121891.86,118994.18,2897.67,-3290.37
2024-03-01,P-GRP,SUP-ELE3,Vertex Components,Electrical/Electronic,Direct Materials,USA,Transactional,False,False,22514,108.82,2.4509,2.707,2.5894,60945.93,55180.97,5764.96,-2647.14
2024-03-01,P-GRP,SUP-RES1,Gulf Coast Polymers,Plastic Resin,Direct Materials,USA,Strategic,False,True,93024,87.18,0.7681,0.7098,0.743,66024.76,71447.66,-5422.9,3090.73
2024-03-01,P-GRP,SUP-RES2,Pacific Resin Traders,Plastic Resin,Direct Materials,Taiwan,Preferred,False,True,51939,87.18,0.7681,0.6845,0.7699,35551.79,39892.01,-4340.22,4437.71
2024-04-01,P-GRP,SUP-STL1,Great Lakes Steel Co.,Steel & Metal,Direct Materials,USA,Strategic,False,True,398772,74.19,0.8653,0.7834,0.8111,312380.23,345060.25,-32680.02,11061.09
2024-04-01,P-GRP,SUP-STL2,Rio Grande Metals,Steel & Metal,Direct Materials,Mexico,Preferred,False,True,181618,74.19,0.8653,0.8027,0.8405,145777.44,157155.8,-11378.36,6874.97
2024-04-01,P-GRP,SUP-STL3,Keystone Alloy Supply,Steel & Metal,Direct Materials,USA,Transactional,False,False,72630,74.19,0.8653,0.8602,0.8909,62476.05,62848.02,-371.97,2233.85
2024-04-01,P-GRP,SUP-ELE1,Shenzhen Circuit Works,Electrical/Electronic,Direct Materials,China,Strategic,False,True,96015,108.92,2.4509,2.3858,2.3573,229078.83,235327.29,-6248.45,-2737.43
2024-04-01,P-GRP,SUP-ELE2,Lone Star Connectors,Electrical/Electronic,Direct Materials,USA,Preferred,False,True,49107,108.92,2.4509,2.5444,2.4428,124952.09,120359.47,4592.62,-4989.82
2024-04-01,P-GRP,SUP-ELE3,Vertex Components,Electrical/Electronic,Direct Materials,USA,Transactional,False,False,23754,108.92,2.4509,2.6301,2.5894,62476.05,58220.63,4255.41,-965.84
2024-04-01,P-GRP,SUP-RES1,Gulf Coast Polymers,Plastic Resin,Direct Materials,USA,Strategic,False,True,94382,88.1,0.7681,0.7171,0.743,67682.38,72490.71,-4808.32,2442.11
2024-04-01,P-GRP,SUP-RES2,Pacific Resin Traders,Plastic Resin,Direct Materials,Taiwan,Preferred,False,True,53010,88.1,0.7681,0.6875,0.7699,36444.36,40714.87,-4270.51,4370.02
2024-05-01,P-GRP,SUP-STL1,Great Lakes Steel Co.,Steel & Metal,Direct Materials,USA,Strategic,False,True,352937,74.2,0.8653,0.7905,0.8111,279014.06,305399.1,-26385.04,7250.99
2024-05-01,P-GRP,SUP-STL2,Rio Grande Metals,Steel & Metal,Direct Materials,Mexico,Preferred,False,True,165826,74.2,0.8653,0.7852,0.8405,130206.56,143490.46,-13283.9,9172.1
2024-05-01,P-GRP,SUP-STL3,Keystone Alloy Supply,Steel & Metal,Direct Materials,USA,Transactional,False,False,63638,74.2,0.8653,0.8769,0.8909,55802.81,55066.86,735.95,895.41
2024-05-01,P-GRP,SUP-ELE1,Shenzhen Circuit Works,Electrical/Electronic,Direct Materials,China,Strategic,False,True,84119,109.06,2.4509,2.4324,2.3573,204610.31,206169.5,-1559.19,-6313.31
2024-05-01,P-GRP,SUP-ELE2,Lone Star Connectors,Electrical/Electronic,Direct Materials,USA,Preferred,False,True,44503,109.06,2.4509,2.5078,2.4428,111605.62,109074.55,2531.08,-2891.04
2024-05-01,P-GRP,SUP-ELE3,Vertex Components,Electrical/Electronic,Direct Materials,USA,Transactional,False,False,21174,109.06,2.4509,2.6354,2.5894,55802.81,51896.34,3906.47,-974.23
2024-05-01,P-GRP,SUP-RES1,Gulf Coast Polymers,Plastic Resin,Direct Materials,USA,Strategic,False,True,83162,88.0,0.7681,0.7269,0.743,60453.05,63873.2,-3420.15,1335.23
2024-05-01,P-GRP,SUP-RES2,Pacific Resin Traders,Plastic Resin,Direct Materials,Taiwan,Preferred,False,True,45411,88.0,0.7681,0.7168,0.7699,32551.64,34878.46,-2326.82,2412.06
2024-06-01,P-GRP,SUP-STL1,Great Lakes Steel Co.,Steel & Metal,Direct Materials,USA,Strategic,False,True,413579,72.89,0.8653,0.7645,0.8111,316183.72,357873.13,-41689.41,19267.71
2024-06-01,P-GRP,SUP-STL2,Rio Grande Metals,Steel & Metal,Direct Materials,Mexico,Preferred,False,True,187102,72.89,0.8653,0.7886,0.8405,147552.4,161900.67,-14348.27,9708.91
2024-06-01,P-GRP,SUP-STL3,Keystone Alloy Supply,Steel & Metal,Direct Materials,USA,Transactional,False,False,74825,72.89,0.8653,0.8451,0.8909,63236.74,64747.02,-1510.28,3428.42
2024-06-01,P-GRP,SUP-ELE1,Shenzhen Circuit Works,Electrical/Electronic,Direct Materials,China,Strategic,False,True,96680,109.24,2.4509,2.3983,2.3573,231868.06,236955.21,-5087.15,-3960.89
2024-06-01,P-GRP,SUP-ELE2,Lone Star Connectors,Electrical/Electronic,Direct Materials,USA,Preferred,False,True,50562,109.24,2.4509,2.5013,2.4428,126473.49,123925.46,2548.02,-2956.99
2024-06-01,P-GRP,SUP-ELE3,Vertex Components,Electrical/Electronic,Direct Materials,USA,Transactional,False,False,23363,109.24,2.4509,2.7067,2.5894,63236.74,57260.89,5975.86,-2740.51
2024-06-01,P-GRP,SUP-RES1,Gulf Coast Polymers,Plastic Resin,Direct Materials,USA,Strategic,False,True,93934,87.8,0.7681,0.7293,0.743,68506.47,72146.82,-3640.34,1285.36
2024-06-01,P-GRP,SUP-RES2,Pacific Resin Traders,Plastic Resin,Direct Materials,Taiwan,Preferred,False,True,52512,87.8,0.7681,0.7025,0.7699,36888.1,40332.05,-3443.95,3542.52
2024-07-01,P-GRP,SUP-STL1,Great Lakes Steel Co.,Steel & Metal,Direct Materials,USA,Strategic,False,True,410337,71.16,0.8653,0.7418,0.8111,304390.18,355067.6,-50677.41,28431.5
2024-07-01,P-GRP,SUP-STL2,Rio Grande Metals,Steel & Metal,Direct Materials,Mexico,Preferred,False,True,178347,71.16,0.8653,0.7965,0.8405,142048.75,154325.24,-12276.49,7854.21
2024-07-01,P-GRP,SUP-STL3,Keystone Alloy Supply,Steel & Metal,Direct Materials,USA,Transactional,False,False,71547,71.16,0.8653,0.8509,0.8909,60878.04,61910.3,-1032.26,2866.36
2024-07-01,P-GRP,SUP-ELE1,Shenzhen Circuit Works,Electrical/Electronic,Direct Materials,China,Strategic,False,True,93911,109.09,2.4509,2.3769,2.3573,223219.47,230170.57,-6951.1,-1837.88
2024-07-01,P-GRP,SUP-ELE2,Lone Star Connectors,Electrical/Electronic,Direct Materials,USA,Preferred,False,True,48076,109.09,2.4509,2.5325,2.4428,121756.07,117831.84,3924.23,-4313.09
2024-07-01,P-GRP,SUP-ELE3,Vertex Components,Electrical/Electronic,Direct Materials,USA,Transactional,False,False,23203,109.09,2.4509,2.6236,2.5894,60878.04,56870.55,4007.48,-794.19
2024-07-01,P-GRP,SUP-RES1,Gulf Coast Polymers,Plastic Resin,Direct Materials,USA,Strategic,False,True,90937,89.17,0.7681,0.7252,0.743,65951.21,69844.68,-3893.47,1613.63
2024-07-01,P-GRP,SUP-RES2,Pacific Resin Traders,Plastic Resin,Direct Materials,Taiwan,Preferred,False,True,50697,89.17,0.7681,0.7005,0.7699,35512.19,38938.71,-3426.52,3521.68
2024-08-01,P-GRP,SUP-STL1,Great Lakes Steel Co.,Steel & Metal,Direct Materials,USA,Strategic,False,True,430934,69.78,0.8653,0.7562,0.8111,325877.68,372889.9,-47012.22,23649.69
2024-08-01,P-GRP,SUP-STL2,Rio Grande Metals,Steel & Metal,Direct Materials,Mexico,Preferred,False,True,199684,69.78,0.8653,0.7616,0.8405,152076.25,172787.73,-20711.48,15760.15
2024-08-01,P-GRP,SUP-STL3,Keystone Alloy Supply,Steel & Metal,Direct Materials,USA,Transactional,False,False,79153,69.78,0.8653,0.8234,0.8909,65175.54,68492.08,-3316.54,5345.63
2024-08-01,P-GRP,SUP-ELE1,Shenzhen Circuit Works,Electrical/Electronic,Direct Materials,China,Strategic,False,True,100529,109.17,2.4509,2.3772,2.3573,238976.97,246390.71,-7413.74,-1994.6
2024-08-01,P-GRP,SUP-ELE2,Lone Star Connectors,Electrical/Electronic,Direct Materials,USA,Preferred,False,True,50821,109.17,2.4509,2.5649,2.4428,130351.07,124559.56,5791.52,-6202.58
2024-08-01,P-GRP,SUP-ELE3,Vertex Components,Electrical/Electronic,Direct Materials,USA,Transactional,False,False,25099,109.17,2.4509,2.5967,2.5894,65175.54,61516.51,3659.03,-183.23
2024-08-01,P-GRP,SUP-RES1,Gulf Coast Polymers,Plastic Resin,Direct Materials,USA,Strategic,False,True,96455,88.89,0.7681,0.732,0.743,70606.83,74082.54,-3475.71,1057.54
2024-08-01,P-GRP,SUP-RES2,Pacific Resin Traders,Plastic Resin,Direct Materials,Taiwan,Preferred,False,True,53523,88.89,0.7681,0.7103,0.7699,38019.06,41109.13,-3090.07,3190.54
2024-09-01,P-GRP,SUP-STL1,Great Lakes Steel Co.,Steel & Metal,Direct Materials,USA,Strategic,False,True,454074,68.85,0.8653,0.7309,0.8111,331898.24,392913.67,-61015.44,36398.36
2024-09-01,P-GRP,SUP-STL2,Rio Grande Metals,Steel & Metal,Direct Materials,Mexico,Preferred,False,True,206006,68.85,0.8653,0.7519,0.8405,154885.84,178258.23,-23372.38,18264.29
2024-09-01,P-GRP,SUP-STL3,Keystone Alloy Supply,Steel & Metal,Direct Materials,USA,Transactional,False,False,82785,68.85,0.8653,0.8018,0.8909,66379.65,71634.91,-5255.26,7377.45
2024-09-01,P-GRP,SUP-ELE1,Shenzhen Circuit Works,Electrical/Electronic,Direct Materials,China,Strategic,False,True,102433,109.39,2.4509,2.3761,2.3573,243392.04,251056.19,-7664.15,-1922.33
2024-09-01,P-GRP,SUP-ELE2,Lone Star Connectors,Electrical/Electronic,Direct Materials,USA,Preferred,False,True,52641,109.39,2.4509,2.5219,2.4428,132759.3,129020.89,3738.41,-4164.19
2024-09-01,P-GRP,SUP-ELE3,Vertex Components,Electrical/Electronic,Direct Materials,USA,Transactional,False,False,25190,109.39,2.4509,2.6351,2.5894,66379.65,61739.53,4640.12,-1151.72
2024-09-01,P-GRP,SUP-RES1,Gulf Coast Polymers,Plastic Resin,Direct Materials,USA,Strategic,False,True,100221,86.67,0.7681,0.7175,0.743,71911.28,76975.41,-5064.13,2551.53
2024-09-01,P-GRP,SUP-RES2,Pacific Resin Traders,Plastic Resin,Direct Materials,Taiwan,Preferred,False,True,55422,86.67,0.7681,0.6987,0.7699,38721.46,42567.36,-3845.9,3949.93
2024-10-01,P-GRP,SUP-STL1,Great Lakes Steel Co.,Steel & Metal,Direct Materials,USA,Strategic,False,True,448324,69.49,0.8653,0.7422,0.8111,332740.04,387937.46,-55197.42,30892.12
2024-10-01,P-GRP,SUP-STL2,Rio Grande Metals,Steel & Metal,Direct Materials,Mexico,Preferred,False,True,205791,69.49,0.8653,0.7545,0.8405,155278.69,178072.65,-22793.97,17691.19
2024-10-01,P-GRP,SUP-STL3,Keystone Alloy Supply,Steel & Metal,Direct Materials,USA,Transactional,False,False,82938,69.49,0.8653,0.8024,0.8909,66548.01,71766.91,-5218.9,7345.0
2024-10-01,P-GRP,SUP-ELE1,Shenzhen Circuit Works,Electrical/Electronic,Direct Materials,China,Strategic,False,True,101144,109.56,2.4509,2.4125,2.3573,244009.36,247898.13,-3888.77,-5577.12
2024-10-01,P-GRP,SUP-ELE2,Lone Star Connectors,Electrical/Electronic,Direct Materials,USA,Preferred,False,True,53201,109.56,2.4509,2.5018,2.4428,133096.02,130391.54,2704.48,-3134.79
2024-10-01,P-GRP,SUP-ELE3,Vertex Components,Electrical/Electronic,Direct Materials,USA,Transactional,False,False,24796,109.56,2.4509,2.6838,2.5894,66548.01,60774.46,5773.55,-2339.68
2024-10-01,P-GRP,SUP-RES1,Gulf Coast Polymers,Plastic Resin,Direct Materials,USA,Strategic,False,True,98995,87.75,0.7681,0.7283,0.743,72093.68,76033.96,-3940.28,1458.41
2024-10-01,P-GRP,SUP-RES2,Pacific Resin Traders,Plastic Resin,Direct Materials,Taiwan,Preferred,False,True,56485,87.75,0.7681,0.6873,0.7699,38819.67,43383.54,-4563.87,4669.89
2024-11-01,P-GRP,SUP-STL1,Great Lakes Steel Co.,Steel & Metal,Direct Materials,USA,Strategic,False,True,495767,70.36,0.8653,0.7396,0.8111,366682.75,428990.4,-62307.66,35430.28
2024-11-01,P-GRP,SUP-STL2,Rio Grande Metals,Steel & Metal,Direct Materials,Mexico,Preferred,False,True,222965,70.36,0.8653,0.7675,0.8405,171118.61,192933.4,-21814.78,16286.16
2024-11-01,P-GRP,SUP-STL3,Keystone Alloy Supply,Steel & Metal,Direct Materials,USA,Transactional,False,False,88166,70.36,0.8653,0.8318,0.8909,73336.55,76291.15,-2954.6,5214.74
2024-11-01,P-GRP,SUP-ELE1,Shenzhen Circuit Works,Electrical/Electronic,Direct Materials,China,Strategic,False,True,109436,110.08,2.4509,2.4571,2.3573,268900.68,268220.88,679.8,-10921.71
2024-11-01,P-GRP,SUP-ELE2,Lone Star Connectors,Electrical/Electronic,Direct Materials,USA,Preferred,False,True,57695,110.08,2.4509,2.5422,2.4428,146673.1,141405.84,5267.26,-5733.91
2024-11-01,P-GRP,SUP-ELE3,Vertex Components,Electrical/Electronic,Direct Materials,USA,Transactional,False,False,27605,110.08,2.4509,2.6566,2.5894,73336.55,67659.33,5677.22,-1854.34
2024-11-01,P-GRP,SUP-RES1,Gulf Coast Polymers,Plastic Resin,Direct Materials,USA,Strategic,False,True,111616,87.13,0.7681,0.7118,0.743,79447.93,85727.13,-6279.2,3480.93
2024-11-01,P-GRP,SUP-RES2,Pacific Resin Traders,Plastic Resin,Direct Materials,Taiwan,Preferred,False,True,62519,87.13,0.7681,0.6843,0.7699,42779.65,48018.17,-5238.52,5355.87
2024-12-01,P-GRP,SUP-STL1,Great Lakes Steel Co.,Steel & Metal,Direct Materials,USA,Strategic,False,True,510444,68.07,0.8653,0.7271,0.8111,371151.71,441690.79,-70539.07,42865.98
2024-12-01,P-GRP,SUP-STL2,Rio Grande Metals,Steel & Metal,Direct Materials,Mexico,Preferred,False,True,232794,68.07,0.8653,0.744,0.8405,173204.13,201438.4,-28234.27,22461.94
2024-12-01,P-GRP,SUP-STL3,Keystone Alloy Supply,Steel & Metal,Direct Materials,USA,Transactional,False,False,92599,68.07,0.8653,0.8016,0.8909,74230.34,80126.68,-5896.34,8270.1
2024-12-01,P-GRP,SUP-ELE1,Shenzhen Circuit Works,Electrical/Electronic,Direct Materials,China,Strategic,False,True,111064,110.15,2.4509,2.4506,2.3573,272177.92,272210.75,-32.83,-10361.44
2024-12-01,P-GRP,SUP-ELE2,Lone Star Connectors,Electrical/Electronic,Direct Materials,USA,Preferred,False,True,59429,110.15,2.4509,2.4981,2.4428,148460.69,145656.35,2804.34,-3285.02
2024-12-01,P-GRP,SUP-ELE3,Vertex Components,Electrical/Electronic,Direct Materials,USA,Transactional,False,False,27881,110.15,2.4509,2.6624,2.5894,74230.34,68335.2,5895.14,-2034.08
2024-12-01,P-GRP,SUP-RES1,Gulf Coast Polymers,Plastic Resin,Direct Materials,USA,Strategic,False,True,113913,86.61,0.7681,0.7059,0.743,80416.2,87491.49,-7075.29,4219.43
2024-12-01,P-GRP,SUP-RES2,Pacific Resin Traders,Plastic Resin,Direct Materials,Taiwan,Preferred,False,True,62824,86.61,0.7681,0.6892,0.7699,43301.03,48252.26,-4951.23,5069.15
2022-01-01,P-PHX,SUP-STL1,Great Lakes Steel Co.,Steel & Metal,Direct Materials,USA,Strategic,False,True,128556,100.0,1.0478,1.0716,1.0615,137764.26,134706.82,3057.44,-1301.91
2022-01-01,P-PHX,SUP-STL2,Rio Grande Metals,Steel & Metal,Direct Materials,Mexico,Preferred,False,True,59057,100.0,1.0478,1.0886,1.1,64289.99,61882.81,2407.17,673.0
2022-01-01,P-PHX,SUP-STL3,Keystone Alloy Supply,Steel & Metal,Direct Materials,USA,Transactional,False,False,23748,100.0,1.0478,1.1602,1.166,27552.85,24885.24,2667.62,138.46
2022-01-01,P-PHX,SUP-ELE1,Shenzhen Circuit Works,Electrical/Electronic,Direct Materials,China,Strategic,False,True,57159,100.0,2.2239,2.2093,2.2195,126283.91,127114.28,-830.38,580.59
2022-01-01,P-PHX,SUP-ELE2,Lone Star Connectors,Electrical/Electronic,Direct Materials,USA,Preferred,False,True,29811,100.0,2.2239,2.3106,2.3,68882.13,66296.43,2585.7,-316.17
2022-01-01,P-PHX,SUP-ELE3,Vertex Components,Electrical/Electronic,Direct Materials,USA,Transactional,False,False,13977,100.0,2.2239,2.464,2.438,34441.06,31084.75,3356.31,-363.25
2022-01-01,P-PHX,SUP-RES1,Gulf Coast Polymers,Plastic Resin,Direct Materials,USA,Strategic,False,True,39776,100.0,0.8966,0.8338,0.8202,33165.47,35665.35,-2499.88,-538.68
2022-01-01,P-PHX,SUP-RES2,Pacific Resin Traders,Plastic Resin,Direct Materials,Taiwan,Preferred,False,True,21004,100.0,0.8966,0.8502,0.85,17858.33,18833.09,-974.76,-4.88
2022-02-01,P-PHX,SUP-STL1,Great Lakes Steel Co.,Steel & Metal,Direct Materials,USA,Strategic,False,True,156131,93.22,1.0478,0.9544,0.9895,149007.51,163601.01,-14593.5,5488.88
2022-02-01,P-PHX,SUP-STL2,Rio Grande Metals,Steel & Metal,Direct Materials,Mexico,Preferred,False,True,68678,93.22,1.0478,1.0125,1.0254,69536.84,71963.9,-2427.06,887.0
2022-02-01,P-PHX,SUP-STL3,Keystone Alloy Supply,Steel & Metal,Direct Materials,USA,Transactional,False,False,27293,93.22,1.0478,1.0919,1.0869,29801.5,28599.1,1202.41,-135.21
2022-02-01,P-PHX,SUP-ELE1,Shenzhen Circuit Works,Electrical/Electronic,Direct Materials,China,Strategic,False,True,60520,100.68,2.2239,2.2569,2.2346,136590.22,134590.76,1999.46,-1350.52
2022-02-01,P-PHX,SUP-ELE2,Lone Star Connectors,Electrical/Electronic,Direct Materials,USA,Preferred,False,True,31095,100.68,2.2239,2.396,2.3156,74503.76,69151.45,5352.31,-2498.71
2022-02-01,P-PHX,SUP-ELE3,Vertex Components,Electrical/Electronic,Direct Materials,USA,Transactional,False,False,15012,100.68,2.2239,2.4814,2.4546,37251.88,33385.31,3866.57,-403.11
2022-02-01,P-PHX,SUP-RES1,Gulf Coast Polymers,Plastic Resin,Direct Materials,USA,Strategic,False,True,44031,100.06,0.8966,0.8147,0.8207,35872.18,39480.52,-3608.34,266.41
2022-02-01,P-PHX,SUP-RES2,Pacific Resin Traders,Plastic Resin,Direct Materials,Taiwan,Preferred,False,True,22972,100.06,0.8966,0.8408,0.8505,19315.79,20598.21,-1282.42,222.68
2022-03-01,P-PHX,SUP-STL1,Great Lakes Steel Co.,Steel & Metal,Direct Materials,USA,Strategic,False,True,132218,93.92,1.0478,1.0123,0.997,133851.02,138544.59,-4693.58,-2034.17
2022-03-01,P-PHX,SUP-STL2,Rio Grande Metals,Steel & Metal,Direct Materials,Mexico,Preferred,False,True,60359,93.92,1.0478,1.0349,1.0331,62463.81,63247.45,-783.64,-105.11
2022-03-01,P-PHX,SUP-STL3,Keystone Alloy Supply,Steel & Metal,Direct Materials,USA,Transactional,False,False,24264,93.92,1.0478,1.1033,1.0951,26770.2,25425.64,1344.56,-197.74
2022-03-01,P-PHX,SUP-ELE1,Shenzhen Circuit Works,Electrical/Electronic,Direct Materials,China,Strategic,False,True,54333,101.28,2.2239,2.2582,2.2479,122696.77,120830.52,1866.25,-560.09
2022-03-01,P-PHX,SUP-ELE2,Lone Star Connectors,Electrical/Electronic,Direct Materials,USA,Preferred,False,True,28520,101.28,2.2239,2.3466,2.3294,66925.51,63425.7,3499.81,-488.91
2022-03-01,P-PHX,SUP-ELE3,Vertex Components,Electrical/Electronic,Direct Materials,USA,Transactional,False,False,13508,101.28,2.2239,2.4772,2.4692,33462.75,30041.19,3421.56,-107.43
2022-03-01,P-PHX,SUP-RES1,Gulf Coast Polymers,Plastic Resin,Direct Materials,USA,Strategic,False,True,39747,100.1,0.8966,0.8107,0.8211,32223.39,35639.11,-3415.72,411.99
2022-03-01,P-PHX,SUP-RES2,Pacific Resin Traders,Plastic Resin,Direct Materials,Taiwan,Preferred,False,True,20829,100.1,0.8966,0.833,0.8508,17351.06,18676.46,-1325.41,371.61
2022-04-01,P-PHX,SUP-STL1,Great Lakes Steel Co.,Steel & Metal,Direct Materials,USA,Strategic,False,True,117026,95.81,1.0478,1.0203,1.017,119405.84,122625.83,-3219.99,-386.91
2022-04-01,P-PHX,SUP-STL2,Rio Grande Metals,Steel & Metal,Direct Materials,Mexico,Preferred,False,True,52423,95.81,1.0478,1.0629,1.0539,55722.73,54931.17,791.55,-473.57
2022-04-01,P-PHX,SUP-STL3,Keystone Alloy Supply,Steel & Metal,Direct Materials,USA,Transactional,False,False,21618,95.81,1.0478,1.1047,1.1171,23881.17,22652.32,1228.85,269.28
2022-04-01,P-PHX,SUP-ELE1,Shenzhen Circuit Works,Electrical/Electronic,Direct Materials,China,Strategic,False,True,48737,101.61,2.2239,2.2458,2.2552,109455.36,108385.26,1070.1,458.49
2022-04-01,P-PHX,SUP-ELE2,Lone Star Connectors,Electrical/Electronic,Direct Materials,USA,Preferred,False,True,25983,101.61,2.2239,2.2977,2.337,59702.92,57784.97,1917.95,1022.39
2022-04-01,P-PHX,SUP-ELE3,Vertex Components,Electrical/Electronic,Direct Materials,USA,Transactional,False,False,11945,101.61,2.2239,2.499,2.4773,29851.46,26565.16,3286.3,-259.54
2022-04-01,P-PHX,SUP-RES1,Gulf Coast Polymers,Plastic Resin,Direct Materials,USA,Strategic,False,True,33778,104.1,0.8966,0.851,0.8539,28745.85,30287.62,-1541.77,97.37
2022-04-01,P-PHX,SUP-RES2,Pacific Resin Traders,Plastic Resin,Direct Materials,Taiwan,Preferred,False,True,18036,104.1,0.8966,0.8582,0.8848,15478.54,16172.19,-693.65,480.99
2022-05-01,P-PHX,SUP-STL1,Great Lakes Steel Co.,Steel & Metal,Direct Materials,USA,Strategic,False,True,118701,100.31,1.0478,1.0583,1.0648,125621.86,124380.54,1241.32,770.24
2022-05-01,P-PHX,SUP-STL2,Rio Grande Metals,Steel & Metal,Direct Materials,Mexico,Preferred,False,True,53756,100.31,1.0478,1.0905,1.1034,58623.54,56328.5,2295.04,691.98
2022-05-01,P-PHX,SUP-STL3,Keystone Alloy Supply,Steel & Metal,Direct Materials,USA,Transactional,False,False,21852,100.31,1.0478,1.1497,1.1696,25124.37,22897.73,2226.64,434.31
2022-05-01,P-PHX,SUP-ELE1,Shenzhen Circuit Works,Electrical/Electronic,Direct Materials,China,Strategic,False,True,50025,102.23,2.2239,2.3019,2.269,115153.37,111249.32,3904.06,-1646.68
2022-05-01,P-PHX,SUP-ELE2,Lone Star Connectors,Electrical/Electronic,Direct Materials,USA,Preferred,False,True,26657,102.23,2.2239,2.3562,2.3513,62810.93,59283.87,3527.06,-130.3
2022-05-01,P-PHX,SUP-ELE3,Vertex Components,Electrical/Electronic,Direct Materials,USA,Transactional,False,False,12540,102.23,2.2239,2.5044,2.4924,31405.47,27887.35,3518.11,-151.15
2022-05-01,P-PHX,SUP-RES1,Gulf Coast Polymers,Plastic Resin,Direct Materials,USA,Strategic,False,True,34664,105.9,0.8966,0.8724,0.8686,30242.3,31082.01,-839.71,-130.77
2022-05-01,P-PHX,SUP-RES2,Pacific Resin Traders,Plastic Resin,Direct Materials,Taiwan,Preferred,False,True,17757,105.9,0.8966,0.917,0.9002,16284.32,15922.41,361.91,-299.59
2022-06-01,P-PHX,SUP-STL1,Great Lakes Steel Co.,Steel & Metal,Direct Materials,USA,Strategic,False,True,127805,97.38,1.0478,1.007,1.0337,128706.45,133920.39,-5213.93,3404.77
2022-06-01,P-PHX,SUP-STL2,Rio Grande Metals,Steel & Metal,Direct Materials,Mexico,Preferred,False,True,56426,97.38,1.0478,1.0644,1.0712,60063.01,59126.28,936.73,380.02
2022-06-01,P-PHX,SUP-STL3,Keystone Alloy Supply,Steel & Metal,Direct Materials,USA,Transactional,False,False,23019,97.38,1.0478,1.1182,1.1355,25741.29,24120.9,1620.39,396.28
2022-06-01,P-PHX,SUP-ELE1,Shenzhen Circuit Works,Electrical/Electronic,Direct Materials,China,Strategic,False,True,50533,103.09,2.2239,2.3347,2.2881,117980.92,112379.87,5601.04,-2356.16
2022-06-01,P-PHX,SUP-ELE2,Lone Star Connectors,Electrical/Electronic,Direct Materials,USA,Preferred,False,True,26701,103.09,2.2239,2.4101,2.3711,64353.23,59381.71,4971.52,-1040.99
2022-06-01,P-PHX,SUP-ELE3,Vertex Components,Electrical/Electronic,Direct Materials,USA,Transactional,False,False,13116,103.09,2.2239,2.4531,2.5133,32176.61,29169.3,3007.31,789.43
2022-06-01,P-PHX,SUP-RES1,Gulf Coast Polymers,Plastic Resin,Direct Materials,USA,Strategic,False,True,35567,107.18,0.8966,0.8712,0.8791,30984.89,31890.85,-905.96,283.65
2022-06-01,P-PHX,SUP-RES2,Pacific Resin Traders,Plastic Resin,Direct Materials,Taiwan,Preferred,False,True,18607,107.18,0.8966,0.8966,0.911,16684.17,16684.36,-0.19,267.95
2022-07-01,P-PHX,SUP-STL1,Great Lakes Steel Co.,Steel & Metal,Direct Materials,USA,Strategic,False,True,143005,92.83,1.0478,0.9931,0.9854,142015.41,149847.57,-7832.16,-1099.09
2022-07-01,P-PHX,SUP-STL2,Rio Grande Metals,Steel & Metal,Direct Materials,Mexico,Preferred,False,True,64312,92.83,1.0478,1.0305,1.0211,66273.86,67389.46,-1115.61,-602.45
2022-07-01,P-PHX,SUP-STL3,Keystone Alloy Supply,Steel & Metal,Direct Materials,USA,Transactional,False,False,26119,92.83,1.0478,1.0874,1.0824,28403.08,27368.82,1034.27,-131.76
2022-07-01,P-PHX,SUP-ELE1,Shenzhen Circuit Works,Electrical/Electronic,Direct Materials,China,Strategic,False,True,56031,103.64,2.2239,2.3234,2.3003,130180.79,124606.57,5574.22,-1292.31
2022-07-01,P-PHX,SUP-ELE2,Lone Star Connectors,Electrical/Electronic,Direct Materials,USA,Preferred,False,True,30252,103.64,2.2239,2.3472,2.3837,71007.7,67277.45,3730.25,1105.59
2022-07-01,P-PHX,SUP-ELE3,Vertex Components,Electrical/Electronic,Direct Materials,USA,Transactional,False,False,14125,103.64,2.2239,2.5134,2.5267,35503.85,31413.47,4090.38,187.88
2022-07-01,P-PHX,SUP-RES1,Gulf Coast Polymers,Plastic Resin,Direct Materials,USA,Strategic,False,True,39513,105.06,0.8966,0.8653,0.8618,34188.89,35429.22,-1240.32,-138.14
2022-07-01,P-PHX,SUP-RES2,Pacific Resin Traders,Plastic Resin,Direct Materials,Taiwan,Preferred,False,True,20568,105.06,0.8966,0.895,0.893,18409.4,18442.52,-33.12,-41.56
2022-08-01,P-PHX,SUP-STL1,Great Lakes Steel Co.,Steel & Metal,Direct Materials,USA,Strategic,False,True,155441,88.36,1.0478,0.9441,0.9379,146756.1,162878.25,-16122.16,-961.29
2022-08-01,P-PHX,SUP-STL2,Rio Grande Metals,Steel & Metal,Direct Materials,Mexico,Preferred,False,True,70501,88.36,1.0478,0.9714,0.972,68486.18,73875.05,-5388.87,38.88
2022-08-01,P-PHX,SUP-STL3,Keystone Alloy Supply,Steel & Metal,Direct Materials,USA,Transactional,False,False,27495,88.36,1.0478,1.0675,1.0303,29351.22,28811.11,540.1,-1023.11
2022-08-01,P-PHX,SUP-ELE1,Shenzhen Circuit Works,Electrical/Electronic,Direct Materials,China,Strategic,False,True,58336,104.02,2.2239,2.306,2.3087,134526.42,129732.81,4793.61,156.47
2022-08-01,P-PHX,SUP-ELE2,Lone Star Connectors,Electrical/Electronic,Direct Materials,USA,Preferred,False,True,30848,104.02,2.2239,2.3787,2.3925,73378.05,68602.14,4775.9,424.78
2022-08-01,P-PHX,SUP-ELE3,Vertex Components,Electrical/Electronic,Direct Materials,USA,Transactional,False,False,14251,104.02,2.2239,2.5744,2.536,36689.02,31693.72,4995.31,-546.84
2022-08-01,P-PHX,SUP-RES1,Gulf Coast Polymers,Plastic Resin,Direct Materials,USA,Strategic,False,True,43001,101.8,0.8966,0.8216,0.835,35330.17,38556.58,-3226.41,576.41
2022-08-01,P-PHX,SUP-RES2,Pacific Resin Traders,Plastic Resin,Direct Materials,Taiwan,Preferred,False,True,21827,101.8,0.8966,0.8716,0.8653,19023.94,19571.19,-547.25,-136.83
2022-09-01,P-PHX,SUP-STL1,Great Lakes Steel Co.,Steel & Metal,Direct Materials,USA,Strategic,False,True,168236,83.39,1.0478,0.8846,0.8852,148817.84,176285.66,-27467.82,102.57
2022-09-01,P-PHX,SUP-STL2,Rio Grande Metals,Steel & Metal,Direct Materials,Mexico,Preferred,False,True,74893,83.39,1.0478,0.9273,0.9173,69448.32,78476.84,-9028.51,-749.17
2022-09-01,P-PHX,SUP-STL3,Keystone Alloy Supply,Steel & Metal,Direct Materials,USA,Transactional,False,False,30179,83.39,1.0478,0.9862,0.9723,29763.57,31623.6,-1860.04,-419.04
2022-09-01,P-PHX,SUP-ELE1,Shenzhen Circuit Works,Electrical/Electronic,Direct Materials,China,Strategic,False,True,59936,104.3,2.2239,2.276,2.3149,136416.35,133290.57,3125.78,2332.53
2022-09-01,P-PHX,SUP-ELE2,Lone Star Connectors,Electrical/Electronic,Direct Materials,USA,Preferred,False,True,30088,104.3,2.2239,2.473,2.3989,74408.92,66912.55,7496.37,-2230.0
2022-09-01,P-PHX,SUP-ELE3,Vertex Components,Electrical/Electronic,Direct Materials,USA,Transactional,False,False,14354,104.3,2.2239,2.5918,2.5428,37204.46,31922.65,5281.81,-703.23
2022-09-01,P-PHX,SUP-RES1,Gulf Coast Polymers,Plastic Resin,Direct Materials,USA,Strategic,False,True,44033,100.78,0.8966,0.8136,0.8266,35826.52,39482.57,-3656.05,574.0
2022-09-01,P-PHX,SUP-RES2,Pacific Resin Traders,Plastic Resin,Direct Materials,Taiwan,Preferred,False,True,22298,100.78,0.8966,0.8651,0.8566,19291.2,19993.76,-702.56,-189.62
2022-10-01,P-PHX,SUP-STL1,Great Lakes Steel Co.,Steel & Metal,Direct Materials,USA,Strategic,False,True,180997,79.56,1.0478,0.8418,0.8445,152365.55,189657.08,-37291.53,492.06
2022-10-01,P-PHX,SUP-STL2,Rio Grande Metals,Steel & Metal,Direct Materials,Mexico,Preferred,False,True,80960,79.56,1.0478,0.8783,0.8752,71103.93,84834.34,-13730.41,-250.25
2022-10-01,P-PHX,SUP-STL3,Keystone Alloy Supply,Steel & Metal,Direct Materials,USA,Transactional,False,False,32594,79.56,1.0478,0.9349,0.9277,30473.11,34154.21,-3681.09,-235.97
2022-10-01,P-PHX,SUP-ELE1,Shenzhen Circuit Works,Electrical/Electronic,Direct Materials,China,Strategic,False,True,59344,104.57,2.2239,2.3535,2.3209,139668.43,131974.07,7694.36,-1934.33
2022-10-01,P-PHX,SUP-ELE2,Lone Star Connectors,Electrical/Electronic,Direct Materials,USA,Preferred,False,True,31372,104.57,2.2239,2.4283,2.4051,76182.78,69768.62,6414.16,-728.19
2022-10-01,P-PHX,SUP-ELE3,Vertex Components,Electrical/Electronic,Direct Materials,USA,Transactional,False,False,14584,104.57,2.2239,2.6117,2.5494,38091.39,32434.67,5656.72,-908.69
2022-10-01,P-PHX,SUP-RES1,Gulf Coast Polymers,Plastic Resin,Direct Materials,USA,Strategic,False,True,45490,98.45,0.8966,0.8063,0.8075,36680.6,40789.06,-4108.46,55.01
2022-10-01,P-PHX,SUP-RES2,Pacific Resin Traders,Plastic Resin,Direct Materials,Taiwan,Preferred,False,True,23403,98.45,0.8966,0.8439,0.8368,19751.09,20984.71,-1233.62,-166.29
2022-11-01,P-PHX,SUP-STL1,Great Lakes Steel Co.,Steel & Metal,Direct Materials,USA,Strategic,False,True,185298,77.44,1.0478,0.8483,0.822,157180.16,194163.93,-36983.77,-4860.08
2022-11-01,P-PHX,SUP-STL2,Rio Grande Metals,Steel & Metal,Direct Materials,Mexico,Preferred,False,True,88095,77.44,1.0478,0.8326,0.8518,73350.74,92310.27,-18959.53,1692.45
2022-11-01,P-PHX,SUP-STL3,Keystone Alloy Supply,Steel & Metal,Direct Materials,USA,Transactional,False,False,35739,77.44,1.0478,0.8796,0.903,31436.03,37449.89,-6013.86,835.36
2022-11-01,P-PHX,SUP-ELE1,Shenzhen Circuit Works,Electrical/Electronic,Direct Materials,China,Strategic,False,True,62658,104.96,2.2239,2.2995,2.3296,144081.81,139343.27,4738.54,1885.49
2022-11-01,P-PHX,SUP-ELE2,Lone Star Connectors,Electrical/Electronic,Direct Materials,USA,Preferred,False,True,32137,104.96,2.2239,2.4454,2.4141,78590.08,71469.91,7120.17,-1007.28
2022-11-01,P-PHX,SUP-ELE3,Vertex Components,Electrical/Electronic,Direct Materials,USA,Transactional,False,False,15403,104.96,2.2239,2.5511,2.5589,39295.04,34255.19,5039.85,121.14
2022-11-01,P-PHX,SUP-RES1,Gulf Coast Polymers,Plastic Resin,Direct Materials,USA,Strategic,False,True,49781,93.23,0.8966,0.7601,0.7647,37839.67,44635.93,-6796.26,229.03
2022-11-01,P-PHX,SUP-RES2,Pacific Resin Traders,Plastic Resin,Direct Materials,Taiwan,Preferred,False,True,25409,93.23,0.8966,0.8019,0.7925,20375.21,22783.42,-2408.21,-239.12
2022-12-01,P-PHX,SUP-STL1,Great Lakes Steel Co.,Steel & Metal,Direct Materials,USA,Strategic,False,True,185685,76.21,1.0478,0.8232,0.809,152855.36,194569.25,-41713.88,-2641.71
2022-12-01,P-PHX,SUP-STL2,Rio Grande Metals,Steel & Metal,Direct Materials,Mexico,Preferred,False,True,82587,76.21,1.0478,0.8637,0.8383,71332.5,86538.93,-15206.43,-2098.5
2022-12-01,P-PHX,SUP-STL3,Keystone Alloy Supply,Steel & Metal,Direct Materials,USA,Transactional,False,False,34251,76.21,1.0478,0.8925,0.8886,30571.07,35890.6,-5319.53,-134.59
2022-12-01,P-PHX,SUP-ELE1,Shenzhen Circuit Works,Electrical/Electronic,Direct Materials,China,Strategic,False,True,60060,105.29,2.2239,2.3329,2.3369,140117.42,133566.45,6550.97,238.35
2022-12-01,P-PHX,SUP-ELE2,Lone Star Connectors,Electrical/Electronic,Direct Materials,USA,Preferred,False,True,31151,105.29,2.2239,2.4534,2.4217,76427.68,69277.11,7150.58,-988.79
2022-12-01,P-PHX,SUP-ELE3,Vertex Components,Electrical/Electronic,Direct Materials,USA,Transactional,False,False,14591,105.29,2.2239,2.6189,2.567,38213.84,32449.64,5764.2,-757.85
2022-12-01,P-PHX,SUP-RES1,Gulf Coast Polymers,Plastic Resin,Direct Materials,USA,Strategic,False,True,49016,92.12,0.8966,0.7507,0.7556,36798.51,43950.27,-7151.76,239.12
2022-12-01,P-PHX,SUP-RES2,Pacific Resin Traders,Plastic Resin,Direct Materials,Taiwan,Preferred,False,True,24778,92.12,0.8966,0.7997,0.783,19814.58,22217.23,-2402.65,-412.68
2023-01-01,P-PHX,SUP-STL1,Great Lakes Steel Co.,Steel & Metal,Direct Materials,USA,Strategic,False,True,189039,76.41,0.9886,0.8048,1.0615,152138.22,186876.97,-34738.75,48527.13
2023-01-01,P-PHX,SUP-STL2,Rio Grande Metals,Steel & Metal,Direct Materials,Mexico,Preferred,False,True,85958,76.41,0.9886,0.826,1.1,70997.83,84974.95,-13977.12,23556.23
2023-01-01,P-PHX,SUP-STL3,Keystone Alloy Supply,Steel & Metal,Direct Materials,USA,Transactional,False,False,34852,76.41,0.9886,0.873,1.166,30427.64,34453.96,-4026.31,10210.54
2023-01-01,P-PHX,SUP-ELE1,Shenzhen Circuit Works,Electrical/Electronic,Direct Materials,China,Strategic,False,True,58807,106.21,2.3684,2.3715,2.2195,139460.03,139277.55,182.49,-8937.0
2023-01-01,P-PHX,SUP-ELE2,Lone Star Connectors,Electrical/Electronic,Direct Materials,USA,Preferred,False,True,32100,106.21,2.3684,2.3697,2.3,76069.11,76026.26,42.85,-2237.5
2023-01-01,P-PHX,SUP-ELE3,Vertex Components,Electrical/Electronic,Direct Materials,USA,Transactional,False,False,14518,106.21,2.3684,2.6197,2.438,38034.55,34384.89,3649.67,-2638.71
2023-01-01,P-PHX,SUP-RES1,Gulf Coast Polymers,Plastic Resin,Direct Materials,USA,Strategic,False,True,49091,90.58,0.8562,0.7461,0.8202,36625.87,42032.89,-5407.02,3641.25
2023-01-01,P-PHX,SUP-RES2,Pacific Resin Traders,Plastic Resin,Direct Materials,Taiwan,Preferred,False,True,25922,90.58,0.8562,0.7608,0.85,19721.62,22195.52,-2473.9,2312.68
2023-02-01,P-PHX,SUP-STL1,Great Lakes Steel Co.,Steel & Metal,Direct Materials,USA,Strategic,False,True,172457,78.56,0.9886,0.8421,1.0615,145219.68,170484.56,-25264.88,37843.77
2023-02-01,P-PHX,SUP-STL2,Rio Grande Metals,Steel & Metal,Direct Materials,Mexico,Preferred,False,True,77785,78.56,0.9886,0.8712,1.1,67769.18,76895.69,-9126.51,17794.86
2023-02-01,P-PHX,SUP-STL3,Keystone Alloy Supply,Steel & Metal,Direct Materials,USA,Transactional,False,False,32578,78.56,0.9886,0.8915,1.166,29043.94,32206.15,-3162.22,8942.98
2023-02-01,P-PHX,SUP-ELE1,Shenzhen Circuit Works,Electrical/Electronic,Direct Materials,China,Strategic,False,True,55839,106.25,2.3684,2.3839,2.2195,133118.04,132249.38,868.66,-9181.4
2023-02-01,P-PHX,SUP-ELE2,Lone Star Connectors,Electrical/Electronic,Direct Materials,USA,Preferred,False,True,29322,106.25,2.3684,2.4762,2.3,72609.84,69446.59,3163.25,-5167.96
2023-02-01,P-PHX,SUP-ELE3,Vertex Components,Electrical/Electronic,Direct Materials,USA,Transactional,False,False,13760,106.25,2.3684,2.6384,2.438,36304.92,32588.84,3716.08,-2757.93
2023-02-01,P-PHX,SUP-RES1,Gulf Coast Polymers,Plastic Resin,Direct Materials,USA,Strategic,False,True,46724,92.62,0.8562,0.7482,0.8202,34960.29,40006.84,-5046.54,3365.88
2023-02-01,P-PHX,SUP-RES2,Pacific Resin Traders,Plastic Resin,Direct Materials,Taiwan,Preferred,False,True,23527,92.62,0.8562,0.8001,0.85,18824.77,20144.58,-1319.8,1173.48
2023-03-01,P-PHX,SUP-STL1,Great Lakes Steel Co.,Steel & Metal,Direct Materials,USA,Strategic,False,True,172631,80.48,0.9886,0.8385,1.0615,144754.67,170656.64,-25901.98,38493.57
2023-03-01,P-PHX,SUP-STL2,Rio Grande Metals,Steel & Metal,Direct Materials,Mexico,Preferred,False,True,74547,80.48,0.9886,0.9062,1.1,67552.18,73694.75,-6142.57,14450.08
2023-03-01,P-PHX,SUP-STL3,Keystone Alloy Supply,Steel & Metal,Direct Materials,USA,Transactional,False,False,31378,80.48,0.9886,0.9226,1.166,28950.93,31019.65,-2068.71,7636.51
2023-03-01,P-PHX,SUP-ELE1,Shenzhen Circuit Works,Electrical/Electronic,Direct Materials,China,Strategic,False,True,57251,106.38,2.3684,2.3177,2.2195,132691.78,135592.31,-2900.53,-5622.34
2023-03-01,P-PHX,SUP-ELE2,Lone Star Connectors,Electrical/Electronic,Direct Materials,USA,Preferred,False,True,28277,106.38,2.3684,2.5596,2.3,72377.33,66971.02,5406.32,-7339.57
2023-03-01,P-PHX,SUP-ELE3,Vertex Components,Electrical/Electronic,Direct Materials,USA,Transactional,False,False,13913,106.38,2.3684,2.601,2.438,36188.67,32951.67,3236.99,-2268.18
2023-03-01,P-PHX,SUP-RES1,Gulf Coast Polymers,Plastic Resin,Direct Materials,USA,Strategic,False,True,45477,93.44,0.8562,0.7663,0.8202,34848.35,38938.62,-4090.28,2454.49
2023-03-01,P-PHX,SUP-RES2,Pacific Resin Traders,Plastic Resin,Direct Materials,Taiwan,Preferred,False,True,23775,93.44,0.8562,0.7892,0.85,18764.49,20357.41,-1592.92,1445.05
2023-04-01,P-PHX,SUP-STL1,Great Lakes Steel Co.,Steel & Metal,Direct Materials,USA,Strategic,False,True,152061,82.15,0.9886,0.8967,1.0615,136347.08,150322.39,-13975.3,25066.57
2023-04-01,P-PHX,SUP-STL2,Rio Grande Metals,Steel & Metal,Direct Materials,Mexico,Preferred,False,True,71688,82.15,0.9886,0.8876,1.1,63628.64,70868.51,-7239.87,15228.78
2023-04-01,P-PHX,SUP-STL3,Keystone Alloy Supply,Steel & Metal,Direct Materials,USA,Transactional,False,False,28456,82.15,0.9886,0.9583,1.166,27269.42,28130.68,-861.26,5910.5
2023-04-01,P-PHX,SUP-ELE1,Shenzhen Circuit Works,Electrical/Electronic,Direct Materials,China,Strategic,False,True,53514,106.48,2.3684,2.3355,2.2195,124984.83,126741.83,-1757.0,-6209.56
2023-04-01,P-PHX,SUP-ELE2,Lone Star Connectors,Electrical/Electronic,Direct Materials,USA,Preferred,False,True,26912,106.48,2.3684,2.5331,2.3,68173.54,63739.34,4434.2,-6274.16
2023-04-01,P-PHX,SUP-ELE3,Vertex Components,Electrical/Electronic,Direct Materials,USA,Transactional,False,False,13619,106.48,2.3684,2.5027,2.438,34086.77,32256.93,1829.84,-881.45
2023-04-01,P-PHX,SUP-RES1,Gulf Coast Polymers,Plastic Resin,Direct Materials,USA,Strategic,False,True,41713,94.95,0.8562,0.7869,0.8202,32824.3,35715.75,-2891.45,1391.06
2023-04-01,P-PHX,SUP-RES2,Pacific Resin Traders,Plastic Resin,Direct Materials,Taiwan,Preferred,False,True,22108,94.95,0.8562,0.7995,0.85,17674.62,18929.7,-1255.07,1117.58
2023-05-01,P-PHX,SUP-STL1,Great Lakes Steel Co.,Steel & Metal,Direct Materials,USA,Strategic,False,True,154962,84.09,0.9886,0.8968,1.0615,138977.57,153190.15,-14212.58,25515.43
2023-05-01,P-PHX,SUP-STL2,Rio Grande Metals,Steel & Metal,Direct Materials,Mexico,Preferred,False,True,71207,84.09,0.9886,0.9108,1.1,64856.2,70392.79,-5536.59,13471.88
2023-05-01,P-PHX,SUP-STL3,Keystone Alloy Supply,Steel & Metal,Direct Materials,USA,Transactional,False,False,27689,84.09,0.9886,1.0038,1.166,27795.51,27372.65,422.87,4490.32
2023-05-01,P-PHX,SUP-ELE1,Shenzhen Circuit Works,Electrical/Electronic,Direct Materials,China,Strategic,False,True,53038,105.94,2.3684,2.402,2.2195,127396.1,125614.35,1781.75,-9677.44
2023-05-01,P-PHX,SUP-ELE2,Lone Star Connectors,Electrical/Electronic,Direct Materials,USA,Preferred,False,True,28105,105.94,2.3684,2.4724,2.3,69488.78,66563.84,2924.94,-4846.43
2023-05-01,P-PHX,SUP-ELE3,Vertex Components,Electrical/Electronic,Direct Materials,USA,Transactional,False,False,13663,105.94,2.3684,2.5428,2.438,34744.39,32361.3,2383.1,-1431.64
2023-05-01,P-PHX,SUP-RES1,Gulf Coast Polymers,Plastic Resin,Direct Materials,USA,Strategic,False,True,43404,93.9,0.8562,0.7708,0.8202,33457.56,37163.61,-3706.04,2144.83
2023-05-01,P-PHX,SUP-RES2,Pacific Resin Traders,Plastic Resin,Direct Materials,Taiwan,Preferred,False,True,23030,93.9,0.8562,0.7822,0.85,18015.61,19719.54,-1703.93,1560.69
2023-06-01,P-PHX,SUP-STL1,Great Lakes Steel Co.,Steel & Metal,Direct Materials,USA,Strategic,False,True,172592,82.38,0.9886,0.8839,1.0615,152562.53,170618.51,-18055.98,30644.76
2023-06-01,P-PHX,SUP-STL2,Rio Grande Metals,Steel & Metal,Direct Materials,Mexico,Preferred,False,True,78664,82.38,0.9886,0.9051,1.1,71195.85,77765.1,-6569.25,15335.61
2023-06-01,P-PHX,SUP-STL3,Keystone Alloy Supply,Steel & Metal,Direct Materials,USA,Transactional,False,False,31929,82.38,0.9886,0.9556,1.166,30512.51,31564.62,-1052.11,6717.72
2023-06-01,P-PHX,SUP-ELE1,Shenzhen Circuit Works,Electrical/Electronic,Direct Materials,China,Strategic,False,True,58696,106.23,2.3684,2.3826,2.2195,139848.99,139015.07,833.92,-9571.93
2023-06-01,P-PHX,SUP-ELE2,Lone Star Connectors,Electrical/Electronic,Direct Materials,USA,Preferred,False,True,30489,106.23,2.3684,2.5018,2.3,76281.27,72211.5,4069.77,-6154.29
2023-06-01,P-PHX,SUP-ELE3,Vertex Components,Electrical/Electronic,Direct Materials,USA,Transactional,False,False,14708,106.23,2.3684,2.5932,2.438,38140.63,34834.33,3306.3,-2282.13
2023-06-01,P-PHX,SUP-RES1,Gulf Coast Polymers,Plastic Resin,Direct Materials,USA,Strategic,False,True,48315,92.1,0.8562,0.7602,0.8202,36728.02,41368.63,-4640.62,2902.75
2023-06-01,P-PHX,SUP-RES2,Pacific Resin Traders,Plastic Resin,Direct Materials,Taiwan,Preferred,False,True,25271,92.1,0.8562,0.7826,0.85,19776.62,21638.05,-1861.42,1704.25
2023-07-01,P-PHX,SUP-STL1,Great Lakes Steel Co.,Steel & Metal,Direct Materials,USA,Strategic,False,True,172333,79.16,0.9886,0.8352,1.0615,143935.82,170361.7,-26425.88,38995.71
2023-07-01,P-PHX,SUP-STL2,Rio Grande Metals,Steel & Metal,Direct Materials,Mexico,Preferred,False,True,76616,79.16,0.9886,0.8767,1.1,67170.05,75740.5,-8570.45,17108.57
2023-07-01,P-PHX,SUP-STL3,Keystone Alloy Supply,Steel & Metal,Direct Materials,USA,Transactional,False,False,31511,79.16,0.9886,0.9135,1.166,28787.16,31150.95,-2363.79,7955.15
2023-07-01,P-PHX,SUP-ELE1,Shenzhen Circuit Works,Electrical/Electronic,Direct Materials,China,Strategic,False,True,55286,106.5,2.3684,2.3865,2.2195,131941.17,130938.52,1002.65,-9233.0
2023-07-01,P-PHX,SUP-ELE2,Lone Star Connectors,Electrical/Electronic,Direct Materials,USA,Preferred,False,True,30315,106.5,2.3684,2.374,2.3,71967.91,71798.47,169.45,-2242.05
2023-07-01,P-PHX,SUP-ELE3,Vertex Components,Electrical/Electronic,Direct Materials,USA,Transactional,False,False,13829,106.5,2.3684,2.6019,2.438,35983.96,32754.32,3229.64,-2266.63
2023-07-01,P-PHX,SUP-RES1,Gulf Coast Polymers,Plastic Resin,Direct Materials,USA,Strategic,False,True,47531,88.92,0.8562,0.729,0.8202,34651.22,40697.65,-6046.44,4336.76
2023-07-01,P-PHX,SUP-RES2,Pacific Resin Traders,Plastic Resin,Direct Materials,Taiwan,Preferred,False,True,26527,88.92,0.8562,0.7034,0.85,18658.35,22713.19,-4054.84,3889.86
2023-08-01,P-PHX,SUP-STL1,Great Lakes Steel Co.,Steel & Metal,Direct Materials,USA,Strategic,False,True,176820,78.26,0.9886,0.8291,1.0615,146593.26,174797.41,-28204.16,41101.27
2023-08-01,P-PHX,SUP-STL2,Rio Grande Metals,Steel & Metal,Direct Materials,Mexico,Preferred,False,True,78353,78.26,0.9886,0.8731,1.1,68410.19,77456.97,-9046.78,17778.41
2023-08-01,P-PHX,SUP-STL3,Keystone Alloy Supply,Steel & Metal,Direct Materials,USA,Transactional,False,False,32375,78.26,0.9886,0.9056,1.166,29318.65,32004.91,-2686.26,8430.9
2023-08-01,P-PHX,SUP-ELE1,Shenzhen Circuit Works,Electrical/Electronic,Direct Materials,China,Strategic,False,True,57539,106.71,2.3684,2.3354,2.2195,134377.15,136274.92,-1897.77,-6668.0
2023-08-01,P-PHX,SUP-ELE2,Lone Star Connectors,Electrical/Electronic,Direct Materials,USA,Preferred,False,True,29241,106.71,2.3684,2.5066,2.3,73296.63,69253.81,4042.82,-6041.96
2023-08-01,P-PHX,SUP-ELE3,Vertex Components,Electrical/Electronic,Direct Materials,USA,Transactional,False,False,13837,106.71,2.3684,2.6486,2.438,36648.31,32771.35,3876.96,-2913.45
2023-08-01,P-PHX,SUP-RES1,Gulf Coast Polymers,Plastic Resin,Direct Materials,USA,Strategic,False,True,49194,87.9,0.8562,0.7174,0.8202,35290.97,42120.97,-6830.01,5060.53
2023-08-01,P-PHX,SUP-RES2,Pacific Resin Traders,Plastic Resin,Direct Materials,Taiwan,Preferred,False,True,28289,87.9,0.8562,0.6717,0.85,19002.83,24221.74,-5218.91,5042.97
2023-09-01,P-PHX,SUP-STL1,Great Lakes Steel Co.,Steel & Metal,Direct Materials,USA,Strategic,False,True,185898,76.46,0.9886,0.8328,1.0615,154811.71,183771.94,-28960.23,42519.51
2023-09-01,P-PHX,SUP-STL2,Rio Grande Metals,Steel & Metal,Direct Materials,Mexico,Preferred,False,True,83532,76.46,0.9886,0.8649,1.1,72245.47,82576.65,-10331.18,19639.94
2023-09-01,P-PHX,SUP-STL3,Keystone Alloy Supply,Steel & Metal,Direct Materials,USA,Transactional,False,False,34628,76.46,0.9886,0.8941,1.166,30962.34,34232.8,-3270.46,9414.99
2023-09-01,P-PHX,SUP-ELE1,Shenzhen Circuit Works,Electrical/Electronic,Direct Materials,China,Strategic,False,True,59477,106.84,2.3684,2.386,2.2195,141910.74,140863.63,1047.11,-9901.31
2023-09-01,P-PHX,SUP-ELE2,Lone Star Connectors,Electrical/Electronic,Direct Materials,USA,Preferred,False,True,31158,106.84,2.3684,2.4843,2.3,77405.86,73794.45,3611.4,-5741.62
2023-09-01,P-PHX,SUP-ELE3,Vertex Components,Electrical/Electronic,Direct Materials,USA,Transactional,False,False,14584,106.84,2.3684,2.6537,2.438,38702.93,34541.47,4161.46,-3145.9
2023-09-01,P-PHX,SUP-RES1,Gulf Coast Polymers,Plastic Resin,Direct Materials,USA,Strategic,False,True,50501,87.79,0.8562,0.738,0.8202,37269.49,43240.45,-5970.97,4154.46
2023-09-01,P-PHX,SUP-RES2,Pacific Resin Traders,Plastic Resin,Direct Materials,Taiwan,Preferred,False,True,29308,87.79,0.8562,0.6847,0.85,20068.19,25094.66,-5026.47,4844.2
2023-10-01,P-PHX,SUP-STL1,Great Lakes Steel Co.,Steel & Metal,Direct Materials,USA,Strategic,False,True,212089,74.84,0.9886,0.7903,1.0615,167624.48,209663.83,-42039.35,57509.01
2023-10-01,P-PHX,SUP-STL2,Rio Grande Metals,Steel & Metal,Direct Materials,Mexico,Preferred,False,True,94917,74.84,0.9886,0.8241,1.1,78224.76,93831.88,-15607.12,26184.66
2023-10-01,P-PHX,SUP-STL3,Keystone Alloy Supply,Steel & Metal,Direct Materials,USA,Transactional,False,False,38262,74.84,0.9886,0.8762,1.166,33524.9,37825.21,-4300.31,11089.65
2023-10-01,P-PHX,SUP-ELE1,Shenzhen Circuit Works,Electrical/Electronic,Direct Materials,China,Strategic,False,True,66053,106.94,2.3684,2.3262,2.2195,153655.77,156438.94,-2783.16,-7050.05
2023-10-01,P-PHX,SUP-ELE2,Lone Star Connectors,Electrical/Electronic,Direct Materials,USA,Preferred,False,True,34139,106.94,2.3684,2.455,2.3,83812.24,80855.05,2957.19,-5291.23
2023-10-01,P-PHX,SUP-ELE3,Vertex Components,Electrical/Electronic,Direct Materials,USA,Transactional,False,False,15927,106.94,2.3684,2.6311,2.438,41906.12,37721.84,4184.28,-3075.22
2023-10-01,P-PHX,SUP-RES1,Gulf Coast Polymers,Plastic Resin,Direct Materials,USA,Strategic,False,True,55990,87.39,0.8562,0.7207,0.8202,40354.04,47940.38,-7586.34,5572.4
2023-10-01,P-PHX,SUP-RES2,Pacific Resin Traders,Plastic Resin,Direct Materials,Taiwan,Preferred,False,True,30873,87.39,0.8562,0.7038,0.85,21729.1,26434.13,-4705.03,4513.02
2023-11-01,P-PHX,SUP-STL1,Great Lakes Steel Co.,Steel & Metal,Direct Materials,USA,Strategic,False,True,210112,74.3,0.9886,0.7944,1.0615,166915.67,207709.32,-40793.66,56119.11
2023-11-01,P-PHX,SUP-STL2,Rio Grande Metals,Steel & Metal,Direct Materials,Mexico,Preferred,False,True,95502,74.3,0.9886,0.8156,1.1,77893.98,94409.68,-16515.7,27158.38
2023-11-01,P-PHX,SUP-STL3,Keystone Alloy Supply,Steel & Metal,Direct Materials,USA,Transactional,False,False,37667,74.3,0.9886,0.8863,1.166,33383.13,37236.6,-3853.47,10537.15
2023-11-01,P-PHX,SUP-ELE1,Shenzhen Circuit Works,Electrical/Electronic,Direct Materials,China,Strategic,False,True,63733,107.13,2.3684,2.4007,2.2195,153006.03,150945.11,2060.92,-11548.81
2023-11-01,P-PHX,SUP-ELE2,Lone Star Connectors,Electrical/Electronic,Direct Materials,USA,Preferred,False,True,34191,107.13,2.3684,2.4409,2.3,83457.83,80978.48,2479.35,-4816.95
2023-11-01,P-PHX,SUP-ELE3,Vertex Components,Electrical/Electronic,Direct Materials,USA,Transactional,False,False,15842,107.13,2.3684,2.634,2.438,41728.92,37521.27,4207.65,-3104.48
2023-11-01,P-PHX,SUP-RES1,Gulf Coast Polymers,Plastic Resin,Direct Materials,USA,Strategic,False,True,56551,87.53,0.8562,0.7106,0.8202,40183.4,48420.16,-8236.76,6202.66
2023-11-01,P-PHX,SUP-RES2,Pacific Resin Traders,Plastic Resin,Direct Materials,Taiwan,Preferred,False,True,30707,87.53,0.8562,0.7046,0.85,21637.22,26292.08,-4654.86,4463.89
2023-12-01,P-PHX,SUP-STL1,Great Lakes Steel Co.,Steel & Metal,Direct Materials,USA,Strategic,False,True,185184,76.88,0.9886,0.8238,1.0615,152563.87,183066.27,-30502.4,44009.61
2023-12-01,P-PHX,SUP-STL2,Rio Grande Metals,Steel & Metal,Direct Materials,Mexico,Preferred,False,True,84674,76.88,0.9886,0.8408,1.1,71196.47,83705.56,-12509.09,21945.1
2023-12-01,P-PHX,SUP-STL3,Keystone Alloy Supply,Steel & Metal,Direct Materials,USA,Transactional,False,False,34883,76.88,0.9886,0.8747,1.166,30512.77,34484.26,-3971.49,10161.15
2023-12-01,P-PHX,SUP-ELE1,Shenzhen Circuit Works,Electrical/Electronic,Direct Materials,China,Strategic,False,True,57976,107.13,2.3684,2.4122,2.2195,139850.21,137308.63,2541.58,-11172.33
2023-12-01,P-PHX,SUP-ELE2,Lone Star Connectors,Electrical/Electronic,Direct Materials,USA,Preferred,False,True,30300,107.13,2.3684,2.5175,2.3,76281.93,71761.97,4519.97,-6591.51
2023-12-01,P-PHX,SUP-ELE3,Vertex Components,Electrical/Electronic,Direct Materials,USA,Transactional,False,False,14379,107.13,2.3684,2.6525,2.438,38140.97,34055.69,4085.28,-3084.0
2023-12-01,P-PHX,SUP-RES1,Gulf Coast Polymers,Plastic Resin,Direct Materials,USA,Strategic,False,True,51467,87.19,0.8562,0.7136,0.8202,36728.34,44067.56,-7339.22,5487.97
2023-12-01,P-PHX,SUP-RES2,Pacific Resin Traders,Plastic Resin,Direct Materials,Taiwan,Preferred,False,True,28133,87.19,0.8562,0.703,0.85,19776.8,24088.22,-4311.42,4136.45
2024-01-01,P-PHX,SUP-STL1,Great Lakes Steel Co.,Steel & Metal,Direct Materials,USA,Strategic,False,True,187394,79.92,0.8653,0.8603,0.8111,161211.35,162153.35,-942.0,-9217.33
2024-01-01,P-PHX,SUP-STL2,Rio Grande Metals,Steel & Metal,Direct Materials,Mexico,Preferred,False,True,84973,79.92,0.8653,0.8854,0.8405,75231.96,73528.05,1703.91,-3810.9
2024-01-01,P-PHX,SUP-STL3,Keystone Alloy Supply,Steel & Metal,Direct Materials,USA,Transactional,False,False,34479,79.92,0.8653,0.9351,0.8909,32242.27,29835.55,2406.72,-1522.84
2024-01-01,P-PHX,SUP-ELE1,Shenzhen Circuit Works,Electrical/Electronic,Direct Materials,China,Strategic,False,True,60453,108.33,2.4509,2.4445,2.3573,147777.07,148165.41,-388.34,-5269.3
2024-01-01,P-PHX,SUP-ELE2,Lone Star Connectors,Electrical/Electronic,Direct Materials,USA,Preferred,False,True,33209,108.33,2.4509,2.4272,2.4428,80605.68,81393.1,-787.42,518.82
2024-01-01,P-PHX,SUP-ELE3,Vertex Components,Electrical/Electronic,Direct Materials,USA,Transactional,False,False,14956,108.33,2.4509,2.6947,2.5894,40302.84,36656.21,3646.63,-1575.48
2024-01-01,P-PHX,SUP-RES1,Gulf Coast Polymers,Plastic Resin,Direct Materials,USA,Strategic,False,True,54393,86.16,0.7681,0.7135,0.743,38810.14,41776.76,-2966.62,1602.96
2024-01-01,P-PHX,SUP-RES2,Pacific Resin Traders,Plastic Resin,Direct Materials,Taiwan,Preferred,False,True,31689,86.16,0.7681,0.6594,0.7699,20897.77,24339.59,-3441.82,3501.31
2024-02-01,P-PHX,SUP-STL1,Great Lakes Steel Co.,Steel & Metal,Direct Materials,USA,Strategic,False,True,180745,81.42,0.8653,0.8448,0.8111,152699.85,156400.14,-3700.29,-6098.59
2024-02-01,P-PHX,SUP-STL2,Rio Grande Metals,Steel & Metal,Direct Materials,Mexico,Preferred,False,True,79538,81.42,0.8653,0.8959,0.8405,71259.93,68824.74,2435.19,-4407.4
2024-02-01,P-PHX,SUP-STL3,Keystone Alloy Supply,Steel & Metal,Direct Materials,USA,Transactional,False,False,32395,81.42,0.8653,0.9427,0.8909,30539.97,28032.16,2507.8,-1677.35
2024-02-01,P-PHX,SUP-ELE1,Shenzhen Circuit Works,Electrical/Electronic,Direct Materials,China,Strategic,False,True,57295,108.62,2.4509,2.443,2.3573,139974.86,140425.78,-450.92,-4911.19
2024-02-01,P-PHX,SUP-ELE2,Lone Star Connectors,Electrical/Electronic,Direct Materials,USA,Preferred,False,True,30555,108.62,2.4509,2.4987,2.4428,76349.92,74888.87,1461.05,-1708.19
2024-02-01,P-PHX,SUP-ELE3,Vertex Components,Electrical/Electronic,Direct Materials,USA,Transactional,False,False,14413,108.62,2.4509,2.6485,2.5894,38174.96,35326.78,2848.18,-852.15
2024-02-01,P-PHX,SUP-RES1,Gulf Coast Polymers,Plastic Resin,Direct Materials,USA,Strategic,False,True,51229,88.01,0.7681,0.7176,0.743,36761.07,39346.61,-2585.53,1301.2
2024-02-01,P-PHX,SUP-RES2,Pacific Resin Traders,Plastic Resin,Direct Materials,Taiwan,Preferred,False,True,28387,88.01,0.7681,0.6973,0.7699,19794.42,21802.96,-2008.53,2061.82
2024-03-01,P-PHX,SUP-STL1,Great Lakes Steel Co.,Steel & Metal,Direct Materials,USA,Strategic,False,True,190040,75.85,0.8653,0.8011,0.8111,152240.57,164443.23,-12202.66,1899.86
2024-03-01,P-PHX,SUP-STL2,Rio Grande Metals,Steel & Metal,Direct Materials,Mexico,Preferred,False,True,83616,75.85,0.8653,0.8497,0.8405,71045.6,72353.89,-1308.29,-765.05
2024-03-01,P-PHX,SUP-STL3,Keystone Alloy Supply,Steel & Metal,Direct Materials,USA,Transactional,False,False,34948,75.85,0.8653,0.8712,0.8909,30448.11,30241.27,206.85,689.05
2024-03-01,P-PHX,SUP-ELE1,Shenzhen Circuit Works,Electrical/Electronic,Direct Materials,China,Strategic,False,True,57520,108.82,2.4509,2.4262,2.3573,139553.86,140978.42,-1424.56,-3958.65
2024-03-01,P-PHX,SUP-ELE2,Lone Star Connectors,Electrical/Electronic,Direct Materials,USA,Preferred,False,True,30639,108.82,2.4509,2.4844,2.4428,76120.29,75095.44,1024.85,-1272.67
2024-03-01,P-PHX,SUP-ELE3,Vertex Components,Electrical/Electronic,Direct Materials,USA,Transactional,False,False,14535,108.82,2.4509,2.6184,2.5894,38060.14,35625.37,2434.77,-421.87
2024-03-01,P-PHX,SUP-RES1,Gulf Coast Polymers,Plastic Resin,Direct Materials,USA,Strategic,False,True,51599,87.18,0.7681,0.7103,0.743,36650.51,39631.48,-2980.97,1687.34
2024-03-01,P-PHX,SUP-RES2,Pacific Resin Traders,Plastic Resin,Direct Materials,Taiwan,Preferred,False,True,28287,87.18,0.7681,0.6976,0.7699,19734.89,21726.65,-1991.76,2044.86
2024-04-01,P-PHX,SUP-STL1,Great Lakes Steel Co.,Steel & Metal,Direct Materials,USA,Strategic,False,True,173095,74.19,0.8653,0.7798,0.8111,134978.09,149780.88,-14802.79,5418.63
2024-04-01,P-PHX,SUP-STL2,Rio Grande Metals,Steel & Metal,Direct Materials,Mexico,Preferred,False,True,73275,74.19,0.8653,0.8596,0.8405,62989.77,63405.88,-416.11,-1400.82
2024-04-01,P-PHX,SUP-STL3,Keystone Alloy Supply,Steel & Metal,Direct Materials,USA,Transactional,False,False,31684,74.19,0.8653,0.852,0.8909,26995.62,27416.7,-421.08,1233.3
2024-04-01,P-PHX,SUP-ELE1,Shenzhen Circuit Works,Electrical/Electronic,Direct Materials,China,Strategic,False,True,51925,108.92,2.4509,2.3828,2.3573,123729.91,127264.38,-3534.46,-1325.08
2024-04-01,P-PHX,SUP-ELE2,Lone Star Connectors,Electrical/Electronic,Direct Materials,USA,Preferred,False,True,26764,108.92,2.4509,2.5216,2.4428,67489.04,65597.71,1891.33,-2107.81
2024-04-01,P-PHX,SUP-ELE3,Vertex Components,Electrical/Electronic,Direct Materials,USA,Transactional,False,False,12605,108.92,2.4509,2.6769,2.5894,33744.52,30895.86,2848.67,-1102.99
2024-04-01,P-PHX,SUP-RES1,Gulf Coast Polymers,Plastic Resin,Direct Materials,USA,Strategic,False,True,44234,88.1,0.7681,0.7346,0.743,32494.72,33974.71,-1479.98,370.99
2024-04-01,P-PHX,SUP-RES2,Pacific Resin Traders,Plastic Resin,Direct Materials,Taiwan,Preferred,False,True,24498,88.1,0.7681,0.7142,0.7699,17497.16,18816.43,-1319.27,1365.26
2024-05-01,P-PHX,SUP-STL1,Great Lakes Steel Co.,Steel & Metal,Direct Materials,USA,Strategic,False,True,191028,74.2,0.8653,0.8062,0.8111,153999.01,165297.72,-11298.71,942.37
2024-05-01,P-PHX,SUP-STL2,Rio Grande Metals,Steel & Metal,Direct Materials,Mexico,Preferred,False,True,87561,74.2,0.8653,0.8208,0.8405,71866.21,75767.52,-3901.31,1730.15
2024-05-01,P-PHX,SUP-STL3,Keystone Alloy Supply,Steel & Metal,Direct Materials,USA,Transactional,False,False,36243,74.2,0.8653,0.8498,0.8909,30799.8,31361.39,-561.58,1490.67
2024-05-01,P-PHX,SUP-ELE1,Shenzhen Circuit Works,Electrical/Electronic,Direct Materials,China,Strategic,False,True,58685,109.06,2.4509,2.4055,2.3573,141165.76,143833.01,-2667.25,-2824.96
2024-05-01,P-PHX,SUP-ELE2,Lone Star Connectors,Electrical/Electronic,Direct Materials,USA,Preferred,False,True,30277,109.06,2.4509,2.5431,2.4428,76999.51,74207.63,2791.88,-3036.77
2024-05-01,P-PHX,SUP-ELE3,Vertex Components,Electrical/Electronic,Direct Materials,USA,Transactional,False,False,14104,109.06,2.4509,2.7295,2.5894,38499.75,34569.95,3929.81,-1976.54
2024-05-01,P-PHX,SUP-RES1,Gulf Coast Polymers,Plastic Resin,Direct Materials,USA,Strategic,False,True,50855,88.0,0.7681,0.729,0.743,37073.84,39059.87,-1986.03,711.06
2024-05-01,P-PHX,SUP-RES2,Pacific Resin Traders,Plastic Resin,Direct Materials,Taiwan,Preferred,False,True,28305,88.0,0.7681,0.7053,0.7699,19962.83,21740.05,-1777.22,1830.35
2024-06-01,P-PHX,SUP-STL1,Great Lakes Steel Co.,Steel & Metal,Direct Materials,USA,Strategic,False,True,193100,72.89,0.8653,0.7821,0.8111,151024.17,167090.82,-16066.65,5597.98
2024-06-01,P-PHX,SUP-STL2,Rio Grande Metals,Steel & Metal,Direct Materials,Mexico,Preferred,False,True,88653,72.89,0.8653,0.795,0.8405,70477.95,76712.5,-6234.55,4036.31
2024-06-01,P-PHX,SUP-STL3,Keystone Alloy Supply,Steel & Metal,Direct Materials,USA,Transactional,False,False,35779,72.89,0.8653,0.8442,0.8909,30204.83,30960.41,-755.58,1672.79
2024-06-01,P-PHX,SUP-ELE1,Shenzhen Circuit Works,Electrical/Electronic,Direct Materials,China,Strategic,False,True,56492,109.24,2.4509,2.4506,2.3573,138438.82,138457.9,-19.08,-5267.88
2024-06-01,P-PHX,SUP-ELE2,Lone Star Connectors,Electrical/Electronic,Direct Materials,USA,Preferred,False,True,30132,109.24,2.4509,2.506,2.4428,75512.08,73851.77,1660.32,-1904.04
2024-06-01,P-PHX,SUP-ELE3,Vertex Components,Electrical/Electronic,Direct Materials,USA,Transactional,False,False,14218,109.24,2.4509,2.6554,2.5894,37756.04,34848.58,2907.46,-938.45
2024-06-01,P-PHX,SUP-RES1,Gulf Coast Polymers,Plastic Resin,Direct Materials,USA,Strategic,False,True,49784,87.8,0.7681,0.7303,0.743,36357.67,38237.24,-1879.57,631.44
2024-06-01,P-PHX,SUP-RES2,Pacific Resin Traders,Plastic Resin,Direct Materials,Taiwan,Preferred,False,True,27892,87.8,0.7681,0.7019,0.7699,19577.21,21422.56,-1845.36,1897.71
2024-07-01,P-PHX,SUP-STL1,Great Lakes Steel Co.,Steel & Metal,Direct Materials,USA,Strategic,False,True,198246,71.16,0.8653,0.7355,0.8111,145819.42,171543.66,-25724.23,14976.57
2024-07-01,P-PHX,SUP-STL2,Rio Grande Metals,Steel & Metal,Direct Materials,Mexico,Preferred,False,True,86820,71.16,0.8653,0.7838,0.8405,68049.06,75126.0,-7076.94,4924.16
2024-07-01,P-PHX,SUP-STL3,Keystone Alloy Supply,Steel & Metal,Direct Materials,USA,Transactional,False,False,35733,71.16,0.8653,0.8162,0.8909,29163.88,30920.21,-1756.33,2672.34
2024-07-01,P-PHX,SUP-ELE1,Shenzhen Circuit Works,Electrical/Electronic,Direct Materials,China,Strategic,False,True,56545,109.09,2.4509,2.3639,2.3573,133667.81,138589.53,-4921.72,-370.26
2024-07-01,P-PHX,SUP-ELE2,Lone Star Connectors,Electrical/Electronic,Direct Materials,USA,Preferred,False,True,29098,109.09,2.4509,2.5056,2.4428,72909.71,71319.25,1590.46,-1825.83
2024-07-01,P-PHX,SUP-ELE3,Vertex Components,Electrical/Electronic,Direct Materials,USA,Transactional,False,False,13824,109.09,2.4509,2.637,2.5894,36454.86,33882.1,2572.76,-658.35
2024-07-01,P-PHX,SUP-RES1,Gulf Coast Polymers,Plastic Resin,Direct Materials,USA,Strategic,False,True,47615,89.17,0.7681,0.7373,0.743,35104.68,36571.06,-1466.38,272.65
2024-07-01,P-PHX,SUP-RES2,Pacific Resin Traders,Plastic Resin,Direct Materials,Taiwan,Preferred,False,True,26672,89.17,0.7681,0.7087,0.7699,18902.52,20486.17,-1583.65,1633.72
2024-08-01,P-PHX,SUP-STL1,Great Lakes Steel Co.,Steel & Metal,Direct Materials,USA,Strategic,False,True,219509,69.78,0.8653,0.7447,0.8111,163467.44,189943.26,-26475.81,14575.37
2024-08-01,P-PHX,SUP-STL2,Rio Grande Metals,Steel & Metal,Direct Materials,Mexico,Preferred,False,True,100273,69.78,0.8653,0.7608,0.8405,76284.81,86767.07,-10482.27,7995.91
2024-08-01,P-PHX,SUP-STL3,Keystone Alloy Supply,Steel & Metal,Direct Materials,USA,Transactional,False,False,40571,69.78,0.8653,0.8058,0.8909,32693.49,35106.77,-2413.28,3453.32
2024-08-01,P-PHX,SUP-ELE1,Shenzhen Circuit Works,Electrical/Electronic,Direct Materials,China,Strategic,False,True,60720,109.17,2.4509,2.4678,2.3573,149845.16,148821.0,1024.16,-6706.83
2024-08-01,P-PHX,SUP-ELE2,Lone Star Connectors,Electrical/Electronic,Direct Materials,USA,Preferred,False,True,32361,109.17,2.4509,2.5257,2.4428,81733.72,79315.04,2418.69,-2680.44
2024-08-01,P-PHX,SUP-ELE3,Vertex Components,Electrical/Electronic,Direct Materials,USA,Transactional,False,False,15415,109.17,2.4509,2.6511,2.5894,40866.86,37781.35,3085.51,-950.79
2024-08-01,P-PHX,SUP-RES1,Gulf Coast Polymers,Plastic Resin,Direct Materials,USA,Strategic,False,True,53625,88.89,0.7681,0.7339,0.743,39353.27,41187.07,-1833.8,489.39
2024-08-01,P-PHX,SUP-RES2,Pacific Resin Traders,Plastic Resin,Direct Materials,Taiwan,Preferred,False,True,30169,88.89,0.7681,0.7024,0.7699,21190.22,23171.65,-1981.43,2038.06
2024-09-01,P-PHX,SUP-STL1,Great Lakes Steel Co.,Steel & Metal,Direct Materials,USA,Strategic,False,True,242029,68.85,0.8653,0.7152,0.8111,173093.44,209429.22,-36335.78,23214.49
2024-09-01,P-PHX,SUP-STL2,Rio Grande Metals,Steel & Metal,Direct Materials,Mexico,Preferred,False,True,106232,68.85,0.8653,0.7604,0.8405,80776.94,91923.25,-11146.31,8512.2
2024-09-01,P-PHX,SUP-STL3,Keystone Alloy Supply,Steel & Metal,Direct Materials,USA,Transactional,False,False,44498,68.85,0.8653,0.778,0.8909,34618.69,38505.08,-3886.39,5027.11
2024-09-01,P-PHX,SUP-ELE1,Shenzhen Circuit Works,Electrical/Electronic,Direct Materials,China,Strategic,False,True,64624,109.39,2.4509,2.4553,2.3573,158668.99,158388.93,280.06,-6328.08
2024-09-01,P-PHX,SUP-ELE2,Lone Star Connectors,Electrical/Electronic,Direct Materials,USA,Preferred,False,True,35144,109.39,2.4509,2.4626,2.4428,86546.72,86137.08,409.64,-693.9
2024-09-01,P-PHX,SUP-ELE3,Vertex Components,Electrical/Electronic,Direct Materials,USA,Transactional,False,False,16058,109.39,2.4509,2.6947,2.5894,43273.36,39357.95,3915.41,-1691.62
2024-09-01,P-PHX,SUP-RES1,Gulf Coast Polymers,Plastic Resin,Direct Materials,USA,Strategic,False,True,59210,86.67,0.7681,0.7038,0.743,41670.64,45476.52,-3805.88,2321.45
2024-09-01,P-PHX,SUP-RES2,Pacific Resin Traders,Plastic Resin,Direct Materials,Taiwan,Preferred,False,True,33132,86.67,0.7681,0.6772,0.7699,22438.04,25447.2,-3009.16,3071.35
2024-10-01,P-PHX,SUP-STL1,Great Lakes Steel Co.,Steel & Metal,Direct Materials,USA,Strategic,False,True,238155,69.49,0.8653,0.7156,0.8111,170430.82,206077.45,-35646.63,22735.34
2024-10-01,P-PHX,SUP-STL2,Rio Grande Metals,Steel & Metal,Direct Materials,Mexico,Preferred,False,True,101818,69.49,0.8653,0.7811,0.8405,79534.38,88103.85,-8569.46,6044.8
2024-10-01,P-PHX,SUP-STL3,Keystone Alloy Supply,Steel & Metal,Direct Materials,USA,Transactional,False,False,41126,69.49,0.8653,0.8288,0.8909,34086.16,35587.21,-1501.04,2555.32
2024-10-01,P-PHX,SUP-ELE1,Shenzhen Circuit Works,Electrical/Electronic,Direct Materials,China,Strategic,False,True,65287,109.56,2.4509,2.3929,2.3573,156228.25,160015.1,-3786.85,-2323.27
2024-10-01,P-PHX,SUP-ELE2,Lone Star Connectors,Electrical/Electronic,Direct Materials,USA,Preferred,False,True,33125,109.56,2.4509,2.5725,2.4428,85215.41,81187.01,4028.4,-4296.33
2024-10-01,P-PHX,SUP-ELE3,Vertex Components,Electrical/Electronic,Direct Materials,USA,Transactional,False,False,15882,109.56,2.4509,2.6827,2.5894,42607.7,38926.86,3680.84,-1481.4
2024-10-01,P-PHX,SUP-RES1,Gulf Coast Polymers,Plastic Resin,Direct Materials,USA,Strategic,False,True,57741,87.75,0.7681,0.7106,0.743,41029.64,44348.21,-3318.57,1870.97
2024-10-01,P-PHX,SUP-RES2,Pacific Resin Traders,Plastic Resin,Direct Materials,Taiwan,Preferred,False,True,32775,87.75,0.7681,0.6741,0.7699,22092.88,25173.44,-3080.55,3142.08
2024-11-01,P-PHX,SUP-STL1,Great Lakes Steel Co.,Steel & Metal,Direct Materials,USA,Strategic,False,True,232761,70.36,0.8653,0.7472,0.8111,173925.96,201409.65,-27483.69,14864.85
2024-11-01,P-PHX,SUP-STL2,Rio Grande Metals,Steel & Metal,Direct Materials,Mexico,Preferred,False,True,104907,70.36,0.8653,0.7737,0.8405,81165.45,90776.87,-9611.42,7010.16
2024-11-01,P-PHX,SUP-STL3,Keystone Alloy Supply,Steel & Metal,Direct Materials,USA,Transactional,False,False,43310,70.36,0.8653,0.8032,0.8909,34785.19,37476.6,-2691.41,3801.65
2024-11-01,P-PHX,SUP-ELE1,Shenzhen Circuit Works,Electrical/Electronic,Direct Materials,China,Strategic,False,True,65085,110.08,2.4509,2.4496,2.3573,159432.13,159519.93,-87.8,-6003.41
2024-11-01,P-PHX,SUP-ELE2,Lone Star Connectors,Electrical/Electronic,Direct Materials,USA,Preferred,False,True,33356,110.08,2.4509,2.607,2.4428,86962.98,81755.16,5207.82,-5477.62
2024-11-01,P-PHX,SUP-ELE3,Vertex Components,Electrical/Electronic,Direct Materials,USA,Transactional,False,False,16025,110.08,2.4509,2.7132,2.5894,43481.49,39277.79,4203.69,-1984.43
2024-11-01,P-PHX,SUP-RES1,Gulf Coast Polymers,Plastic Resin,Direct Materials,USA,Strategic,False,True,58030,87.13,0.7681,0.7215,0.743,41871.06,44570.2,-2699.13,1244.29
2024-11-01,P-PHX,SUP-RES2,Pacific Resin Traders,Plastic Resin,Direct Materials,Taiwan,Preferred,False,True,32859,87.13,0.7681,0.6861,0.7699,22545.96,25237.51,-2691.55,2753.23
2024-12-01,P-PHX,SUP-STL1,Great Lakes Steel Co.,Steel & Metal,Direct Materials,USA,Strategic,False,True,249926,68.07,0.8653,0.7119,0.8111,177921.82,216263.16,-38341.34,24791.89
2024-12-01,P-PHX,SUP-STL2,Rio Grande Metals,Steel & Metal,Direct Materials,Mexico,Preferred,False,True,111221,68.07,0.8653,0.7465,0.8405,83030.18,96240.81,-13210.63,10452.79
2024-12-01,P-PHX,SUP-STL3,Keystone Alloy Supply,Steel & Metal,Direct Materials,USA,Transactional,False,False,44248,68.07,0.8653,0.8042,0.8909,35584.36,38288.49,-2704.13,3838.43
2024-12-01,P-PHX,SUP-ELE1,Shenzhen Circuit Works,Electrical/Electronic,Direct Materials,China,Strategic,False,True,66741,110.15,2.4509,2.4437,2.3573,163095.0,163578.05,-483.05,-5763.11
2024-12-01,P-PHX,SUP-ELE2,Lone Star Connectors,Electrical/Electronic,Direct Materials,USA,Preferred,False,True,34982,110.15,2.4509,2.543,2.4428,88960.91,85739.47,3221.44,-3504.39
2024-12-01,P-PHX,SUP-ELE3,Vertex Components,Electrical/Electronic,Direct Materials,USA,Transactional,False,False,16918,110.15,2.4509,2.6291,2.5894,44480.45,41466.45,3014.01,-671.07
2024-12-01,P-PHX,SUP-RES1,Gulf Coast Polymers,Plastic Resin,Direct Materials,USA,Strategic,False,True,59110,86.61,0.7681,0.7246,0.743,42833.03,45400.1,-2567.07,1085.14
2024-12-01,P-PHX,SUP-RES2,Pacific Resin Traders,Plastic Resin,Direct Materials,Taiwan,Preferred,False,True,33085,86.61,0.7681,0.6971,0.7699,23063.94,25411.66,-2347.72,2409.82
2022-01-01,P-AUS,SUP-SEM1,Formosa Semiconductor,Semiconductors,Direct Materials,Taiwan,Strategic,True,True,118804,100.0,4.1431,3.9948,4.053,474604.4,492222.93,-17618.53,6911.83
2022-01-01,P-AUS,SUP-SEM2,Anchor Microelectronics,Semiconductors,Direct Materials,USA,Preferred,False,True,27181,100.0,4.1431,4.3651,4.2,118651.1,112617.13,6033.97,-4487.87
2022-01-01,P-AUS,SUP-ELE1,Shenzhen Circuit Works,Electrical/Electronic,Direct Materials,China,Strategic,False,True,116522,100.0,2.2239,2.2402,2.2195,261032.42,259131.63,1900.79,-2409.99
2022-01-01,P-AUS,SUP-ELE2,Lone Star Connectors,Electrical/Electronic,Direct Materials,USA,Preferred,False,True,61526,100.0,2.2239,2.3142,2.3,142381.32,136826.28,5555.04,-871.05
2022-01-01,P-AUS,SUP-ELE3,Vertex Components,Electrical/Electronic,Direct Materials,USA,Transactional,False,False,29510,100.0,2.2239,2.4124,2.438,71190.66,65627.55,5563.11,755.97
2022-01-01,P-AUS,SUP-RES1,Gulf Coast Polymers,Plastic Resin,Direct Materials,USA,Strategic,False,True,91766,100.0,0.8966,0.8404,0.8202,77123.22,82281.27,-5158.05,-1852.03
2022-01-01,P-AUS,SUP-RES2,Pacific Resin Traders,Plastic Resin,Direct Materials,Taiwan,Preferred,False,True,49149,100.0,0.8966,0.8449,0.85,41527.88,44069.14,-2541.26,248.91
2022-02-01,P-AUS,SUP-SEM1,Formosa Semiconductor,Semiconductors,Direct Materials,Taiwan,Strategic,True,True,109579,99.91,4.1431,4.0934,4.0494,448556.42,454002.94,-5446.52,-4828.55
2022-02-01,P-AUS,SUP-SEM2,Anchor Microelectronics,Semiconductors,Direct Materials,USA,Preferred,False,True,26883,99.91,4.1431,4.1713,4.1962,112139.11,111382.68,756.43,671.1
2022-02-01,P-AUS,SUP-ELE1,Shenzhen Circuit Works,Electrical/Electronic,Direct Materials,China,Strategic,False,True,109035,100.68,2.2239,2.2626,2.2346,246706.03,242481.36,4224.68,-3055.53
2022-02-01,P-AUS,SUP-ELE2,Lone Star Connectors,Electrical/Electronic,Direct Materials,USA,Preferred,False,True,56892,100.68,2.2239,2.3653,2.3156,134566.93,126521.91,8045.02,-2823.98
2022-02-01,P-AUS,SUP-ELE3,Vertex Components,Electrical/Electronic,Direct Materials,USA,Transactional,False,False,27318,100.68,2.2239,2.4629,2.4546,67283.46,60752.35,6531.11,-228.55
2022-02-01,P-AUS,SUP-RES1,Gulf Coast Polymers,Plastic Resin,Direct Materials,USA,Strategic,False,True,87069,100.06,0.8966,0.8371,0.8207,72890.42,78070.26,-5179.84,-1428.63
2022-02-01,P-AUS,SUP-RES2,Pacific Resin Traders,Plastic Resin,Direct Materials,Taiwan,Preferred,False,True,45845,100.06,0.8966,0.8561,0.8505,39248.69,41106.95,-1858.26,-256.62
2022-03-01,P-AUS,SUP-SEM1,Formosa Semiconductor,Semiconductors,Direct Materials,Taiwan,Strategic,True,True,114586,100.48,4.1431,3.9369,4.0725,451119.59,474747.63,-23628.04,15530.68
2022-03-01,P-AUS,SUP-SEM2,Anchor Microelectronics,Semiconductors,Direct Materials,USA,Preferred,False,True,26557,100.48,4.1431,4.2467,4.2202,112779.9,110029.15,2750.74,-704.79
2022-03-01,P-AUS,SUP-ELE1,Shenzhen Circuit Works,Electrical/Electronic,Direct Materials,China,Strategic,False,True,111552,101.28,2.2239,2.2242,2.2479,248115.77,248078.94,36.83,2644.85
2022-03-01,P-AUS,SUP-ELE2,Lone Star Connectors,Electrical/Electronic,Direct Materials,USA,Preferred,False,True,59067,101.28,2.2239,2.2912,2.3294,135335.88,131358.92,3976.95,2258.83
2022-03-01,P-AUS,SUP-ELE3,Vertex Components,Electrical/Electronic,Direct Materials,USA,Transactional,False,False,26960,101.28,2.2239,2.5099,2.4692,67667.94,59956.63,7711.31,-1096.92
2022-03-01,P-AUS,SUP-RES1,Gulf Coast Polymers,Plastic Resin,Direct Materials,USA,Strategic,False,True,90692,100.1,0.8966,0.8083,0.8211,73306.93,81318.79,-8011.86,1158.17
2022-03-01,P-AUS,SUP-RES2,Pacific Resin Traders,Plastic Resin,Direct Materials,Taiwan,Preferred,False,True,46983,100.1,0.8966,0.8401,0.8508,39472.96,42127.19,-2654.22,502.82
2022-04-01,P-AUS,SUP-SEM1,Formosa Semiconductor,Semiconductors,Direct Materials,Taiwan,Strategic,True,True,107243,101.1,4.1431,4.0779,4.0976,437325.63,444321.41,-6995.78,2112.25
2022-04-01,P-AUS,SUP-SEM2,Anchor Microelectronics,Semiconductors,Direct Materials,USA,Preferred,False,True,25182,101.1,4.1431,4.3415,4.2462,109331.41,104335.31,4996.1,-2400.25
2022-04-01,P-AUS,SUP-ELE1,Shenzhen Circuit Works,Electrical/Electronic,Direct Materials,China,Strategic,False,True,106795,101.61,2.2239,2.2522,2.2552,240529.1,237499.63,3029.47,320.06
2022-04-01,P-AUS,SUP-ELE2,Lone Star Connectors,Electrical/Electronic,Direct Materials,USA,Preferred,False,True,56054,101.61,2.2239,2.3406,2.337,131197.69,124657.08,6540.61,-197.53
2022-04-01,P-AUS,SUP-ELE3,Vertex Components,Electrical/Electronic,Direct Materials,USA,Transactional,False,False,26629,101.61,2.2239,2.4634,2.4773,65598.84,59220.8,6378.05,369.41
2022-04-01,P-AUS,SUP-RES1,Gulf Coast Polymers,Plastic Resin,Direct Materials,USA,Strategic,False,True,84504,104.1,0.8966,0.841,0.8539,71065.41,75770.04,-4704.62,1091.18
2022-04-01,P-AUS,SUP-RES2,Pacific Resin Traders,Plastic Resin,Direct Materials,Taiwan,Preferred,False,True,43670,104.1,0.8966,0.8763,0.8848,38265.99,39156.42,-890.43,375.53
2022-05-01,P-AUS,SUP-SEM1,Formosa Semiconductor,Semiconductors,Direct Materials,Taiwan,Strategic,True,True,109441,101.57,4.1431,4.1315,4.1166,452157.22,453429.99,-1272.77,-1626.11
2022-05-01,P-AUS,SUP-SEM2,Anchor Microelectronics,Semiconductors,Direct Materials,USA,Preferred,False,True,26157,101.57,4.1431,4.3214,4.2659,113039.31,108375.3,4664.0,-1451.29
2022-05-01,P-AUS,SUP-ELE1,Shenzhen Circuit Works,Electrical/Electronic,Direct Materials,China,Strategic,False,True,112328,102.23,2.2239,2.2139,2.269,248686.47,249804.35,-1117.87,6186.69
2022-05-01,P-AUS,SUP-ELE2,Lone Star Connectors,Electrical/Electronic,Direct Materials,USA,Preferred,False,True,56478,102.23,2.2239,2.4018,2.3513,135647.17,125599.86,10047.31,-2850.87
2022-05-01,P-AUS,SUP-ELE3,Vertex Components,Electrical/Electronic,Direct Materials,USA,Transactional,False,False,27269,102.23,2.2239,2.4871,2.4924,67823.58,60644.67,7178.92,142.97
2022-05-01,P-AUS,SUP-RES1,Gulf Coast Polymers,Plastic Resin,Direct Materials,USA,Strategic,False,True,84698,105.9,0.8966,0.8675,0.8686,73475.55,75943.81,-2468.26,97.05
2022-05-01,P-AUS,SUP-RES2,Pacific Resin Traders,Plastic Resin,Direct Materials,Taiwan,Preferred,False,True,43814,105.9,0.8966,0.903,0.9002,39563.76,39286.22,277.54,-123.78
2022-06-01,P-AUS,SUP-SEM1,Formosa Semiconductor,Semiconductors,Direct Materials,Taiwan,Strategic,True,True,108087,102.18,4.1431,4.1195,4.1414,445262.11,447820.21,-2558.1,2367.37
2022-06-01,P-AUS,SUP-SEM2,Anchor Microelectronics,Semiconductors,Direct Materials,USA,Preferred,False,True,25727,102.18,4.1431,4.3266,4.2916,111315.53,106593.87,4721.66,-902.61
2022-06-01,P-AUS,SUP-ELE1,Shenzhen Circuit Works,Electrical/Electronic,Direct Materials,China,Strategic,False,True,107839,103.09,2.2239,2.2709,2.2881,244894.16,239821.8,5072.36,1852.31
2022-06-01,P-AUS,SUP-ELE2,Lone Star Connectors,Electrical/Electronic,Direct Materials,USA,Preferred,False,True,56679,103.09,2.2239,2.3568,2.3711,133578.63,126046.79,7531.84,811.31
2022-06-01,P-AUS,SUP-ELE3,Vertex Components,Electrical/Electronic,Direct Materials,USA,Transactional,False,False,27527,103.09,2.2239,2.4263,2.5133,66789.32,61216.63,5572.68,2395.42
2022-06-01,P-AUS,SUP-RES1,Gulf Coast Polymers,Plastic Resin,Direct Materials,USA,Strategic,False,True,83015,107.18,0.8966,0.8716,0.8791,72355.09,74435.2,-2080.11,627.61
2022-06-01,P-AUS,SUP-RES2,Pacific Resin Traders,Plastic Resin,Direct Materials,Taiwan,Preferred,False,True,42320,107.18,0.8966,0.9206,0.911,38960.43,37946.65,1013.78,-404.81
2022-07-01,P-AUS,SUP-SEM1,Formosa Semiconductor,Semiconductors,Direct Materials,Taiwan,Strategic,True,True,110250,102.03,4.1431,4.1573,4.1353,458349.42,456781.39,1568.03,-2432.85
2022-07-01,P-AUS,SUP-SEM2,Anchor Microelectronics,Semiconductors,Direct Materials,USA,Preferred,False,True,26337,102.03,4.1431,4.3507,4.2853,114587.36,109119.96,5467.4,-1723.77
2022-07-01,P-AUS,SUP-ELE1,Shenzhen Circuit Works,Electrical/Electronic,Direct Materials,China,Strategic,False,True,111920,103.64,2.2239,2.2524,2.3003,252092.18,248896.44,3195.74,5357.2
2022-07-01,P-AUS,SUP-ELE2,Lone Star Connectors,Electrical/Electronic,Direct Materials,USA,Preferred,False,True,56325,103.64,2.2239,2.4413,2.3837,137504.83,125260.73,12244.1,-3240.46
2022-07-01,P-AUS,SUP-ELE3,Vertex Components,Electrical/Electronic,Direct Materials,USA,Transactional,False,False,27929,103.64,2.2239,2.4617,2.5267,68752.41,62110.54,6641.87,1817.08
2022-07-01,P-AUS,SUP-RES1,Gulf Coast Polymers,Plastic Resin,Direct Materials,USA,Strategic,False,True,86784,105.06,0.8966,0.8582,0.8618,74481.78,77814.95,-3333.17,305.58
2022-07-01,P-AUS,SUP-RES2,Pacific Resin Traders,Plastic Resin,Direct Materials,Taiwan,Preferred,False,True,44337,105.06,0.8966,0.9046,0.893,40105.57,39754.52,351.06,-512.03
2022-08-01,P-AUS,SUP-SEM1,Formosa Semiconductor,Semiconductors,Direct Materials,Taiwan,Strategic,True,True,127005,101.64,4.1431,3.9791,4.1195,505363.61,526198.47,-20834.86,17831.08
2022-08-01,P-AUS,SUP-SEM2,Anchor Microelectronics,Semiconductors,Direct Materials,USA,Preferred,False,True,29094,101.64,4.1431,4.3425,4.2689,126340.9,120540.8,5800.1,-2141.21
2022-08-01,P-AUS,SUP-ELE1,Shenzhen Circuit Works,Electrical/Electronic,Direct Materials,China,Strategic,False,True,118899,104.02,2.2239,2.3377,2.3087,277949.99,264416.22,13533.76,-3444.71
2022-08-01,P-AUS,SUP-ELE2,Lone Star Connectors,Electrical/Electronic,Direct Materials,USA,Preferred,False,True,63668,104.02,2.2239,2.3812,2.3925,151609.08,141590.12,10018.97,714.88
2022-08-01,P-AUS,SUP-ELE3,Vertex Components,Electrical/Electronic,Direct Materials,USA,Transactional,False,False,30210,104.02,2.2239,2.5092,2.536,75804.54,67184.62,8619.93,809.96
2022-08-01,P-AUS,SUP-RES1,Gulf Coast Polymers,Plastic Resin,Direct Materials,USA,Strategic,False,True,96677,101.8,0.8966,0.8494,0.835,82121.59,86684.93,-4563.35,-1394.52
2022-08-01,P-AUS,SUP-RES2,Pacific Resin Traders,Plastic Resin,Direct Materials,Taiwan,Preferred,False,True,50874,101.8,0.8966,0.8692,0.8653,44219.32,45615.92,-1396.6,-197.84
2022-09-01,P-AUS,SUP-SEM1,Formosa Semiconductor,Semiconductors,Direct Materials,Taiwan,Strategic,True,True,123215,102.33,4.1431,4.1576,4.1474,512283.46,510497.8,1785.67,-1254.0
2022-09-01,P-AUS,SUP-SEM2,Anchor Microelectronics,Semiconductors,Direct Materials,USA,Preferred,False,True,29951,102.33,4.1431,4.2759,4.2979,128070.87,124093.17,3977.69,657.02
2022-09-01,P-AUS,SUP-ELE1,Shenzhen Circuit Works,Electrical/Electronic,Direct Materials,China,Strategic,False,True,118877,104.3,2.2239,2.3701,2.3149,281755.91,264367.36,17388.55,-6562.58
2022-09-01,P-AUS,SUP-ELE2,Lone Star Connectors,Electrical/Electronic,Direct Materials,USA,Preferred,False,True,65224,104.3,2.2239,2.3562,2.3989,153685.04,145051.33,8633.71,2782.58
2022-09-01,P-AUS,SUP-ELE3,Vertex Components,Electrical/Electronic,Direct Materials,USA,Transactional,False,False,30917,104.3,2.2239,2.4854,2.5428,76842.52,68756.34,8086.17,1775.37
2022-09-01,P-AUS,SUP-RES1,Gulf Coast Polymers,Plastic Resin,Direct Materials,USA,Strategic,False,True,101904,100.78,0.8966,0.8169,0.8266,83246.06,91371.41,-8125.35,992.79
2022-09-01,P-AUS,SUP-RES2,Pacific Resin Traders,Plastic Resin,Direct Materials,Taiwan,Preferred,False,True,51699,100.78,0.8966,0.867,0.8566,44824.8,46355.57,-1530.77,-537.75
2022-10-01,P-AUS,SUP-SEM1,Formosa Semiconductor,Semiconductors,Direct Materials,Taiwan,Strategic,True,True,126843,104.44,4.1431,4.3208,4.233,548072.2,525528.46,22543.75,-11148.98
2022-10-01,P-AUS,SUP-SEM2,Anchor Microelectronics,Semiconductors,Direct Materials,USA,Preferred,False,True,31218,104.44,4.1431,4.389,4.3865,137018.05,129343.07,7674.98,-77.58
2022-10-01,P-AUS,SUP-ELE1,Shenzhen Circuit Works,Electrical/Electronic,Direct Materials,China,Strategic,False,True,132335,104.57,2.2239,2.2778,2.3209,301439.71,294297.93,7141.78,5702.9
2022-10-01,P-AUS,SUP-ELE2,Lone Star Connectors,Electrical/Electronic,Direct Materials,USA,Preferred,False,True,69003,104.57,2.2239,2.3828,2.4051,164421.66,153453.91,10967.75,1538.37
2022-10-01,P-AUS,SUP-ELE3,Vertex Components,Electrical/Electronic,Direct Materials,USA,Transactional,False,False,32520,104.57,2.2239,2.528,2.5494,82210.83,72321.46,9889.37,697.58
2022-10-01,P-AUS,SUP-RES1,Gulf Coast Polymers,Plastic Resin,Direct Materials,USA,Strategic,False,True,112083,98.45,0.8966,0.7946,0.8075,89061.73,100498.95,-11437.21,1450.03
2022-10-01,P-AUS,SUP-RES2,Pacific Resin Traders,Plastic Resin,Direct Materials,Taiwan,Preferred,False,True,58515,98.45,0.8966,0.8196,0.8368,47956.32,52467.25,-4510.93,1010.79
2022-11-01,P-AUS,SUP-SEM1,Formosa Semiconductor,Semiconductors,Direct Materials,Taiwan,Strategic,True,True,128605,104.83,4.1431,4.2429,4.2488,545657.35,532830.08,12827.27,758.65
2022-11-01,P-AUS,SUP-SEM2,Anchor Microelectronics,Semiconductors,Direct Materials,USA,Preferred,False,True,32066,104.83,4.1431,4.2541,4.4029,136414.34,132854.31,3560.03,4768.86
2022-11-01,P-AUS,SUP-ELE1,Shenzhen Circuit Works,Electrical/Electronic,Direct Materials,China,Strategic,False,True,126797,104.96,2.2239,2.3669,2.3296,300111.54,281981.56,18129.99,-4725.29
2022-11-01,P-AUS,SUP-ELE2,Lone Star Connectors,Electrical/Electronic,Direct Materials,USA,Preferred,False,True,68115,104.96,2.2239,2.4032,2.4141,163697.21,151479.02,12218.19,737.98
2022-11-01,P-AUS,SUP-ELE3,Vertex Components,Electrical/Electronic,Direct Materials,USA,Transactional,False,False,31857,104.96,2.2239,2.5692,2.5589,81848.6,70846.64,11001.96,-328.0
2022-11-01,P-AUS,SUP-RES1,Gulf Coast Polymers,Plastic Resin,Direct Materials,USA,Strategic,False,True,113861,93.23,0.8966,0.7787,0.7647,88669.32,102092.78,-13423.46,-1597.32
2022-11-01,P-AUS,SUP-RES2,Pacific Resin Traders,Plastic Resin,Direct Materials,Taiwan,Preferred,False,True,61074,93.23,0.8966,0.7818,0.7925,47745.02,54761.44,-7016.42,653.38
2022-12-01,P-AUS,SUP-SEM1,Formosa Semiconductor,Semiconductors,Direct Materials,Taiwan,Strategic,True,True,133635,104.87,4.1431,4.3732,4.2504,584420.57,553667.75,30752.82,-16418.93
2022-12-01,P-AUS,SUP-SEM2,Anchor Microelectronics,Semiconductors,Direct Materials,USA,Preferred,False,True,32792,104.87,4.1431,4.4555,4.4045,146105.14,135862.63,10242.51,-1669.94
2022-12-01,P-AUS,SUP-ELE1,Shenzhen Circuit Works,Electrical/Electronic,Direct Materials,China,Strategic,False,True,135712,105.29,2.2239,2.3685,2.3369,321431.31,301807.98,19623.33,-4282.13
2022-12-01,P-AUS,SUP-ELE2,Lone Star Connectors,Electrical/Electronic,Direct Materials,USA,Preferred,False,True,71624,105.29,2.2239,2.4479,2.4217,175326.17,159282.81,16043.36,-1876.1
2022-12-01,P-AUS,SUP-ELE3,Vertex Components,Electrical/Electronic,Direct Materials,USA,Transactional,False,False,33072,105.29,2.2239,2.6506,2.567,87663.09,73548.97,14114.11,-2766.93
2022-12-01,P-AUS,SUP-RES1,Gulf Coast Polymers,Plastic Resin,Direct Materials,USA,Strategic,False,True,126889,92.12,0.8966,0.7484,0.7556,94968.34,113773.98,-18805.64,910.92
2022-12-01,P-AUS,SUP-RES2,Pacific Resin Traders,Plastic Resin,Direct Materials,Taiwan,Preferred,False,True,64645,92.12,0.8966,0.791,0.783,51136.8,57963.47,-6826.67,-518.36
2023-01-01,P-AUS,SUP-SEM1,Formosa Semiconductor,Semiconductors,Direct Materials,Taiwan,Strategic,True,True,139075,104.62,4.2888,4.1017,4.053,570452.65,596471.18,-26018.53,-6779.64
2023-01-01,P-AUS,SUP-SEM2,Anchor Microelectronics,Semiconductors,Direct Materials,USA,Preferred,False,True,32379,104.62,4.2888,4.4044,4.2,142613.16,138871.63,3741.54,-6617.84
2023-01-01,P-AUS,SUP-ELE1,Shenzhen Circuit Works,Electrical/Electronic,Direct Materials,China,Strategic,False,True,134677,106.21,2.3684,2.3296,2.2195,313748.96,318964.86,-5215.9,-14833.15
2023-01-01,P-AUS,SUP-ELE2,Lone Star Connectors,Electrical/Electronic,Direct Materials,USA,Preferred,False,True,70965,106.21,2.3684,2.4115,2.3,171135.8,168071.85,3063.95,-7915.67
2023-01-01,P-AUS,SUP-ELE3,Vertex Components,Electrical/Electronic,Direct Materials,USA,Transactional,False,False,33612,106.21,2.3684,2.5457,2.438,85567.9,79606.5,5961.4,-3620.88
2023-01-01,P-AUS,SUP-RES1,Gulf Coast Polymers,Plastic Resin,Direct Materials,USA,Strategic,False,True,123475,90.58,0.8562,0.7507,0.8202,92698.56,105721.94,-13023.39,8582.08
2023-01-01,P-AUS,SUP-RES2,Pacific Resin Traders,Plastic Resin,Direct Materials,Taiwan,Preferred,False,True,64665,90.58,0.8562,0.7719,0.85,49914.61,55368.19,-5453.58,5051.42
2023-02-01,P-AUS,SUP-SEM1,Formosa Semiconductor,Semiconductors,Direct Materials,Taiwan,Strategic,True,True,127752,105.22,4.2888,4.3268,4.053,552763.72,547910.83,4852.89,-34980.88
2023-02-01,P-AUS,SUP-SEM2,Anchor Microelectronics,Semiconductors,Direct Materials,USA,Preferred,False,True,31355,105.22,4.2888,4.4072,4.2,138190.93,134479.47,3711.46,-6496.8
2023-02-01,P-AUS,SUP-ELE1,Shenzhen Circuit Works,Electrical/Electronic,Direct Materials,China,Strategic,False,True,127186,106.25,2.3684,2.3903,2.2195,304020.05,301224.39,2795.66,-21729.59
2023-02-01,P-AUS,SUP-ELE2,Lone Star Connectors,Electrical/Electronic,Direct Materials,USA,Preferred,False,True,68177,106.25,2.3684,2.4323,2.3,165829.12,161469.23,4359.88,-9021.01
2023-02-01,P-AUS,SUP-ELE3,Vertex Components,Electrical/Electronic,Direct Materials,USA,Transactional,False,False,33076,106.25,2.3684,2.5067,2.438,82914.56,78337.9,4576.66,-2273.44
2023-02-01,P-AUS,SUP-RES1,Gulf Coast Polymers,Plastic Resin,Direct Materials,USA,Strategic,False,True,118275,92.62,0.8562,0.7594,0.8202,89824.11,101269.8,-11445.69,7191.42
2023-02-01,P-AUS,SUP-RES2,Pacific Resin Traders,Plastic Resin,Direct Materials,Taiwan,Preferred,False,True,60156,92.62,0.8562,0.804,0.85,48366.83,51506.74,-3139.92,2765.8
2023-03-01,P-AUS,SUP-SEM1,Formosa Semiconductor,Semiconductors,Direct Materials,Taiwan,Strategic,True,True,129794,104.95,4.2888,4.3278,4.053,561728.56,556667.27,5061.29,-35670.77
2023-03-01,P-AUS,SUP-SEM2,Anchor Microelectronics,Semiconductors,Direct Materials,USA,Preferred,False,True,30842,104.95,4.2888,4.5532,4.2,140432.14,132278.66,8153.48,-10893.23
2023-03-01,P-AUS,SUP-ELE1,Shenzhen Circuit Works,Electrical/Electronic,Direct Materials,China,Strategic,False,True,129098,106.38,2.3684,2.3931,2.2195,308950.71,305753.65,3197.06,-22415.7
2023-03-01,P-AUS,SUP-ELE2,Lone Star Connectors,Electrical/Electronic,Direct Materials,USA,Preferred,False,True,67091,106.38,2.3684,2.5118,2.3,168518.57,158898.39,9620.18,-14207.09
2023-03-01,P-AUS,SUP-ELE3,Vertex Components,Electrical/Electronic,Direct Materials,USA,Transactional,False,False,32769,106.38,2.3684,2.5713,2.438,84259.28,77609.81,6649.48,-4367.67
2023-03-01,P-AUS,SUP-RES1,Gulf Coast Polymers,Plastic Resin,Direct Materials,USA,Strategic,False,True,122156,93.44,0.8562,0.7472,0.8202,91280.89,104592.61,-13311.72,8917.86
2023-03-01,P-AUS,SUP-RES2,Pacific Resin Traders,Plastic Resin,Direct Materials,Taiwan,Preferred,False,True,61179,93.44,0.8562,0.8034,0.85,49151.25,52382.82,-3231.57,2851.08
2023-04-01,P-AUS,SUP-SEM1,Formosa Semiconductor,Semiconductors,Direct Materials,Taiwan,Strategic,True,True,130301,104.09,4.2888,4.3208,4.053,563012.07,558840.96,4171.11,-34900.11
2023-04-01,P-AUS,SUP-SEM2,Anchor Microelectronics,Semiconductors,Direct Materials,USA,Preferred,False,True,31397,104.09,4.2888,4.4829,4.2,140753.02,134659.21,6093.81,-8882.86
2023-04-01,P-AUS,SUP-ELE1,Shenzhen Circuit Works,Electrical/Electronic,Direct Materials,China,Strategic,False,True,129060,106.48,2.3684,2.3993,2.2195,309656.64,305663.3,3993.34,-23206.29
2023-04-01,P-AUS,SUP-ELE2,Lone Star Connectors,Electrical/Electronic,Direct Materials,USA,Preferred,False,True,68808,106.48,2.3684,2.4547,2.3,168903.62,162963.82,5939.8,-10644.06
2023-04-01,P-AUS,SUP-ELE3,Vertex Components,Electrical/Electronic,Direct Materials,USA,Transactional,False,False,32284,106.48,2.3684,2.6158,2.438,84451.81,76462.12,7989.69,-5741.62
2023-04-01,P-AUS,SUP-RES1,Gulf Coast Polymers,Plastic Resin,Direct Materials,USA,Strategic,False,True,116877,94.95,0.8562,0.7828,0.8202,91489.46,100073.03,-8583.57,4379.57
2023-04-01,P-AUS,SUP-RES2,Pacific Resin Traders,Plastic Resin,Direct Materials,Taiwan,Preferred,False,True,60946,94.95,0.8562,0.8083,0.85,49263.56,52183.54,-2919.99,2540.95
2023-05-01,P-AUS,SUP-SEM1,Formosa Semiconductor,Semiconductors,Direct Materials,Taiwan,Strategic,True,True,121770,103.75,4.2888,4.2278,4.053,514823.14,522254.26,-7431.12,-21286.08
2023-05-01,P-AUS,SUP-SEM2,Anchor Microelectronics,Semiconductors,Direct Materials,USA,Preferred,False,True,29754,103.75,4.2888,4.3256,4.2,128705.79,127611.15,1094.64,-3737.71
2023-05-01,P-AUS,SUP-ELE1,Shenzhen Circuit Works,Electrical/Electronic,Direct Materials,China,Strategic,False,True,121172,105.94,2.3684,2.3368,2.2195,283152.73,286981.16,-3828.44,-14210.22
2023-05-01,P-AUS,SUP-ELE2,Lone Star Connectors,Electrical/Electronic,Direct Materials,USA,Preferred,False,True,62610,105.94,2.3684,2.4668,2.3,154446.94,148284.03,6162.91,-10443.42
2023-05-01,P-AUS,SUP-ELE3,Vertex Components,Electrical/Electronic,Direct Materials,USA,Transactional,False,False,29419,105.94,2.3684,2.6249,2.438,77223.47,69675.37,7548.1,-5499.57
2023-05-01,P-AUS,SUP-RES1,Gulf Coast Polymers,Plastic Resin,Direct Materials,USA,Strategic,False,True,106462,93.9,0.8562,0.7858,0.8202,83658.76,91155.5,-7496.74,3667.37
2023-05-01,P-AUS,SUP-RES2,Pacific Resin Traders,Plastic Resin,Direct Materials,Taiwan,Preferred,False,True,55959,93.9,0.8562,0.805,0.85,45047.02,47913.99,-2866.96,2518.94
2023-06-01,P-AUS,SUP-SEM1,Formosa Semiconductor,Semiconductors,Direct Materials,Taiwan,Strategic,True,True,127381,103.99,4.2888,4.2561,4.053,542150.31,546316.58,-4166.27,-25874.05
2023-06-01,P-AUS,SUP-SEM2,Anchor Microelectronics,Semiconductors,Direct Materials,USA,Preferred,False,True,31430,103.99,4.2888,4.3124,4.2,135537.58,134798.19,739.39,-3531.32
2023-06-01,P-AUS,SUP-ELE1,Shenzhen Circuit Works,Electrical/Electronic,Direct Materials,China,Strategic,False,True,126139,106.23,2.3684,2.3639,2.2195,298182.67,298745.14,-562.47,-18215.63
2023-06-01,P-AUS,SUP-ELE2,Lone Star Connectors,Electrical/Electronic,Direct Materials,USA,Preferred,False,True,67401,106.23,2.3684,2.4131,2.3,162645.09,159631.78,3013.31,-7621.39
2023-06-01,P-AUS,SUP-ELE3,Vertex Components,Electrical/Electronic,Direct Materials,USA,Transactional,False,False,31081,106.23,2.3684,2.6164,2.438,81322.55,73613.21,7709.34,-5545.04
2023-06-01,P-AUS,SUP-RES1,Gulf Coast Polymers,Plastic Resin,Direct Materials,USA,Strategic,False,True,116757,92.1,0.8562,0.7546,0.8202,88099.43,99969.63,-11870.2,7670.55
2023-06-01,P-AUS,SUP-RES2,Pacific Resin Traders,Plastic Resin,Direct Materials,Taiwan,Preferred,False,True,61866,92.1,0.8562,0.7668,0.85,47438.15,52971.28,-5533.12,5148.37
2023-07-01,P-AUS,SUP-SEM1,Formosa Semiconductor,Semiconductors,Direct Materials,Taiwan,Strategic,True,True,145388,103.73,4.2888,4.0964,4.053,595575.61,623546.33,-27970.72,-6316.24
2023-07-01,P-AUS,SUP-SEM2,Anchor Microelectronics,Semiconductors,Direct Materials,USA,Preferred,False,True,34034,103.73,4.2888,4.3747,4.2,148893.9,145970.28,2923.63,-5946.95
2023-07-01,P-AUS,SUP-ELE1,Shenzhen Circuit Works,Electrical/Electronic,Direct Materials,China,Strategic,False,True,139360,106.5,2.3684,2.3505,2.2195,327566.58,330057.1,-2490.51,-18255.75
2023-07-01,P-AUS,SUP-ELE2,Lone Star Connectors,Electrical/Electronic,Direct Materials,USA,Preferred,False,True,74125,106.5,2.3684,2.4104,2.3,178672.68,175556.03,3116.66,-8184.42
2023-07-01,P-AUS,SUP-ELE3,Vertex Components,Electrical/Electronic,Direct Materials,USA,Transactional,False,False,34109,106.5,2.3684,2.6191,2.438,89336.34,80782.82,8553.52,-6178.42
2023-07-01,P-AUS,SUP-RES1,Gulf Coast Polymers,Plastic Resin,Direct Materials,USA,Strategic,False,True,130716,88.92,0.8562,0.7404,0.8202,96781.04,111921.94,-15140.91,10439.15
2023-07-01,P-AUS,SUP-RES2,Pacific Resin Traders,Plastic Resin,Direct Materials,Taiwan,Preferred,False,True,75067,88.92,0.8562,0.6942,0.85,52112.87,64273.99,-12161.13,11694.27
2023-08-01,P-AUS,SUP-SEM1,Formosa Semiconductor,Semiconductors,Direct Materials,Taiwan,Strategic,True,True,150149,103.99,4.2888,4.2796,4.053,642573.84,643963.59,-1389.74,-34019.9
2023-08-01,P-AUS,SUP-SEM2,Anchor Microelectronics,Semiconductors,Direct Materials,USA,Preferred,False,True,37552,103.99,4.2888,4.2778,4.2,160643.46,161056.2,-412.74,-2923.05
2023-08-01,P-AUS,SUP-ELE1,Shenzhen Circuit Works,Electrical/Electronic,Direct Materials,China,Strategic,False,True,150830,106.71,2.3684,2.3431,2.2195,353415.61,357221.75,-3806.14,-18647.6
2023-08-01,P-AUS,SUP-ELE2,Lone Star Connectors,Electrical/Electronic,Direct Materials,USA,Preferred,False,True,78340,106.71,2.3684,2.4607,2.3,192772.15,185538.76,7233.39,-12589.32
2023-08-01,P-AUS,SUP-ELE3,Vertex Components,Electrical/Electronic,Direct Materials,USA,Transactional,False,False,36589,106.71,2.3684,2.6343,2.438,96386.08,86657.1,9728.97,-7181.16
2023-08-01,P-AUS,SUP-RES1,Gulf Coast Polymers,Plastic Resin,Direct Materials,USA,Strategic,False,True,145835,87.9,0.8562,0.716,0.8202,104418.25,124867.2,-20448.95,15203.37
2023-08-01,P-AUS,SUP-RES2,Pacific Resin Traders,Plastic Resin,Direct Materials,Taiwan,Preferred,False,True,81962,87.9,0.8562,0.686,0.85,56225.21,70178.11,-13952.9,13443.16
2023-09-01,P-AUS,SUP-SEM1,Formosa Semiconductor,Semiconductors,Direct Materials,Taiwan,Strategic,True,True,151794,104.64,4.2888,4.2815,4.053,649911.51,651021.98,-1110.47,-34687.3
2023-09-01,P-AUS,SUP-SEM2,Anchor Microelectronics,Semiconductors,Direct Materials,USA,Preferred,False,True,37220,104.64,4.2888,4.3653,4.2,162477.88,159632.95,2844.92,-6151.23
2023-09-01,P-AUS,SUP-ELE1,Shenzhen Circuit Works,Electrical/Electronic,Direct Materials,China,Strategic,False,True,145539,106.84,2.3684,2.456,2.2195,357451.33,344690.72,12760.61,-34426.7
2023-09-01,P-AUS,SUP-ELE2,Lone Star Connectors,Electrical/Electronic,Direct Materials,USA,Preferred,False,True,80626,106.84,2.3684,2.4182,2.3,194973.45,190952.06,4021.4,-9533.6
2023-09-01,P-AUS,SUP-ELE3,Vertex Components,Electrical/Electronic,Direct Materials,USA,Transactional,False,False,37816,106.84,2.3684,2.5779,2.438,97486.73,89563.73,7922.99,-5289.73
2023-09-01,P-AUS,SUP-RES1,Gulf Coast Polymers,Plastic Resin,Direct Materials,USA,Strategic,False,True,148656,87.79,0.8562,0.7104,0.8202,105610.62,127282.8,-21672.18,16325.12
2023-09-01,P-AUS,SUP-RES2,Pacific Resin Traders,Plastic Resin,Direct Materials,Taiwan,Preferred,False,True,79993,87.79,0.8562,0.7109,0.85,56867.26,68491.58,-11624.33,11126.84
2023-10-01,P-AUS,SUP-SEM1,Formosa Semiconductor,Semiconductors,Direct Materials,Taiwan,Strategic,True,True,166220,104.25,4.2888,4.1518,4.053,690117.62,712891.32,-22773.7,-16426.08
2023-10-01,P-AUS,SUP-SEM2,Anchor Microelectronics,Semiconductors,Direct Materials,USA,Preferred,False,True,40104,104.25,4.2888,4.302,4.2,172529.41,172003.09,526.32,-4088.84
2023-10-01,P-AUS,SUP-ELE1,Shenzhen Circuit Works,Electrical/Electronic,Direct Materials,China,Strategic,False,True,160313,106.94,2.3684,2.3676,2.2195,379564.69,379680.4,-115.7,-23749.71
2023-10-01,P-AUS,SUP-ELE2,Lone Star Connectors,Electrical/Electronic,Direct Materials,USA,Preferred,False,True,83783,106.94,2.3684,2.4711,2.3,207035.29,198429.72,8605.56,-14333.62
2023-10-01,P-AUS,SUP-ELE3,Vertex Components,Electrical/Electronic,Direct Materials,USA,Transactional,False,False,38524,106.94,2.3684,2.6871,2.438,103517.64,91239.17,12278.47,-9595.94
2023-10-01,P-AUS,SUP-RES1,Gulf Coast Polymers,Plastic Resin,Direct Materials,USA,Strategic,False,True,153419,87.39,0.8562,0.731,0.8202,112144.11,131361.01,-19216.89,13698.51
2023-10-01,P-AUS,SUP-RES2,Pacific Resin Traders,Plastic Resin,Direct Materials,Taiwan,Preferred,False,True,88630,87.39,0.8562,0.6813,0.85,60385.29,75887.05,-15501.76,14950.55
2023-11-01,P-AUS,SUP-SEM1,Formosa Semiconductor,Semiconductors,Direct Materials,Taiwan,Strategic,True,True,170787,104.39,4.2888,4.2138,4.053,719654.28,732476.72,-12822.44,-27454.28
2023-11-01,P-AUS,SUP-SEM2,Anchor Microelectronics,Semiconductors,Direct Materials,USA,Preferred,False,True,41651,104.39,4.2888,4.3195,4.2,179913.57,178636.85,1276.73,-4976.64
2023-11-01,P-AUS,SUP-ELE1,Shenzhen Circuit Works,Electrical/Electronic,Direct Materials,China,Strategic,False,True,165369,107.13,2.3684,2.3935,2.2195,395809.86,391654.74,4155.11,-28773.19
2023-11-01,P-AUS,SUP-ELE2,Lone Star Connectors,Electrical/Electronic,Direct Materials,USA,Preferred,False,True,87199,107.13,2.3684,2.4759,2.3,215896.29,206519.79,9376.49,-15338.09
2023-11-01,P-AUS,SUP-ELE3,Vertex Components,Electrical/Electronic,Direct Materials,USA,Transactional,False,False,41109,107.13,2.3684,2.6259,2.438,107948.14,97361.57,10586.57,-7724.04
2023-11-01,P-AUS,SUP-RES1,Gulf Coast Polymers,Plastic Resin,Direct Materials,USA,Strategic,False,True,161817,87.53,0.8562,0.7227,0.8202,116943.82,138550.84,-21607.01,15786.59
2023-11-01,P-AUS,SUP-RES2,Pacific Resin Traders,Plastic Resin,Direct Materials,Taiwan,Preferred,False,True,92157,87.53,0.8562,0.6833,0.85,62969.75,78906.83,-15937.08,15363.94
2023-12-01,P-AUS,SUP-SEM1,Formosa Semiconductor,Semiconductors,Direct Materials,Taiwan,Strategic,True,True,166253,103.89,4.2888,4.1585,4.053,691371.32,713032.46,-21661.14,-17546.39
2023-12-01,P-AUS,SUP-SEM2,Anchor Microelectronics,Semiconductors,Direct Materials,USA,Preferred,False,True,39133,103.89,4.2888,4.4168,4.2,172842.83,167836.66,5006.17,-8482.39
2023-12-01,P-AUS,SUP-ELE1,Shenzhen Circuit Works,Electrical/Electronic,Direct Materials,China,Strategic,False,True,159973,107.13,2.3684,2.377,2.2195,380254.23,378875.79,1378.44,-25193.28
2023-12-01,P-AUS,SUP-ELE2,Lone Star Connectors,Electrical/Electronic,Direct Materials,USA,Preferred,False,True,86261,107.13,2.3684,2.4045,2.3,207411.4,204298.11,3113.29,-9010.75
2023-12-01,P-AUS,SUP-ELE3,Vertex Components,Electrical/Electronic,Direct Materials,USA,Transactional,False,False,40017,107.13,2.3684,2.5915,2.438,103705.7,94775.87,8929.83,-6143.32
2023-12-01,P-AUS,SUP-RES1,Gulf Coast Polymers,Plastic Resin,Direct Materials,USA,Strategic,False,True,153942,87.19,0.8562,0.7298,0.8202,112347.84,131808.32,-19460.48,13923.31
2023-12-01,P-AUS,SUP-RES2,Pacific Resin Traders,Plastic Resin,Direct Materials,Taiwan,Preferred,False,True,87837,87.19,0.8562,0.6887,0.85,60494.99,75208.47,-14713.48,14167.2
2024-01-01,P-AUS,SUP-SEM1,Formosa Semiconductor,Semiconductors,Direct Materials,Taiwan,Strategic,True,True,160374,104.36,4.3803,4.1929,4.2402,672440.98,702485.96,-30044.98,7586.72
2024-01-01,P-AUS,SUP-SEM2,Anchor Microelectronics,Semiconductors,Direct Materials,USA,Preferred,False,True,38401,104.36,4.3803,4.3778,4.394,168110.25,168207.36,-97.11,625.32
2024-01-01,P-AUS,SUP-ELE1,Shenzhen Circuit Works,Electrical/Electronic,Direct Materials,China,Strategic,False,True,157134,108.33,2.4509,2.3537,2.3573,369842.54,385124.75,-15282.21,576.36
2024-01-01,P-AUS,SUP-ELE2,Lone Star Connectors,Electrical/Electronic,Direct Materials,USA,Preferred,False,True,78698,108.33,2.4509,2.5634,2.4428,201732.29,192883.91,8848.39,-9484.93
2024-01-01,P-AUS,SUP-ELE3,Vertex Components,Electrical/Electronic,Direct Materials,USA,Transactional,False,False,38919,108.33,2.4509,2.5917,2.5894,100866.15,95388.37,5477.78,-88.15
2024-01-01,P-AUS,SUP-RES1,Gulf Coast Polymers,Plastic Resin,Direct Materials,USA,Strategic,False,True,156423,86.16,0.7681,0.6986,0.743,109271.66,120141.44,-10869.78,6948.18
2024-01-01,P-AUS,SUP-RES2,Pacific Resin Traders,Plastic Resin,Direct Materials,Taiwan,Preferred,False,True,87513,86.16,0.7681,0.6723,0.7699,58838.59,67214.62,-8376.03,8540.3
2024-02-01,P-AUS,SUP-SEM1,Formosa Semiconductor,Semiconductors,Direct Materials,Taiwan,Strategic,True,True,160400,104.23,4.3803,4.2134,4.2402,675830.82,702598.18,-26767.36,4305.5
2024-02-01,P-AUS,SUP-SEM2,Anchor Microelectronics,Semiconductors,Direct Materials,USA,Preferred,False,True,38820,104.23,4.3803,4.3523,4.394,168957.71,170042.82,-1085.11,1619.08
2024-02-01,P-AUS,SUP-ELE1,Shenzhen Circuit Works,Electrical/Electronic,Direct Materials,China,Strategic,False,True,153015,108.62,2.4509,2.4292,2.3573,371706.95,375029.07,-3322.11,-10998.23
2024-02-01,P-AUS,SUP-ELE2,Lone Star Connectors,Electrical/Electronic,Direct Materials,USA,Preferred,False,True,81583,108.62,2.4509,2.4852,2.4428,202749.25,199955.48,2793.77,-3453.65
2024-02-01,P-AUS,SUP-ELE3,Vertex Components,Electrical/Electronic,Direct Materials,USA,Transactional,False,False,39146,108.62,2.4509,2.5896,2.5894,101374.62,95945.61,5429.02,-7.91
2024-02-01,P-AUS,SUP-RES1,Gulf Coast Polymers,Plastic Resin,Direct Materials,USA,Strategic,False,True,150073,88.01,0.7681,0.7318,0.743,109822.51,115264.37,-5441.86,1679.45
2024-02-01,P-AUS,SUP-RES2,Pacific Resin Traders,Plastic Resin,Direct Materials,Taiwan,Preferred,False,True,85533,88.01,0.7681,0.6914,0.7699,59135.2,65694.38,-6559.18,6719.73
2024-03-01,P-AUS,SUP-SEM1,Formosa Semiconductor,Semiconductors,Direct Materials,Taiwan,Strategic,True,True,155096,104.1,4.3803,4.1982,4.2402,651126.0,679366.43,-28240.42,6521.28
2024-03-01,P-AUS,SUP-SEM2,Anchor Microelectronics,Semiconductors,Direct Materials,USA,Preferred,False,True,36786,104.1,4.3803,4.425,4.394,162781.5,161136.45,1645.05,-1139.05
2024-03-01,P-AUS,SUP-ELE1,Shenzhen Circuit Works,Electrical/Electronic,Direct Materials,China,Strategic,False,True,147138,108.82,2.4509,2.4339,2.3573,358119.3,360624.61,-2505.31,-11265.0
2024-03-01,P-AUS,SUP-ELE2,Lone Star Connectors,Electrical/Electronic,Direct Materials,USA,Preferred,False,True,77769,108.82,2.4509,2.5118,2.4428,195337.8,190606.68,4731.12,-5360.14
2024-03-01,P-AUS,SUP-ELE3,Vertex Components,Electrical/Electronic,Direct Materials,USA,Transactional,False,False,36026,108.82,2.4509,2.711,2.5894,97668.9,88297.85,9371.05,-4382.06
2024-03-01,P-AUS,SUP-RES1,Gulf Coast Polymers,Plastic Resin,Direct Materials,USA,Strategic,False,True,147144,87.18,0.7681,0.7191,0.743,105807.98,113015.05,-7207.07,3518.08
2024-03-01,P-AUS,SUP-RES2,Pacific Resin Traders,Plastic Resin,Direct Materials,Taiwan,Preferred,False,True,82913,87.18,0.7681,0.6871,0.7699,56973.53,63681.75,-6708.23,6863.86
2024-04-01,P-AUS,SUP-SEM1,Formosa Semiconductor,Semiconductors,Direct Materials,Taiwan,Strategic,True,True,152097,104.68,4.3803,4.3125,4.2402,655917.08,666229.53,-10312.45,-10986.71
2024-04-01,P-AUS,SUP-SEM2,Anchor Microelectronics,Semiconductors,Direct Materials,USA,Preferred,False,True,37686,104.68,4.3803,4.3511,4.394,163979.27,165078.48,-1099.21,1617.59
2024-04-01,P-AUS,SUP-ELE1,Shenzhen Circuit Works,Electrical/Electronic,Direct Materials,China,Strategic,False,True,146654,108.92,2.4509,2.4599,2.3573,360754.4,359437.31,1317.09,-15042.07
2024-04-01,P-AUS,SUP-ELE2,Lone Star Connectors,Electrical/Electronic,Direct Materials,USA,Preferred,False,True,77653,108.92,2.4509,2.534,2.4428,196775.13,190322.52,6452.61,-7080.7
2024-04-01,P-AUS,SUP-ELE3,Vertex Components,Electrical/Electronic,Direct Materials,USA,Transactional,False,False,37023,108.92,2.4509,2.6574,2.5894,98387.56,90741.48,7646.08,-2519.02
2024-04-01,P-AUS,SUP-RES1,Gulf Coast Polymers,Plastic Resin,Direct Materials,USA,Strategic,False,True,150165,88.1,0.7681,0.7098,0.743,106586.53,115335.22,-8748.69,4983.96
2024-04-01,P-AUS,SUP-RES2,Pacific Resin Traders,Plastic Resin,Direct Materials,Taiwan,Preferred,False,True,81392,88.1,0.7681,0.7051,0.7699,57392.74,62514.04,-5121.3,5274.08
2024-05-01,P-AUS,SUP-SEM1,Formosa Semiconductor,Semiconductors,Direct Materials,Taiwan,Strategic,True,True,156329,104.48,4.3803,4.2641,4.2402,666603.69,684768.22,-18164.53,-3727.31
2024-05-01,P-AUS,SUP-SEM2,Anchor Microelectronics,Semiconductors,Direct Materials,USA,Preferred,False,True,37512,104.48,4.3803,4.4425,4.394,166650.92,164316.04,2334.88,-1818.89
2024-05-01,P-AUS,SUP-ELE1,Shenzhen Circuit Works,Electrical/Electronic,Direct Materials,China,Strategic,False,True,151803,109.06,2.4509,2.4152,2.3573,366632.03,372058.16,-5426.13,-8780.77
2024-05-01,P-AUS,SUP-ELE2,Lone Star Connectors,Electrical/Electronic,Direct Materials,USA,Preferred,False,True,79773,109.06,2.4509,2.5069,2.4428,199981.11,195518.84,4462.26,-5107.5
2024-05-01,P-AUS,SUP-ELE3,Vertex Components,Electrical/Electronic,Direct Materials,USA,Transactional,False,False,38038,109.06,2.4509,2.6287,2.5894,99990.55,93228.82,6761.73,-1494.13
2024-05-01,P-AUS,SUP-RES1,Gulf Coast Polymers,Plastic Resin,Direct Materials,USA,Strategic,False,True,151333,88.0,0.7681,0.7158,0.743,108323.1,116231.87,-7908.77,4114.78
2024-05-01,P-AUS,SUP-RES2,Pacific Resin Traders,Plastic Resin,Direct Materials,Taiwan,Preferred,False,True,86090,88.0,0.7681,0.6775,0.7699,58327.82,66122.43,-7794.6,7956.2
2024-06-01,P-AUS,SUP-SEM1,Formosa Semiconductor,Semiconductors,Direct Materials,Taiwan,Strategic,True,True,161033,103.74,4.3803,4.2704,4.2402,687672.73,705370.62,-17697.89,-4852.6
2024-06-01,P-AUS,SUP-SEM2,Anchor Microelectronics,Semiconductors,Direct Materials,USA,Preferred,False,True,38371,103.74,4.3803,4.4803,4.394,171918.18,168078.67,3839.51,-3311.71
2024-06-01,P-AUS,SUP-ELE1,Shenzhen Circuit Works,Electrical/Electronic,Direct Materials,China,Strategic,False,True,161074,109.24,2.4509,2.3481,2.3573,378220.0,394781.57,-16561.57,1486.99
2024-06-01,P-AUS,SUP-ELE2,Lone Star Connectors,Electrical/Electronic,Direct Materials,USA,Preferred,False,True,82638,109.24,2.4509,2.4964,2.4428,206301.82,202540.01,3761.81,-4430.21
2024-06-01,P-AUS,SUP-ELE3,Vertex Components,Electrical/Electronic,Direct Materials,USA,Transactional,False,False,39250,109.24,2.4509,2.628,2.5894,103150.91,96199.13,6951.78,-1516.35
2024-06-01,P-AUS,SUP-RES1,Gulf Coast Polymers,Plastic Resin,Direct Materials,USA,Strategic,False,True,151901,87.8,0.7681,0.7357,0.743,111746.82,116668.34,-4921.52,1113.28
2024-06-01,P-AUS,SUP-RES2,Pacific Resin Traders,Plastic Resin,Direct Materials,Taiwan,Preferred,False,True,87995,87.8,0.7681,0.6838,0.7699,60171.36,67585.34,-7413.97,7579.15
2024-07-01,P-AUS,SUP-SEM1,Formosa Semiconductor,Semiconductors,Direct Materials,Taiwan,Strategic,True,True,174455,100.72,4.3803,4.0466,4.2402,705960.29,764164.78,-58204.49,33774.37
2024-07-01,P-AUS,SUP-SEM2,Anchor Microelectronics,Semiconductors,Direct Materials,USA,Preferred,False,True,41420,100.72,4.3803,4.261,4.394,176490.07,181432.93,-4942.85,5512.59
2024-07-01,P-AUS,SUP-ELE1,Shenzhen Circuit Works,Electrical/Electronic,Direct Materials,China,Strategic,False,True,161849,109.09,2.4509,2.399,2.3573,388278.16,396680.9,-8402.74,-6744.37
2024-07-01,P-AUS,SUP-ELE2,Lone Star Connectors,Electrical/Electronic,Direct Materials,USA,Preferred,False,True,87627,109.09,2.4509,2.4169,2.4428,211788.09,214768.42,-2980.33,2271.57
2024-07-01,P-AUS,SUP-ELE3,Vertex Components,Electrical/Electronic,Direct Materials,USA,Transactional,False,False,40665,109.09,2.4509,2.604,2.5894,105894.04,99668.66,6225.39,-593.92
2024-07-01,P-AUS,SUP-RES1,Gulf Coast Polymers,Plastic Resin,Direct Materials,USA,Strategic,False,True,158645,89.17,0.7681,0.7231,0.743,114718.55,121848.0,-7129.45,3152.14
2024-07-01,P-AUS,SUP-RES2,Pacific Resin Traders,Plastic Resin,Direct Materials,Taiwan,Preferred,False,True,88023,89.17,0.7681,0.7018,0.7699,61771.53,67606.69,-5835.17,6000.39
2024-08-01,P-AUS,SUP-SEM1,Formosa Semiconductor,Semiconductors,Direct Materials,Taiwan,Strategic,True,True,181643,100.24,4.3803,4.1943,4.2402,761864.54,795650.3,-33785.76,8349.05
2024-08-01,P-AUS,SUP-SEM2,Anchor Microelectronics,Semiconductors,Direct Materials,USA,Preferred,False,True,45666,100.24,4.3803,4.1708,4.394,190466.14,200031.06,-9564.93,10193.07
2024-08-01,P-AUS,SUP-ELE1,Shenzhen Circuit Works,Electrical/Electronic,Direct Materials,China,Strategic,False,True,174818,109.17,2.4509,2.3969,2.3573,419025.5,428465.12,-9439.63,-6921.15
2024-08-01,P-AUS,SUP-ELE2,Lone Star Connectors,Electrical/Electronic,Direct Materials,USA,Preferred,False,True,90832,109.17,2.4509,2.5163,2.4428,228559.36,222624.08,5935.28,-6669.97
2024-08-01,P-AUS,SUP-ELE3,Vertex Components,Electrical/Electronic,Direct Materials,USA,Transactional,False,False,42287,109.17,2.4509,2.7024,2.5894,114279.68,103643.14,10636.54,-4780.51
2024-08-01,P-AUS,SUP-RES1,Gulf Coast Polymers,Plastic Resin,Direct Materials,USA,Strategic,False,True,169280,88.89,0.7681,0.7313,0.743,123802.99,130016.65,-6213.66,1969.71
2024-08-01,P-AUS,SUP-RES2,Pacific Resin Traders,Plastic Resin,Direct Materials,Taiwan,Preferred,False,True,95769,88.89,0.7681,0.6961,0.7699,66663.15,73555.94,-6892.79,7072.56
2024-09-01,P-AUS,SUP-SEM1,Formosa Semiconductor,Semiconductors,Direct Materials,Taiwan,Strategic,True,True,188397,100.35,4.3803,3.9734,4.2402,748586.38,825234.02,-76647.64,50265.16
2024-09-01,P-AUS,SUP-SEM2,Anchor Microelectronics,Semiconductors,Direct Materials,USA,Preferred,False,True,44459,100.35,4.3803,4.2094,4.394,187146.6,194743.22,-7596.63,8208.16
2024-09-01,P-AUS,SUP-ELE1,Shenzhen Circuit Works,Electrical/Electronic,Direct Materials,China,Strategic,False,True,169433,109.39,2.4509,2.43,2.3573,411722.51,415268.84,-3546.33,-12310.55
2024-09-01,P-AUS,SUP-ELE2,Lone Star Connectors,Electrical/Electronic,Direct Materials,USA,Preferred,False,True,88734,109.39,2.4509,2.5309,2.4428,224575.91,217480.88,7095.03,-7812.75
2024-09-01,P-AUS,SUP-ELE3,Vertex Components,Electrical/Electronic,Direct Materials,USA,Transactional,False,False,41705,109.39,2.4509,2.6924,2.5894,112287.96,102216.04,10071.91,-4296.52
2024-09-01,P-AUS,SUP-RES1,Gulf Coast Polymers,Plastic Resin,Direct Materials,USA,Strategic,False,True,169369,86.67,0.7681,0.7182,0.743,121645.29,130084.44,-8439.15,4192.99
2024-09-01,P-AUS,SUP-RES2,Pacific Resin Traders,Plastic Resin,Direct Materials,Taiwan,Preferred,False,True,94016,86.67,0.7681,0.6967,0.7699,65501.31,72209.85,-6708.54,6885.02
2024-10-01,P-AUS,SUP-SEM1,Formosa Semiconductor,Semiconductors,Direct Materials,Taiwan,Strategic,True,True,192338,101.13,4.3803,4.1132,4.2402,791133.79,842497.58,-51363.79,24429.4
2024-10-01,P-AUS,SUP-SEM2,Anchor Microelectronics,Semiconductors,Direct Materials,USA,Preferred,False,True,48210,101.13,4.3803,4.1025,4.394,197783.45,211175.84,-13392.4,14055.53
2024-10-01,P-AUS,SUP-ELE1,Shenzhen Circuit Works,Electrical/Electronic,Direct Materials,China,Strategic,False,True,179182,109.56,2.4509,2.4284,2.3573,435123.58,439160.46,-4036.88,-12732.3
2024-10-01,P-AUS,SUP-ELE2,Lone Star Connectors,Electrical/Electronic,Direct Materials,USA,Preferred,False,True,94719,109.56,2.4509,2.5057,2.4428,237340.14,232149.22,5190.92,-5957.04
2024-10-01,P-AUS,SUP-ELE3,Vertex Components,Electrical/Electronic,Direct Materials,USA,Transactional,False,False,44794,109.56,2.4509,2.6492,2.5894,118670.07,109786.61,8883.46,-2680.31
2024-10-01,P-AUS,SUP-RES1,Gulf Coast Polymers,Plastic Resin,Direct Materials,USA,Strategic,False,True,178595,87.75,0.7681,0.7198,0.743,128559.24,137171.12,-8611.88,4134.4
2024-10-01,P-AUS,SUP-RES2,Pacific Resin Traders,Plastic Resin,Direct Materials,Taiwan,Preferred,False,True,101502,87.75,0.7681,0.682,0.7699,69224.21,77959.32,-8735.11,8925.64
2024-11-01,P-AUS,SUP-SEM1,Formosa Semiconductor,Semiconductors,Direct Materials,Taiwan,Strategic,True,True,200071,101.14,4.3803,4.1769,4.2402,835677.96,876368.68,-40690.72,12673.47
2024-11-01,P-AUS,SUP-SEM2,Anchor Microelectronics,Semiconductors,Direct Materials,USA,Preferred,False,True,50946,101.14,4.3803,4.1008,4.394,208919.49,223160.75,-14241.26,14942.03
2024-11-01,P-AUS,SUP-ELE1,Shenzhen Circuit Works,Electrical/Electronic,Direct Materials,China,Strategic,False,True,191665,110.08,2.4509,2.398,2.3573,459622.88,469757.27,-10134.4,-7803.11
2024-11-01,P-AUS,SUP-ELE2,Lone Star Connectors,Electrical/Electronic,Direct Materials,USA,Preferred,False,True,100130,110.08,2.4509,2.5038,2.4428,250703.39,245411.7,5291.69,-6101.58
2024-11-01,P-AUS,SUP-ELE3,Vertex Components,Electrical/Electronic,Direct Materials,USA,Transactional,False,False,46792,110.08,2.4509,2.6789,2.5894,125351.69,114684.99,10666.71,-4186.79
2024-11-01,P-AUS,SUP-RES1,Gulf Coast Polymers,Plastic Resin,Direct Materials,USA,Strategic,False,True,187579,87.13,0.7681,0.7239,0.743,135797.67,144071.21,-8273.54,3570.83
2024-11-01,P-AUS,SUP-RES2,Pacific Resin Traders,Plastic Resin,Direct Materials,Taiwan,Preferred,False,True,107391,87.13,0.7681,0.6809,0.7699,73121.82,82482.44,-9360.62,9562.2
2024-12-01,P-AUS,SUP-SEM1,Formosa Semiconductor,Semiconductors,Direct Materials,Taiwan,Strategic,True,True,198796,100.59,4.3803,4.0211,4.2402,799384.5,870786.03,-71401.54,43562.77
2024-12-01,P-AUS,SUP-SEM2,Anchor Microelectronics,Semiconductors,Direct Materials,USA,Preferred,False,True,48831,100.59,4.3803,4.0926,4.394,199846.12,213893.94,-14047.81,14719.48
2024-12-01,P-AUS,SUP-ELE1,Shenzhen Circuit Works,Electrical/Electronic,Direct Materials,China,Strategic,False,True,181621,110.15,2.4509,2.4208,2.3573,439661.47,445139.21,-5477.74,-11519.73
2024-12-01,P-AUS,SUP-ELE2,Lone Star Connectors,Electrical/Electronic,Direct Materials,USA,Preferred,False,True,95403,110.15,2.4509,2.5137,2.4428,239815.35,233826.03,5989.32,-6760.98
2024-12-01,P-AUS,SUP-ELE3,Vertex Components,Electrical/Electronic,Direct Materials,USA,Transactional,False,False,43226,110.15,2.4509,2.7739,2.5894,119907.67,105945.14,13962.54,-7976.44
2024-12-01,P-AUS,SUP-RES1,Gulf Coast Polymers,Plastic Resin,Direct Materials,USA,Strategic,False,True,180114,86.61,0.7681,0.7212,0.743,129899.98,138337.74,-8437.76,3922.2
2024-12-01,P-AUS,SUP-RES2,Pacific Resin Traders,Plastic Resin,Direct Materials,Taiwan,Preferred,False,True,100880,86.61,0.7681,0.6934,0.7699,69946.14,77481.79,-7535.65,7725.01
2022-01-01,P-GRN,SUP-STL1,Great Lakes Steel Co.,Steel & Metal,Direct Materials,USA,Strategic,False,True,740114,100.0,1.0478,1.0612,1.0615,785389.44,775525.03,9864.41,242.38
2022-01-01,P-GRN,SUP-STL2,Rio Grande Metals,Steel & Metal,Direct Materials,Mexico,Preferred,False,True,339609,100.0,1.0478,1.0792,1.1,366515.07,355857.77,10657.3,7055.27
2022-01-01,P-GRN,SUP-STL3,Keystone Alloy Supply,Steel & Metal,Direct Materials,USA,Transactional,False,False,135899,100.0,1.0478,1.1558,1.166,157077.89,142401.73,14676.16,1381.16
2022-01-01,P-GRN,SUP-ELE1,Shenzhen Circuit Works,Electrical/Electronic,Direct Materials,China,Strategic,False,True,179536,100.0,2.2239,2.1873,2.2195,392694.72,399266.68,-6571.96,5787.38
2022-01-01,P-GRN,SUP-ELE2,Lone Star Connectors,Electrical/Electronic,Direct Materials,USA,Preferred,False,True,91765,100.0,2.2239,2.3342,2.3,214197.12,204075.08,10122.04,-3135.91
2022-01-01,P-GRN,SUP-ELE3,Vertex Components,Electrical/Electronic,Direct Materials,USA,Transactional,False,False,44169,100.0,2.2239,2.4247,2.438,107098.56,98226.16,8872.4,585.51
2022-01-01,P-GRN,SUP-RES1,Gulf Coast Polymers,Plastic Resin,Direct Materials,USA,Strategic,False,True,282243,100.0,0.8966,0.8222,0.8202,232046.88,253071.08,-21024.2,-536.58
2022-01-01,P-GRN,SUP-RES2,Pacific Resin Traders,Plastic Resin,Direct Materials,Taiwan,Preferred,False,True,145005,100.0,0.8966,0.8617,0.85,124948.32,130017.41,-5069.09,-1694.05
2022-02-01,P-GRN,SUP-STL1,Great Lakes Steel Co.,Steel & Metal,Direct Materials,USA,Strategic,False,True,775660,93.22,1.0478,0.9795,0.9895,759782.29,812771.91,-52989.62,7757.74
2022-02-01,P-GRN,SUP-STL2,Rio Grande Metals,Steel & Metal,Direct Materials,Mexico,Preferred,False,True,340714,93.22,1.0478,1.0407,1.0254,354565.07,357015.29,-2450.22,-5190.05
2022-02-01,P-GRN,SUP-STL3,Keystone Alloy Supply,Steel & Metal,Direct Materials,USA,Transactional,False,False,138911,93.22,1.0478,1.0939,1.0869,151956.46,145557.73,6398.72,-967.15
2022-02-01,P-GRN,SUP-ELE1,Shenzhen Circuit Works,Electrical/Electronic,Direct Materials,China,Strategic,False,True,173047,100.68,2.2239,2.1953,2.2346,379891.15,384834.34,-4943.19,6798.71
2022-02-01,P-GRN,SUP-ELE2,Lone Star Connectors,Electrical/Electronic,Direct Materials,USA,Preferred,False,True,89146,100.68,2.2239,2.3244,2.3156,207213.35,198250.42,8962.93,-781.95
2022-02-01,P-GRN,SUP-ELE3,Vertex Components,Electrical/Electronic,Direct Materials,USA,Transactional,False,False,42705,100.68,2.2239,2.4261,2.4546,103606.68,94971.94,8634.73,1217.83
2022-02-01,P-GRN,SUP-RES1,Gulf Coast Polymers,Plastic Resin,Direct Materials,USA,Strategic,False,True,270378,100.06,0.8966,0.8302,0.8207,224481.13,242432.09,-17950.95,-2570.36
2022-02-01,P-GRN,SUP-RES2,Pacific Resin Traders,Plastic Resin,Direct Materials,Taiwan,Preferred,False,True,139762,100.06,0.8966,0.8649,0.8505,120874.46,125317.12,-4442.66,-2004.7
2022-03-01,P-GRN,SUP-STL1,Great Lakes Steel Co.,Steel & Metal,Direct Materials,USA,Strategic,False,True,715724,93.92,1.0478,0.9808,0.997,701976.5,749967.97,-47991.47,11572.9
2022-03-01,P-GRN,SUP-STL2,Rio Grande Metals,Steel & Metal,Direct Materials,Mexico,Preferred,False,True,318248,93.92,1.0478,1.0294,1.0331,327589.04,333474.77,-5885.73,1199.75
2022-03-01,P-GRN,SUP-STL3,Keystone Alloy Supply,Steel & Metal,Direct Materials,USA,Transactional,False,False,126266,93.92,1.0478,1.1119,1.0951,140395.3,132307.75,8087.55,-2119.83
2022-03-01,P-GRN,SUP-ELE1,Shenzhen Circuit Works,Electrical/Electronic,Direct Materials,China,Strategic,False,True,155493,101.28,2.2239,2.2573,2.2479,350988.25,345797.47,5190.78,-1452.78
2022-03-01,P-GRN,SUP-ELE2,Lone Star Connectors,Electrical/Electronic,Direct Materials,USA,Preferred,False,True,82648,101.28,2.2239,2.3164,2.3294,191448.14,183800.28,7647.86,1077.38
2022-03-01,P-GRN,SUP-ELE3,Vertex Components,Electrical/Electronic,Direct Materials,USA,Transactional,False,False,38568,101.28,2.2239,2.4819,2.4692,95724.07,85772.25,9951.81,-489.46
2022-03-01,P-GRN,SUP-RES1,Gulf Coast Polymers,Plastic Resin,Direct Materials,USA,Strategic,False,True,252667,100.1,0.8966,0.8209,0.8211,207402.15,226551.9,-19149.75,55.55
2022-03-01,P-GRN,SUP-RES2,Pacific Resin Traders,Plastic Resin,Direct Materials,Taiwan,Preferred,False,True,129608,100.1,0.8966,0.8617,0.8508,111678.08,116212.44,-4534.36,-1400.52
2022-04-01,P-GRN,SUP-STL1,Great Lakes Steel Co.,Steel & Metal,Direct Materials,USA,Strategic,False,True,718976,95.81,1.0478,0.9984,1.017,717819.49,753375.05,-35555.55,13395.89
2022-04-01,P-GRN,SUP-STL2,Rio Grande Metals,Steel & Metal,Direct Materials,Mexico,Preferred,False,True,316614,95.81,1.0478,1.058,1.0539,334982.43,331763.01,3219.42,-1298.93
2022-04-01,P-GRN,SUP-STL3,Keystone Alloy Supply,Steel & Metal,Direct Materials,USA,Transactional,False,False,132843,95.81,1.0478,1.0807,1.1171,143563.9,139199.35,4364.55,4841.55
2022-04-01,P-GRN,SUP-ELE1,Shenzhen Circuit Works,Electrical/Electronic,Direct Materials,China,Strategic,False,True,157058,101.61,2.2239,2.2852,2.2552,358909.75,349277.72,9632.02,-4706.05
2022-04-01,P-GRN,SUP-ELE2,Lone Star Connectors,Electrical/Electronic,Direct Materials,USA,Preferred,False,True,83533,101.61,2.2239,2.3436,2.337,195768.95,185766.8,10002.15,-549.55
2022-04-01,P-GRN,SUP-ELE3,Vertex Components,Electrical/Electronic,Direct Materials,USA,Transactional,False,False,39014,101.61,2.2239,2.5089,2.4773,97884.48,86762.63,11121.85,-1236.35
2022-04-01,P-GRN,SUP-RES1,Gulf Coast Polymers,Plastic Resin,Direct Materials,USA,Strategic,False,True,248261,104.1,0.8966,0.8543,0.8539,212083.03,222601.6,-10518.57,-97.22
2022-04-01,P-GRN,SUP-RES2,Pacific Resin Traders,Plastic Resin,Direct Materials,Taiwan,Preferred,False,True,129804,104.1,0.8966,0.8798,0.8848,114198.56,116388.28,-2189.72,659.23
2022-05-01,P-GRN,SUP-STL1,Great Lakes Steel Co.,Steel & Metal,Direct Materials,USA,Strategic,False,True,644286,100.31,1.0478,1.0311,1.0648,664334.69,675111.77,-10777.09,21695.4
2022-05-01,P-GRN,SUP-STL2,Rio Grande Metals,Steel & Metal,Direct Materials,Mexico,Preferred,False,True,285454,100.31,1.0478,1.0861,1.1034,310022.85,299112.36,10910.49,4951.02
2022-05-01,P-GRN,SUP-STL3,Keystone Alloy Supply,Steel & Metal,Direct Materials,USA,Transactional,False,False,111156,100.31,1.0478,1.1953,1.1696,132866.94,116474.95,16391.98,-2856.39
2022-05-01,P-GRN,SUP-ELE1,Shenzhen Circuit Works,Electrical/Electronic,Direct Materials,China,Strategic,False,True,151724,102.23,2.2239,2.1893,2.269,332167.34,337416.12,-5248.78,12095.34
2022-05-01,P-GRN,SUP-ELE2,Lone Star Connectors,Electrical/Electronic,Direct Materials,USA,Preferred,False,True,77090,102.23,2.2239,2.3502,2.3513,181182.19,171440.04,9742.15,80.76
2022-05-01,P-GRN,SUP-ELE3,Vertex Components,Electrical/Electronic,Direct Materials,USA,Transactional,False,False,35783,102.23,2.2239,2.5317,2.4924,90591.09,79577.27,11013.82,-1406.12
2022-05-01,P-GRN,SUP-RES1,Gulf Coast Polymers,Plastic Resin,Direct Materials,USA,Strategic,False,True,227098,105.9,0.8966,0.8643,0.8686,196280.7,203626.2,-7345.5,987.64
2022-05-01,P-GRN,SUP-RES2,Pacific Resin Traders,Plastic Resin,Direct Materials,Taiwan,Preferred,False,True,119020,105.9,0.8966,0.888,0.9002,105689.61,106718.8,-1029.19,1446.87
2022-06-01,P-GRN,SUP-STL1,Great Lakes Steel Co.,Steel & Metal,Direct Materials,USA,Strategic,False,True,703481,97.38,1.0478,1.0067,1.0337,708217.06,737138.55,-28921.49,18963.3
2022-06-01,P-GRN,SUP-STL2,Rio Grande Metals,Steel & Metal,Direct Materials,Mexico,Preferred,False,True,302099,97.38,1.0478,1.094,1.0712,330501.3,316553.58,13947.72,-6898.0
2022-06-01,P-GRN,SUP-STL3,Keystone Alloy Supply,Steel & Metal,Direct Materials,USA,Transactional,False,False,124295,97.38,1.0478,1.1396,1.1355,141643.41,130242.4,11401.01,-511.91
2022-06-01,P-GRN,SUP-ELE1,Shenzhen Circuit Works,Electrical/Electronic,Direct Materials,China,Strategic,False,True,153635,103.09,2.2239,2.3049,2.2881,354108.53,341666.2,12442.34,-2576.99
2022-06-01,P-GRN,SUP-ELE2,Lone Star Connectors,Electrical/Electronic,Direct Materials,USA,Preferred,False,True,82496,103.09,2.2239,2.3413,2.3711,193150.11,183462.0,9688.1,2455.42
2022-06-01,P-GRN,SUP-ELE3,Vertex Components,Electrical/Electronic,Direct Materials,USA,Transactional,False,False,38398,103.09,2.2239,2.5151,2.5133,96575.05,85393.06,11182.0,-67.04
2022-06-01,P-GRN,SUP-RES1,Gulf Coast Polymers,Plastic Resin,Direct Materials,USA,Strategic,False,True,240213,107.18,0.8966,0.8711,0.8791,209245.95,215385.05,-6139.1,1936.14
2022-06-01,P-GRN,SUP-RES2,Pacific Resin Traders,Plastic Resin,Direct Materials,Taiwan,Preferred,False,True,123554,107.18,0.8966,0.9119,0.911,112670.9,110783.65,1887.24,-109.39
2022-07-01,P-GRN,SUP-STL1,Great Lakes Steel Co.,Steel & Metal,Direct Materials,USA,Strategic,False,True,739928,92.83,1.0478,1.0032,0.9854,742302.9,775329.73,-33026.84,-13184.53
2022-07-01,P-GRN,SUP-STL2,Rio Grande Metals,Steel & Metal,Direct Materials,Mexico,Preferred,False,True,337114,92.83,1.0478,1.0276,1.0211,346408.02,353243.65,-6835.63,-2170.14
2022-07-01,P-GRN,SUP-STL3,Keystone Alloy Supply,Steel & Metal,Direct Materials,USA,Transactional,False,False,135440,92.83,1.0478,1.0961,1.0824,148460.58,141920.98,6539.6,-1859.64
2022-07-01,P-GRN,SUP-ELE1,Shenzhen Circuit Works,Electrical/Electronic,Direct Materials,China,Strategic,False,True,160674,103.64,2.2239,2.31,2.3003,371151.45,357318.74,13832.71,-1554.01
2022-07-01,P-GRN,SUP-ELE2,Lone Star Connectors,Electrical/Electronic,Direct Materials,USA,Preferred,False,True,85262,103.64,2.2239,2.3744,2.3837,202446.24,189612.83,12833.41,795.81
2022-07-01,P-GRN,SUP-ELE3,Vertex Components,Electrical/Electronic,Direct Materials,USA,Transactional,False,False,39724,103.64,2.2239,2.5481,2.5267,101223.12,88342.88,12880.24,-848.65
2022-07-01,P-GRN,SUP-RES1,Gulf Coast Polymers,Plastic Resin,Direct Materials,USA,Strategic,False,True,249320,105.06,0.8966,0.8797,0.8618,219316.77,223550.48,-4233.71,-4464.08
2022-07-01,P-GRN,SUP-RES2,Pacific Resin Traders,Plastic Resin,Direct Materials,Taiwan,Preferred,False,True,131004,105.06,0.8966,0.9014,0.893,118093.64,117463.97,629.67,-1105.31
2022-08-01,P-GRN,SUP-STL1,Great Lakes Steel Co.,Steel & Metal,Direct Materials,USA,Strategic,False,True,811540,88.36,1.0478,0.9523,0.9379,772858.94,850368.16,-77509.22,-11681.43
2022-08-01,P-GRN,SUP-STL2,Rio Grande Metals,Steel & Metal,Direct Materials,Mexico,Preferred,False,True,374137,88.36,1.0478,0.964,0.972,360667.5,392037.6,-31370.1,2978.96
2022-08-01,P-GRN,SUP-STL3,Keystone Alloy Supply,Steel & Metal,Direct Materials,USA,Transactional,False,False,150726,88.36,1.0478,1.0255,1.0303,154571.79,157937.49,-3365.7,717.94
2022-08-01,P-GRN,SUP-ELE1,Shenzhen Circuit Works,Electrical/Electronic,Direct Materials,China,Strategic,False,True,167305,104.02,2.2239,2.3097,2.3087,386429.47,372065.65,14363.81,-167.29
2022-08-01,P-GRN,SUP-ELE2,Lone Star Connectors,Electrical/Electronic,Direct Materials,USA,Preferred,False,True,91036,104.02,2.2239,2.3153,2.3925,210779.71,202452.34,8327.37,7020.4
2022-08-01,P-GRN,SUP-ELE3,Vertex Components,Electrical/Electronic,Direct Materials,USA,Transactional,False,False,41868,104.02,2.2239,2.5172,2.536,105389.86,93109.56,12280.3,788.36
2022-08-01,P-GRN,SUP-RES1,Gulf Coast Polymers,Plastic Resin,Direct Materials,USA,Strategic,False,True,277194,101.8,0.8966,0.8238,0.835,228344.69,248543.57,-20198.88,3116.46
2022-08-01,P-GRN,SUP-RES2,Pacific Resin Traders,Plastic Resin,Direct Materials,Taiwan,Preferred,False,True,140479,101.8,0.8966,0.8753,0.8653,122954.83,125959.24,-3004.41,-1398.31
2022-09-01,P-GRN,SUP-STL1,Great Lakes Steel Co.,Steel & Metal,Direct Materials,USA,Strategic,False,True,888829,83.39,1.0478,0.8777,0.8852,780116.7,931354.61,-151237.92,6661.46
2022-09-01,P-GRN,SUP-STL2,Rio Grande Metals,Steel & Metal,Direct Materials,Mexico,Preferred,False,True,396680,83.39,1.0478,0.9178,0.9173,364054.46,415659.06,-51604.6,-183.7
2022-09-01,P-GRN,SUP-STL3,Keystone Alloy Supply,Steel & Metal,Direct Materials,USA,Transactional,False,False,159948,83.39,1.0478,0.9755,0.9723,156023.34,167600.91,-11577.57,-501.22
2022-09-01,P-GRN,SUP-ELE1,Shenzhen Circuit Works,Electrical/Electronic,Direct Materials,China,Strategic,False,True,171203,104.3,2.2239,2.2783,2.3149,390058.35,380734.0,9324.34,6266.89
2022-09-01,P-GRN,SUP-ELE2,Lone Star Connectors,Electrical/Electronic,Direct Materials,USA,Preferred,False,True,87944,104.3,2.2239,2.4193,2.3989,212759.1,195576.52,17182.58,-1789.71
2022-09-01,P-GRN,SUP-ELE3,Vertex Components,Electrical/Electronic,Direct Materials,USA,Transactional,False,False,42447,104.3,2.2239,2.5062,2.5428,106379.55,94397.39,11982.16,1557.02
2022-09-01,P-GRN,SUP-RES1,Gulf Coast Polymers,Plastic Resin,Direct Materials,USA,Strategic,False,True,279906,100.78,0.8966,0.8235,0.8266,230489.02,250975.14,-20486.12,894.72
2022-09-01,P-GRN,SUP-RES2,Pacific Resin Traders,Plastic Resin,Direct Materials,Taiwan,Preferred,False,True,148537,100.78,0.8966,0.8355,0.8566,124109.47,133184.67,-9075.19,3132.11
2022-10-01,P-GRN,SUP-STL1,Great Lakes Steel Co.,Steel & Metal,Direct Materials,USA,Strategic,False,True,948071,79.56,1.0478,0.8558,0.8445,811314.89,993430.93,-182116.04,-10640.94
2022-10-01,P-GRN,SUP-STL2,Rio Grande Metals,Steel & Metal,Direct Materials,Mexico,Preferred,False,True,440448,79.56,1.0478,0.8596,0.8752,378613.61,461521.88,-82908.26,6849.66
2022-10-01,P-GRN,SUP-STL3,Keystone Alloy Supply,Steel & Metal,Direct Materials,USA,Transactional,False,False,176905,79.56,1.0478,0.9172,0.9277,162262.98,185369.58,-23106.61,1847.03
2022-10-01,P-GRN,SUP-ELE1,Shenzhen Circuit Works,Electrical/Electronic,Direct Materials,China,Strategic,False,True,172760,104.57,2.2239,2.3481,2.3209,405657.44,384196.84,21460.61,-4692.28
2022-10-01,P-GRN,SUP-ELE2,Lone Star Connectors,Electrical/Electronic,Direct Materials,USA,Preferred,False,True,91079,104.57,2.2239,2.4294,2.4051,221267.7,202549.4,18718.29,-2211.01
2022-10-01,P-GRN,SUP-ELE3,Vertex Components,Electrical/Electronic,Direct Materials,USA,Transactional,False,False,43577,104.57,2.2239,2.5388,2.5494,110633.85,96909.86,13723.98,462.4
2022-10-01,P-GRN,SUP-RES1,Gulf Coast Polymers,Plastic Resin,Direct Materials,USA,Strategic,False,True,302296,98.45,0.8966,0.793,0.8075,239706.67,271050.94,-31344.26,4408.3
2022-10-01,P-GRN,SUP-RES2,Pacific Resin Traders,Plastic Resin,Direct Materials,Taiwan,Preferred,False,True,151886,98.45,0.8966,0.8498,0.8368,129072.82,136187.22,-7114.4,-1970.77
2022-11-01,P-GRN,SUP-STL1,Great Lakes Steel Co.,Steel & Metal,Direct Materials,USA,Strategic,False,True,1026863,77.44,1.0478,0.8323,0.822,854709.31,1075993.29,-221283.98,-10601.04
2022-11-01,P-GRN,SUP-STL2,Rio Grande Metals,Steel & Metal,Direct Materials,Mexico,Preferred,False,True,460031,77.44,1.0478,0.867,0.8518,398864.34,482041.22,-83176.87,-6991.24
2022-11-01,P-GRN,SUP-STL3,Keystone Alloy Supply,Steel & Metal,Direct Materials,USA,Transactional,False,False,187679,77.44,1.0478,0.9108,0.903,170941.86,196658.88,-25717.01,-1476.6
2022-11-01,P-GRN,SUP-ELE1,Shenzhen Circuit Works,Electrical/Electronic,Direct Materials,China,Strategic,False,True,180510,104.96,2.2239,2.3675,2.3296,427354.65,401431.73,25922.93,-6839.87
2022-11-01,P-GRN,SUP-ELE2,Lone Star Connectors,Electrical/Electronic,Direct Materials,USA,Preferred,False,True,96349,104.96,2.2239,2.4193,2.4141,233102.54,214268.31,18834.23,-507.63
2022-11-01,P-GRN,SUP-ELE3,Vertex Components,Electrical/Electronic,Direct Materials,USA,Transactional,False,False,46140,104.96,2.2239,2.526,2.5589,116551.27,102610.93,13940.34,1519.32
2022-11-01,P-GRN,SUP-RES1,Gulf Coast Polymers,Plastic Resin,Direct Materials,USA,Strategic,False,True,336133,93.23,0.8966,0.7513,0.7647,252527.75,301390.91,-48863.16,4519.89
2022-11-01,P-GRN,SUP-RES2,Pacific Resin Traders,Plastic Resin,Direct Materials,Taiwan,Preferred,False,True,170294,93.23,0.8966,0.7985,0.7925,135976.48,152693.2,-16716.72,-1025.56
2022-12-01,P-GRN,SUP-STL1,Great Lakes Steel Co.,Steel & Metal,Direct Materials,USA,Strategic,False,True,1029067,76.21,1.0478,0.7998,0.809,823007.29,1078302.82,-255295.53,9476.82
2022-12-01,P-GRN,SUP-STL2,Rio Grande Metals,Steel & Metal,Direct Materials,Mexico,Preferred,False,True,451771,76.21,1.0478,0.8501,0.8383,384070.07,473385.85,-89315.79,-5345.77
2022-12-01,P-GRN,SUP-STL3,Keystone Alloy Supply,Steel & Metal,Direct Materials,USA,Transactional,False,False,189018,76.21,1.0478,0.8708,0.8886,164601.46,198062.3,-33460.84,3362.3
2022-12-01,P-GRN,SUP-ELE1,Shenzhen Circuit Works,Electrical/Electronic,Direct Materials,China,Strategic,False,True,175575,105.29,2.2239,2.3437,2.3369,411503.64,390458.12,21045.52,-1198.14
2022-12-01,P-GRN,SUP-ELE2,Lone Star Connectors,Electrical/Electronic,Direct Materials,USA,Preferred,False,True,90131,105.29,2.2239,2.4903,2.4217,224456.53,200440.89,24015.64,-6187.62
2022-12-01,P-GRN,SUP-ELE3,Vertex Components,Electrical/Electronic,Direct Materials,USA,Transactional,False,False,44253,105.29,2.2239,2.536,2.567,112228.27,98414.74,13813.52,1369.97
2022-12-01,P-GRN,SUP-RES1,Gulf Coast Polymers,Plastic Resin,Direct Materials,USA,Strategic,False,True,324511,92.12,0.8966,0.7493,0.7556,243161.24,290969.98,-47808.73,2044.08
2022-12-01,P-GRN,SUP-RES2,Pacific Resin Traders,Plastic Resin,Direct Materials,Taiwan,Preferred,False,True,165491,92.12,0.8966,0.7912,0.783,130932.98,148386.76,-17453.78,-1349.53
2023-01-01,P-GRN,SUP-STL1,Great Lakes Steel Co.,Steel & Metal,Direct Materials,USA,Strategic,False,True,965223,76.41,0.9886,0.8156,1.0615,787246.47,954182.34,-166935.87,237338.48
2023-01-01,P-GRN,SUP-STL2,Rio Grande Metals,Steel & Metal,Direct Materials,Mexico,Preferred,False,True,441644,76.41,0.9886,0.8318,1.1,367381.68,436592.53,-69210.85,118427.35
2023-01-01,P-GRN,SUP-STL3,Keystone Alloy Supply,Steel & Metal,Direct Materials,USA,Transactional,False,False,171106,76.41,0.9886,0.9202,1.166,157449.29,169149.4,-11700.1,42061.13
2023-01-01,P-GRN,SUP-ELE1,Shenzhen Circuit Works,Electrical/Electronic,Direct Materials,China,Strategic,False,True,172143,106.21,2.3684,2.2866,2.2195,393623.23,407698.9,-14075.67,-11550.89
2023-01-01,P-GRN,SUP-ELE2,Lone Star Connectors,Electrical/Electronic,Direct Materials,USA,Preferred,False,True,87934,106.21,2.3684,2.4416,2.3,214703.58,208262.06,6441.52,-12453.41
2023-01-01,P-GRN,SUP-ELE3,Vertex Components,Electrical/Electronic,Direct Materials,USA,Transactional,False,False,41632,106.21,2.3684,2.5786,2.438,107351.79,98600.96,8750.84,-5851.86
2023-01-01,P-GRN,SUP-RES1,Gulf Coast Polymers,Plastic Resin,Direct Materials,USA,Strategic,False,True,317657,90.58,0.8562,0.7322,0.8202,232595.55,271984.31,-39388.76,27962.89
2023-01-01,P-GRN,SUP-RES2,Pacific Resin Traders,Plastic Resin,Direct Materials,Taiwan,Preferred,False,True,168245,90.58,0.8562,0.7444,0.85,125243.76,144055.4,-18811.64,17765.3
2023-02-01,P-GRN,SUP-STL1,Great Lakes Steel Co.,Steel & Metal,Direct Materials,USA,Strategic,False,True,1030459,78.56,0.9886,0.8391,1.0615,864706.89,1018671.99,-153965.09,229125.96
2023-02-01,P-GRN,SUP-STL2,Rio Grande Metals,Steel & Metal,Direct Materials,Mexico,Preferred,False,True,471705,78.56,0.9886,0.8555,1.1,403529.88,466309.52,-62779.64,115346.1
2023-02-01,P-GRN,SUP-STL3,Keystone Alloy Supply,Steel & Metal,Direct Materials,USA,Transactional,False,False,185552,78.56,0.9886,0.932,1.166,172941.38,183430.09,-10488.71,43413.02
2023-02-01,P-GRN,SUP-ELE1,Shenzhen Circuit Works,Electrical/Electronic,Direct Materials,China,Strategic,False,True,182678,106.25,2.3684,2.3667,2.2195,432353.45,432650.51,-297.06,-26897.87
2023-02-01,P-GRN,SUP-ELE2,Lone Star Connectors,Electrical/Electronic,Direct Materials,USA,Preferred,False,True,97119,106.25,2.3684,2.4282,2.3,235829.15,230015.46,5813.7,-12453.54
2023-02-01,P-GRN,SUP-ELE3,Vertex Components,Electrical/Electronic,Direct Materials,USA,Transactional,False,False,45438,106.25,2.3684,2.595,2.438,117914.58,107616.2,10298.37,-7134.34
2023-02-01,P-GRN,SUP-RES1,Gulf Coast Polymers,Plastic Resin,Direct Materials,USA,Strategic,False,True,333054,92.62,0.8562,0.7671,0.8202,255481.58,285167.81,-29686.23,17706.53
2023-02-01,P-GRN,SUP-RES2,Pacific Resin Traders,Plastic Resin,Direct Materials,Taiwan,Preferred,False,True,172589,92.62,0.8562,0.7971,0.85,137567.01,147774.23,-10207.22,9133.86
2023-03-01,P-GRN,SUP-STL1,Great Lakes Steel Co.,Steel & Metal,Direct Materials,USA,Strategic,False,True,947346,80.48,0.9886,0.8493,1.0615,804554.63,936509.5,-131954.87,201053.52
2023-03-01,P-GRN,SUP-STL2,Rio Grande Metals,Steel & Metal,Direct Materials,Mexico,Preferred,False,True,434421,80.48,0.9886,0.8643,1.1,375458.83,429452.36,-53993.53,102405.14
2023-03-01,P-GRN,SUP-STL3,Keystone Alloy Supply,Steel & Metal,Direct Materials,USA,Transactional,False,False,169927,80.48,0.9886,0.9469,1.166,160910.93,167983.79,-7072.87,37224.68
2023-03-01,P-GRN,SUP-ELE1,Shenzhen Circuit Works,Electrical/Electronic,Direct Materials,China,Strategic,False,True,169221,106.38,2.3684,2.3772,2.2195,402277.32,400779.38,1497.94,-26689.56
2023-03-01,P-GRN,SUP-ELE2,Lone Star Connectors,Electrical/Electronic,Direct Materials,USA,Preferred,False,True,90746,106.38,2.3684,2.418,2.3,219423.99,214921.03,4502.96,-10707.07
2023-03-01,P-GRN,SUP-ELE3,Vertex Components,Electrical/Electronic,Direct Materials,USA,Transactional,False,False,41357,106.38,2.3684,2.6528,2.438,109712.0,97948.78,11763.22,-8883.42
2023-03-01,P-GRN,SUP-RES1,Gulf Coast Polymers,Plastic Resin,Direct Materials,USA,Strategic,False,True,303274,93.44,0.8562,0.7838,0.8202,237709.32,259669.19,-21959.86,11051.34
2023-03-01,P-GRN,SUP-RES2,Pacific Resin Traders,Plastic Resin,Direct Materials,Taiwan,Preferred,False,True,160150,93.44,0.8562,0.7992,0.85,127997.33,137124.14,-9126.81,8130.8
2023-04-01,P-GRN,SUP-STL1,Great Lakes Steel Co.,Steel & Metal,Direct Materials,USA,Strategic,False,True,844969,82.15,0.9886,0.8958,1.0615,756931.34,835303.33,-78372.0,140003.34
2023-04-01,P-GRN,SUP-STL2,Rio Grande Metals,Steel & Metal,Direct Materials,Mexico,Preferred,False,True,394764,82.15,0.9886,0.8948,1.1,353234.62,390248.89,-37014.27,81006.51
2023-04-01,P-GRN,SUP-STL3,Keystone Alloy Supply,Steel & Metal,Direct Materials,USA,Transactional,False,False,158695,82.15,0.9886,0.9539,1.166,151386.27,156879.71,-5493.45,33652.16
2023-04-01,P-GRN,SUP-ELE1,Shenzhen Circuit Works,Electrical/Electronic,Direct Materials,China,Strategic,False,True,157617,106.48,2.3684,2.4012,2.2195,378465.67,373296.45,5169.22,-28633.36
2023-04-01,P-GRN,SUP-ELE2,Lone Star Connectors,Electrical/Electronic,Direct Materials,USA,Preferred,False,True,84510,106.48,2.3684,2.4427,2.3,206435.82,200151.96,6283.85,-12061.63
2023-04-01,P-GRN,SUP-ELE3,Vertex Components,Electrical/Electronic,Direct Materials,USA,Transactional,False,False,39435,106.48,2.3684,2.6174,2.438,103217.91,93397.07,9820.84,-7074.87
2023-04-01,P-GRN,SUP-RES1,Gulf Coast Polymers,Plastic Resin,Direct Materials,USA,Strategic,False,True,293385,94.95,0.8562,0.7623,0.8202,223638.8,251202.56,-27563.75,17010.91
2023-04-01,P-GRN,SUP-RES2,Pacific Resin Traders,Plastic Resin,Direct Materials,Taiwan,Preferred,False,True,148537,94.95,0.8562,0.8107,0.85,120420.89,127180.96,-6760.07,5836.29
2023-05-01,P-GRN,SUP-STL1,Great Lakes Steel Co.,Steel & Metal,Direct Materials,USA,Strategic,False,True,854660,84.09,0.9886,0.8871,1.0615,758136.89,844883.88,-86746.99,149085.21
2023-05-01,P-GRN,SUP-STL2,Rio Grande Metals,Steel & Metal,Direct Materials,Mexico,Preferred,False,True,386372,84.09,0.9886,0.9157,1.1,353797.22,381952.71,-28155.49,71212.52
2023-05-01,P-GRN,SUP-STL3,Keystone Alloy Supply,Steel & Metal,Direct Materials,USA,Transactional,False,False,158245,84.09,0.9886,0.9582,1.166,151627.38,156435.02,-4807.64,32886.54
2023-05-01,P-GRN,SUP-ELE1,Shenzhen Circuit Works,Electrical/Electronic,Direct Materials,China,Strategic,False,True,162391,105.94,2.3684,2.3343,2.2195,379068.45,384603.35,-5534.9,-18639.95
2023-05-01,P-GRN,SUP-ELE2,Lone Star Connectors,Electrical/Electronic,Direct Materials,USA,Preferred,False,True,86395,105.94,2.3684,2.3932,2.3,206764.61,204616.82,2147.79,-8054.45
2023-05-01,P-GRN,SUP-ELE3,Vertex Components,Electrical/Electronic,Direct Materials,USA,Transactional,False,False,39997,105.94,2.3684,2.5847,2.438,103382.3,94728.68,8653.62,-5868.5
2023-05-01,P-GRN,SUP-RES1,Gulf Coast Polymers,Plastic Resin,Direct Materials,USA,Strategic,False,True,291092,93.9,0.8562,0.7695,0.8202,223994.99,249238.65,-25243.66,14773.32
2023-05-01,P-GRN,SUP-RES2,Pacific Resin Traders,Plastic Resin,Direct Materials,Taiwan,Preferred,False,True,149589,93.9,0.8562,0.8063,0.85,120612.69,128081.12,-7468.43,6538.11
2023-06-01,P-GRN,SUP-STL1,Great Lakes Steel Co.,Steel & Metal,Direct Materials,USA,Strategic,False,True,850619,82.38,0.9886,0.883,1.0615,751088.35,840889.05,-89800.71,151844.18
2023-06-01,P-GRN,SUP-STL2,Rio Grande Metals,Steel & Metal,Direct Materials,Mexico,Preferred,False,True,389250,82.38,0.9886,0.9005,1.1,350507.89,384798.01,-34290.11,77667.89
2023-06-01,P-GRN,SUP-STL3,Keystone Alloy Supply,Steel & Metal,Direct Materials,USA,Transactional,False,False,152635,82.38,0.9886,0.9842,1.166,150217.67,150889.53,-671.86,27755.38
2023-06-01,P-GRN,SUP-ELE1,Shenzhen Circuit Works,Electrical/Electronic,Direct Materials,China,Strategic,False,True,160158,106.23,2.3684,2.3448,2.2195,375544.17,379313.44,-3769.27,-20073.08
2023-06-01,P-GRN,SUP-ELE2,Lone Star Connectors,Electrical/Electronic,Direct Materials,USA,Preferred,False,True,82745,106.23,2.3684,2.4756,2.3,204842.28,195972.67,8869.61,-14526.74
2023-06-01,P-GRN,SUP-ELE3,Vertex Components,Electrical/Electronic,Direct Materials,USA,Transactional,False,False,40141,106.23,2.3684,2.5515,2.438,102421.14,95069.13,7352.01,-4556.88
2023-06-01,P-GRN,SUP-RES1,Gulf Coast Polymers,Plastic Resin,Direct Materials,USA,Strategic,False,True,293536,92.1,0.8562,0.756,0.8202,221912.47,251331.97,-29419.51,18861.23
2023-06-01,P-GRN,SUP-RES2,Pacific Resin Traders,Plastic Resin,Direct Materials,Taiwan,Preferred,False,True,152545,92.1,0.8562,0.7833,0.85,119491.33,130612.42,-11121.09,10172.39
2023-07-01,P-GRN,SUP-STL1,Great Lakes Steel Co.,Steel & Metal,Direct Materials,USA,Strategic,False,True,918355,79.16,0.9886,0.8328,1.0615,764834.37,907850.15,-143015.78,209999.86
2023-07-01,P-GRN,SUP-STL2,Rio Grande Metals,Steel & Metal,Direct Materials,Mexico,Preferred,False,True,405888,79.16,0.9886,0.8794,1.1,356922.7,401245.91,-44323.2,89555.13
2023-07-01,P-GRN,SUP-STL3,Keystone Alloy Supply,Steel & Metal,Direct Materials,USA,Transactional,False,False,165128,79.16,0.9886,0.9263,1.166,152966.87,163239.92,-10273.05,39573.38
2023-07-01,P-GRN,SUP-ELE1,Shenzhen Circuit Works,Electrical/Electronic,Direct Materials,China,Strategic,False,True,161402,106.5,2.3684,2.3693,2.2195,382417.18,382260.74,156.44,-24184.04
2023-07-01,P-GRN,SUP-ELE2,Lone Star Connectors,Electrical/Electronic,Direct Materials,USA,Preferred,False,True,84243,106.5,2.3684,2.476,2.3,208591.19,199520.65,9070.54,-14830.09
2023-07-01,P-GRN,SUP-ELE3,Vertex Components,Electrical/Electronic,Direct Materials,USA,Transactional,False,False,40397,106.5,2.3684,2.5817,2.438,104295.6,95676.78,8618.82,-5805.82
2023-07-01,P-GRN,SUP-RES1,Gulf Coast Polymers,Plastic Resin,Direct Materials,USA,Strategic,False,True,315147,88.92,0.8562,0.717,0.8202,225973.79,269835.55,-43861.76,32526.16
2023-07-01,P-GRN,SUP-RES2,Pacific Resin Traders,Plastic Resin,Direct Materials,Taiwan,Preferred,False,True,175095,88.92,0.8562,0.6949,0.85,121678.19,149920.13,-28241.94,27152.99
2023-08-01,P-GRN,SUP-STL1,Great Lakes Steel Co.,Steel & Metal,Direct Materials,USA,Strategic,False,True,1013827,78.26,0.9886,0.8495,1.0615,861284.31,1002229.96,-140945.65,214893.37
2023-08-01,P-GRN,SUP-STL2,Rio Grande Metals,Steel & Metal,Direct Materials,Mexico,Preferred,False,True,464068,78.26,0.9886,0.8661,1.1,401932.68,458760.17,-56827.49,108542.92
2023-08-01,P-GRN,SUP-STL3,Keystone Alloy Supply,Steel & Metal,Direct Materials,USA,Transactional,False,False,194166,78.26,0.9886,0.8872,1.166,172256.86,191945.08,-19688.22,54140.91
2023-08-01,P-GRN,SUP-ELE1,Shenzhen Circuit Works,Electrical/Electronic,Direct Materials,China,Strategic,False,True,177642,106.71,2.3684,2.4242,2.2195,430642.15,420723.89,9918.27,-36363.53
2023-08-01,P-GRN,SUP-ELE2,Lone Star Connectors,Electrical/Electronic,Direct Materials,USA,Preferred,False,True,96433,106.71,2.3684,2.4358,2.3,234895.72,228388.87,6506.85,-13099.74
2023-08-01,P-GRN,SUP-ELE3,Vertex Components,Electrical/Electronic,Direct Materials,USA,Transactional,False,False,45241,106.71,2.3684,2.596,2.438,117447.86,107148.38,10299.48,-7149.2
2023-08-01,P-GRN,SUP-RES1,Gulf Coast Polymers,Plastic Resin,Direct Materials,USA,Strategic,False,True,351260,87.9,0.8562,0.7244,0.8202,254470.36,300755.72,-46285.35,33650.82
2023-08-01,P-GRN,SUP-RES2,Pacific Resin Traders,Plastic Resin,Direct Materials,Taiwan,Preferred,False,True,192961,87.9,0.8562,0.7101,0.85,137022.5,165217.52,-28195.02,26994.96
2023-09-01,P-GRN,SUP-STL1,Great Lakes Steel Co.,Steel & Metal,Direct Materials,USA,Strategic,False,True,1028092,76.46,0.9886,0.818,1.0615,840984.29,1016331.6,-175347.31,250335.49
2023-09-01,P-GRN,SUP-STL2,Rio Grande Metals,Steel & Metal,Direct Materials,Mexico,Preferred,False,True,461399,76.46,0.9886,0.8506,1.1,392459.33,456121.83,-63662.5,115080.51
2023-09-01,P-GRN,SUP-STL3,Keystone Alloy Supply,Steel & Metal,Direct Materials,USA,Transactional,False,False,192260,76.46,0.9886,0.8748,1.166,168196.86,190060.73,-21863.88,55978.34
2023-09-01,P-GRN,SUP-ELE1,Shenzhen Circuit Works,Electrical/Electronic,Direct Materials,China,Strategic,False,True,174780,106.84,2.3684,2.4058,2.2195,420492.14,413944.49,6547.65,-32566.79
2023-09-01,P-GRN,SUP-ELE2,Lone Star Connectors,Electrical/Electronic,Direct Materials,USA,Preferred,False,True,97903,106.84,2.3684,2.3427,2.3,229359.35,231871.34,-2511.99,-4181.43
2023-09-01,P-GRN,SUP-ELE3,Vertex Components,Electrical/Electronic,Direct Materials,USA,Transactional,False,False,44261,106.84,2.3684,2.591,2.438,114679.68,104826.66,9853.02,-6771.0
2023-09-01,P-GRN,SUP-RES1,Gulf Coast Polymers,Plastic Resin,Direct Materials,USA,Strategic,False,True,353703,87.79,0.8562,0.7025,0.8202,248472.63,302847.45,-54374.82,41652.42
2023-09-01,P-GRN,SUP-RES2,Pacific Resin Traders,Plastic Resin,Direct Materials,Taiwan,Preferred,False,True,192031,87.79,0.8562,0.6967,0.85,133792.95,164421.31,-30628.36,29434.08
2023-10-01,P-GRN,SUP-STL1,Great Lakes Steel Co.,Steel & Metal,Direct Materials,USA,Strategic,False,True,1104424,74.84,0.9886,0.8078,1.0615,892139.15,1091791.08,-199651.93,280207.75
2023-10-01,P-GRN,SUP-STL2,Rio Grande Metals,Steel & Metal,Direct Materials,Mexico,Preferred,False,True,510390,74.84,0.9886,0.8157,1.1,416331.6,504551.73,-88220.13,145097.58
2023-10-01,P-GRN,SUP-STL3,Keystone Alloy Supply,Steel & Metal,Direct Materials,USA,Transactional,False,False,201948,74.84,0.9886,0.8835,1.166,178427.83,199638.55,-21210.71,57044.32
2023-10-01,P-GRN,SUP-ELE1,Shenzhen Circuit Works,Electrical/Electronic,Direct Materials,China,Strategic,False,True,194716,106.94,2.3684,2.2909,2.2195,446069.58,461159.1,-15089.53,-13897.36
2023-10-01,P-GRN,SUP-ELE2,Lone Star Connectors,Electrical/Electronic,Direct Materials,USA,Preferred,False,True,99181,106.94,2.3684,2.4532,2.3,243310.68,234897.42,8413.26,-15194.03
2023-10-01,P-GRN,SUP-ELE3,Vertex Components,Electrical/Electronic,Direct Materials,USA,Transactional,False,False,45670,106.94,2.3684,2.6638,2.438,121655.34,108164.06,13491.28,-10311.14
2023-10-01,P-GRN,SUP-RES1,Gulf Coast Polymers,Plastic Resin,Direct Materials,USA,Strategic,False,True,364477,87.39,0.8562,0.7232,0.8202,263586.57,312072.66,-48486.09,35376.14
2023-10-01,P-GRN,SUP-RES2,Pacific Resin Traders,Plastic Resin,Direct Materials,Taiwan,Preferred,False,True,204304,87.39,0.8562,0.6947,0.85,141931.23,174929.07,-32997.84,31727.24
2023-11-01,P-GRN,SUP-STL1,Great Lakes Steel Co.,Steel & Metal,Direct Materials,USA,Strategic,False,True,1138367,74.3,0.9886,0.7894,1.0615,898638.23,1125345.37,-226707.14,309738.7
2023-11-01,P-GRN,SUP-STL2,Rio Grande Metals,Steel & Metal,Direct Materials,Mexico,Preferred,False,True,521043,74.3,0.9886,0.8049,1.1,419364.51,515082.91,-95718.4,153783.02
2023-11-01,P-GRN,SUP-STL3,Keystone Alloy Supply,Steel & Metal,Direct Materials,USA,Transactional,False,False,207208,74.3,0.9886,0.8674,1.166,179727.65,204838.48,-25110.84,61877.79
2023-11-01,P-GRN,SUP-ELE1,Shenzhen Circuit Works,Electrical/Electronic,Direct Materials,China,Strategic,False,True,189740,107.13,2.3684,2.3681,2.2195,449319.11,449374.31,-55.2,-28190.94
2023-11-01,P-GRN,SUP-ELE2,Lone Star Connectors,Electrical/Electronic,Direct Materials,USA,Preferred,False,True,99077,107.13,2.3684,2.4737,2.3,245083.15,234650.81,10432.34,-17205.99
2023-11-01,P-GRN,SUP-ELE3,Vertex Components,Electrical/Electronic,Direct Materials,USA,Transactional,False,False,47451,107.13,2.3684,2.5824,2.438,122541.58,112383.43,10158.15,-6853.96
2023-11-01,P-GRN,SUP-RES1,Gulf Coast Polymers,Plastic Resin,Direct Materials,USA,Strategic,False,True,364589,87.53,0.8562,0.7282,0.8202,265506.75,312168.13,-46661.38,33547.42
2023-11-01,P-GRN,SUP-RES2,Pacific Resin Traders,Plastic Resin,Direct Materials,Taiwan,Preferred,False,True,204417,87.53,0.8562,0.6994,0.85,142965.17,175026.08,-32060.91,30789.6
2023-12-01,P-GRN,SUP-STL1,Great Lakes Steel Co.,Steel & Metal,Direct Materials,USA,Strategic,False,True,1100459,76.88,0.9886,0.8291,1.0615,912342.4,1087871.53,-175529.13,255795.75
2023-12-01,P-GRN,SUP-STL2,Rio Grande Metals,Steel & Metal,Direct Materials,Mexico,Preferred,False,True,502262,76.88,0.9886,0.8477,1.1,425759.79,496516.65,-70756.87,126728.54
2023-12-01,P-GRN,SUP-STL3,Keystone Alloy Supply,Steel & Metal,Direct Materials,USA,Transactional,False,False,207849,76.88,0.9886,0.8779,1.166,182468.48,205471.78,-23003.3,59883.92
2023-12-01,P-GRN,SUP-ELE1,Shenzhen Circuit Works,Electrical/Electronic,Direct Materials,China,Strategic,False,True,196429,107.13,2.3684,2.3223,2.2195,456171.2,465216.54,-9045.34,-20196.58
2023-12-01,P-GRN,SUP-ELE2,Lone Star Connectors,Electrical/Electronic,Direct Materials,USA,Preferred,False,True,99021,107.13,2.3684,2.5128,2.3,248820.66,234518.58,14302.07,-21071.9
2023-12-01,P-GRN,SUP-ELE3,Vertex Components,Electrical/Electronic,Direct Materials,USA,Transactional,False,False,46544,107.13,2.3684,2.6729,2.438,124410.33,110235.26,14175.06,-10934.03
2023-12-01,P-GRN,SUP-RES1,Gulf Coast Polymers,Plastic Resin,Direct Materials,USA,Strategic,False,True,378478,87.19,0.8562,0.7122,0.8202,269555.71,324060.29,-54504.58,40891.04
2023-12-01,P-GRN,SUP-RES2,Pacific Resin Traders,Plastic Resin,Direct Materials,Taiwan,Preferred,False,True,211322,87.19,0.8562,0.6868,0.85,145145.38,180938.33,-35792.95,34478.7
2024-01-01,P-GRN,SUP-STL1,Great Lakes Steel Co.,Steel & Metal,Direct Materials,USA,Strategic,False,True,985673,79.92,0.8653,0.8563,0.8111,843991.61,852908.98,-8917.37,-44519.62
2024-01-01,P-GRN,SUP-STL2,Rio Grande Metals,Steel & Metal,Direct Materials,Mexico,Preferred,False,True,451516,79.92,0.8653,0.8723,0.8405,393862.75,390699.95,3162.8,-14358.53
2024-01-01,P-GRN,SUP-STL3,Keystone Alloy Supply,Steel & Metal,Direct Materials,USA,Transactional,False,False,182742,79.92,0.8653,0.9237,0.8909,168798.32,158128.21,10670.11,-5985.55
2024-01-01,P-GRN,SUP-ELE1,Shenzhen Circuit Works,Electrical/Electronic,Direct Materials,China,Strategic,False,True,173549,108.33,2.4509,2.4316,2.3573,421995.8,425356.77,-3360.97,-12881.12
2024-01-01,P-GRN,SUP-ELE2,Lone Star Connectors,Electrical/Electronic,Direct Materials,USA,Preferred,False,True,94445,108.33,2.4509,2.4372,2.4428,230179.53,231477.59,-1298.06,534.16
2024-01-01,P-GRN,SUP-ELE3,Vertex Components,Electrical/Electronic,Direct Materials,USA,Transactional,False,False,43753,108.33,2.4509,2.6304,2.5894,115089.76,107237.32,7852.45,-1793.34
2024-01-01,P-GRN,SUP-RES1,Gulf Coast Polymers,Plastic Resin,Direct Materials,USA,Strategic,False,True,349864,86.16,0.7681,0.7127,0.743,249361.16,268714.24,-19353.08,10581.82
2024-01-01,P-GRN,SUP-RES2,Pacific Resin Traders,Plastic Resin,Direct Materials,Taiwan,Preferred,False,True,195927,86.16,0.7681,0.6853,0.7699,134271.39,150482.35,-16210.96,16578.73
2024-02-01,P-GRN,SUP-STL1,Great Lakes Steel Co.,Steel & Metal,Direct Materials,USA,Strategic,False,True,984139,81.42,0.8653,0.8694,0.8111,855629.7,851581.37,4048.33,-57402.14
2024-02-01,P-GRN,SUP-STL2,Rio Grande Metals,Steel & Metal,Direct Materials,Mexico,Preferred,False,True,446482,81.42,0.8653,0.8943,0.8405,399293.86,386343.85,12950.01,-24020.91
2024-02-01,P-GRN,SUP-STL3,Keystone Alloy Supply,Steel & Metal,Direct Materials,USA,Transactional,False,False,180083,81.42,0.8653,0.9503,0.8909,171125.94,155827.4,15298.55,-10682.14
2024-02-01,P-GRN,SUP-ELE1,Shenzhen Circuit Works,Electrical/Electronic,Direct Materials,China,Strategic,False,True,175114,108.62,2.4509,2.4431,2.3573,427814.85,429191.3,-1376.45,-15012.06
2024-02-01,P-GRN,SUP-ELE2,Lone Star Connectors,Electrical/Electronic,Direct Materials,USA,Preferred,False,True,91538,108.62,2.4509,2.5492,2.4428,233353.56,224353.6,8999.95,-9740.35
2024-02-01,P-GRN,SUP-ELE3,Vertex Components,Electrical/Electronic,Direct Materials,USA,Transactional,False,False,44681,108.62,2.4509,2.6113,2.5894,116676.78,109510.88,7165.89,-978.32
2024-02-01,P-GRN,SUP-RES1,Gulf Coast Polymers,Plastic Resin,Direct Materials,USA,Strategic,False,True,359075,88.01,0.7681,0.704,0.743,252799.68,275789.04,-22989.35,13987.16
2024-02-01,P-GRN,SUP-RES2,Pacific Resin Traders,Plastic Resin,Direct Materials,Taiwan,Preferred,False,True,195722,88.01,0.7681,0.6955,0.7699,136122.91,150325.48,-14202.58,14569.97
2024-03-01,P-GRN,SUP-STL1,Great Lakes Steel Co.,Steel & Metal,Direct Materials,USA,Strategic,False,True,1001881,75.85,0.8653,0.8059,0.8111,807444.01,866933.87,-59489.85,5174.17
2024-03-01,P-GRN,SUP-STL2,Rio Grande Metals,Steel & Metal,Direct Materials,Mexico,Preferred,False,True,450827,75.85,0.8653,0.8358,0.8405,376807.21,390103.69,-13296.48,2117.84
2024-03-01,P-GRN,SUP-STL3,Keystone Alloy Supply,Steel & Metal,Direct Materials,USA,Transactional,False,False,179699,75.85,0.8653,0.8987,0.8909,161488.8,155494.89,5993.91,-1387.36
2024-03-01,P-GRN,SUP-ELE1,Shenzhen Circuit Works,Electrical/Electronic,Direct Materials,China,Strategic,False,True,170111,108.82,2.4509,2.3733,2.3573,403722.01,416929.79,-13207.78,-2712.52
2024-03-01,P-GRN,SUP-ELE2,Lone Star Connectors,Electrical/Electronic,Direct Materials,USA,Preferred,False,True,87519,108.82,2.4509,2.5161,2.4428,220212.0,214503.07,5708.93,-6416.82
2024-03-01,P-GRN,SUP-ELE3,Vertex Components,Electrical/Electronic,Direct Materials,USA,Transactional,False,False,41250,108.82,2.4509,2.6692,2.5894,110106.0,101102.01,9003.99,-3291.54
2024-03-01,P-GRN,SUP-RES1,Gulf Coast Polymers,Plastic Resin,Direct Materials,USA,Strategic,False,True,336205,87.18,0.7681,0.7096,0.743,238563.0,258223.55,-19660.55,11231.72
2024-03-01,P-GRN,SUP-RES2,Pacific Resin Traders,Plastic Resin,Direct Materials,Taiwan,Preferred,False,True,187582,87.18,0.7681,0.6848,0.7699,128457.0,144073.28,-15616.28,15968.39
2024-04-01,P-GRN,SUP-STL1,Great Lakes Steel Co.,Steel & Metal,Direct Materials,USA,Strategic,False,True,1015179,74.19,0.8653,0.7735,0.8111,785272.96,878440.94,-93167.98,38131.34
2024-04-01,P-GRN,SUP-STL2,Rio Grande Metals,Steel & Metal,Direct Materials,Mexico,Preferred,False,True,438917,74.19,0.8653,0.8349,0.8405,366460.71,379797.87,-13337.16,2453.83
2024-04-01,P-GRN,SUP-STL3,Keystone Alloy Supply,Steel & Metal,Direct Materials,USA,Transactional,False,False,183343,74.19,0.8653,0.8566,0.8909,157054.59,158647.91,-1593.32,6293.28
2024-04-01,P-GRN,SUP-ELE1,Shenzhen Circuit Works,Electrical/Electronic,Direct Materials,China,Strategic,False,True,157929,108.92,2.4509,2.4862,2.3573,392636.48,387071.75,5564.73,-20344.92
2024-04-01,P-GRN,SUP-ELE2,Lone Star Connectors,Electrical/Electronic,Direct Materials,USA,Preferred,False,True,87442,108.92,2.4509,2.4492,2.4428,214165.35,214313.95,-148.59,-558.67
2024-04-01,P-GRN,SUP-ELE3,Vertex Components,Electrical/Electronic,Direct Materials,USA,Transactional,False,False,40712,108.92,2.4509,2.6302,2.5894,107082.68,99781.81,7300.87,-1663.01
2024-04-01,P-GRN,SUP-RES1,Gulf Coast Polymers,Plastic Resin,Direct Materials,USA,Strategic,False,True,307414,88.1,0.7681,0.7547,0.743,232012.47,236110.56,-4098.1,-3608.93
2024-04-01,P-GRN,SUP-RES2,Pacific Resin Traders,Plastic Resin,Direct Materials,Taiwan,Preferred,False,True,181934,88.1,0.7681,0.6867,0.7699,124929.79,139735.54,-14805.75,15147.26
2024-05-01,P-GRN,SUP-STL1,Great Lakes Steel Co.,Steel & Metal,Direct Materials,USA,Strategic,False,True,947286,74.2,0.8653,0.7906,0.8111,748966.91,819692.21,-70725.3,19369.43
2024-05-01,P-GRN,SUP-STL2,Rio Grande Metals,Steel & Metal,Direct Materials,Mexico,Preferred,False,True,421977,74.2,0.8653,0.8283,0.8405,349517.89,365139.84,-15621.95,5158.66
2024-05-01,P-GRN,SUP-STL3,Keystone Alloy Supply,Steel & Metal,Direct Materials,USA,Transactional,False,False,172895,74.2,0.8653,0.8664,0.8909,149793.38,149607.73,185.65,4246.49
2024-05-01,P-GRN,SUP-ELE1,Shenzhen Circuit Works,Electrical/Electronic,Direct Materials,China,Strategic,False,True,156388,109.06,2.4509,2.3946,2.3573,374483.46,383296.46,-8813.0,-5823.03
2024-05-01,P-GRN,SUP-ELE2,Lone Star Connectors,Electrical/Electronic,Direct Materials,USA,Preferred,False,True,81899,109.06,2.4509,2.4941,2.4428,204263.7,200730.07,3533.63,-4196.07
2024-05-01,P-GRN,SUP-ELE3,Vertex Components,Electrical/Electronic,Direct Materials,USA,Transactional,False,False,39522,109.06,2.4509,2.5842,2.5894,102131.85,96865.8,5266.05,207.05
2024-05-01,P-GRN,SUP-RES1,Gulf Coast Polymers,Plastic Resin,Direct Materials,USA,Strategic,False,True,305651,88.0,0.7681,0.724,0.743,221285.68,234756.75,-13471.07,5808.24
2024-05-01,P-GRN,SUP-RES2,Pacific Resin Traders,Plastic Resin,Direct Materials,Taiwan,Preferred,False,True,168094,88.0,0.7681,0.7089,0.7699,119153.83,129105.2,-9951.37,10266.9
2024-06-01,P-GRN,SUP-STL1,Great Lakes Steel Co.,Steel & Metal,Direct Materials,USA,Strategic,False,True,1136694,72.89,0.8653,0.7665,0.8111,871244.97,983588.35,-112343.38,50718.99
2024-06-01,P-GRN,SUP-STL2,Rio Grande Metals,Steel & Metal,Direct Materials,Mexico,Preferred,False,True,512047,72.89,0.8653,0.794,0.8405,406580.99,443077.72,-36496.73,23800.09
2024-06-01,P-GRN,SUP-STL3,Keystone Alloy Supply,Steel & Metal,Direct Materials,USA,Transactional,False,False,203515,72.89,0.8653,0.8562,0.8909,174248.99,176103.2,-1854.21,7071.28
2024-06-01,P-GRN,SUP-ELE1,Shenzhen Circuit Works,Electrical/Electronic,Direct Materials,China,Strategic,False,True,181366,109.24,2.4509,2.4019,2.3573,435622.48,444514.11,-8891.62,-8081.98
2024-06-01,P-GRN,SUP-ELE2,Lone Star Connectors,Electrical/Electronic,Direct Materials,USA,Preferred,False,True,95157,109.24,2.4509,2.497,2.4428,237612.26,233224.18,4388.08,-5157.75
2024-06-01,P-GRN,SUP-ELE3,Vertex Components,Electrical/Electronic,Direct Materials,USA,Transactional,False,False,45247,109.24,2.4509,2.6257,2.5894,118806.13,110896.78,7909.35,-1643.48
2024-06-01,P-GRN,SUP-RES1,Gulf Coast Polymers,Plastic Resin,Direct Materials,USA,Strategic,False,True,357149,87.8,0.7681,0.7207,0.743,257413.29,274309.36,-16896.07,7942.18
2024-06-01,P-GRN,SUP-RES2,Pacific Resin Traders,Plastic Resin,Direct Materials,Taiwan,Preferred,False,True,200338,87.8,0.7681,0.6919,0.7699,138607.15,153870.82,-15263.66,15639.72
2024-07-01,P-GRN,SUP-STL1,Great Lakes Steel Co.,Steel & Metal,Direct Materials,USA,Strategic,False,True,1164277,71.16,0.8653,0.7498,0.8111,873024.14,1007455.7,-134431.56,71311.81
2024-07-01,P-GRN,SUP-STL2,Rio Grande Metals,Steel & Metal,Direct Materials,Mexico,Preferred,False,True,525020,71.16,0.8653,0.776,0.8405,407411.27,454303.32,-46892.06,33873.74
2024-07-01,P-GRN,SUP-STL3,Keystone Alloy Supply,Steel & Metal,Direct Materials,USA,Transactional,False,False,211005,71.16,0.8653,0.8275,0.8909,174604.83,182584.22,-7979.4,13388.47
2024-07-01,P-GRN,SUP-ELE1,Shenzhen Circuit Works,Electrical/Electronic,Direct Materials,China,Strategic,False,True,182127,109.09,2.4509,2.3967,2.3573,436512.07,446380.21,-9868.14,-7176.72
2024-07-01,P-GRN,SUP-ELE2,Lone Star Connectors,Electrical/Electronic,Direct Materials,USA,Preferred,False,True,96008,109.09,2.4509,2.48,2.4428,238097.49,235308.4,2789.09,-3565.64
2024-07-01,P-GRN,SUP-ELE3,Vertex Components,Electrical/Electronic,Direct Materials,USA,Transactional,False,False,44165,109.09,2.4509,2.6955,2.5894,119048.75,108245.61,10803.13,-4687.05
2024-07-01,P-GRN,SUP-RES1,Gulf Coast Polymers,Plastic Resin,Direct Materials,USA,Strategic,False,True,360813,89.17,0.7681,0.7149,0.743,257938.95,277124.12,-19185.17,10139.39
2024-07-01,P-GRN,SUP-RES2,Pacific Resin Traders,Plastic Resin,Direct Materials,Taiwan,Preferred,False,True,197551,89.17,0.7681,0.7031,0.7699,138890.2,151729.97,-12839.77,13210.59
2024-08-01,P-GRN,SUP-STL1,Great Lakes Steel Co.,Steel & Metal,Direct Materials,USA,Strategic,False,True,1173363,69.78,0.8653,0.7561,0.8111,887180.49,1015318.66,-128138.17,64525.79
2024-08-01,P-GRN,SUP-STL2,Rio Grande Metals,Steel & Metal,Direct Materials,Mexico,Preferred,False,True,539359,69.78,0.8653,0.7676,0.8405,414017.56,466711.19,-52693.63,39319.75
2024-08-01,P-GRN,SUP-STL3,Keystone Alloy Supply,Steel & Metal,Direct Materials,USA,Transactional,False,False,217434,69.78,0.8653,0.816,0.8909,177436.1,188147.53,-10711.43,16285.32
2024-08-01,P-GRN,SUP-ELE1,Shenzhen Circuit Works,Electrical/Electronic,Direct Materials,China,Strategic,False,True,185574,109.17,2.4509,2.3904,2.3573,443590.25,454827.44,-11237.19,-6130.22
2024-08-01,P-GRN,SUP-ELE2,Lone Star Connectors,Electrical/Electronic,Direct Materials,USA,Preferred,False,True,96275,109.17,2.4509,2.5132,2.4428,241958.32,235963.17,5995.15,-6773.85
2024-08-01,P-GRN,SUP-ELE3,Vertex Components,Electrical/Electronic,Direct Materials,USA,Transactional,False,False,45280,109.17,2.4509,2.6718,2.5894,120979.16,110979.56,9999.6,-3729.05
2024-08-01,P-GRN,SUP-RES1,Gulf Coast Polymers,Plastic Resin,Direct Materials,USA,Strategic,False,True,363299,88.89,0.7681,0.7215,0.743,262121.51,279033.14,-16911.63,7803.55
2024-08-01,P-GRN,SUP-RES2,Pacific Resin Traders,Plastic Resin,Direct Materials,Taiwan,Preferred,False,True,201346,88.89,0.7681,0.701,0.7699,141142.35,154645.02,-13502.67,13880.61
2024-09-01,P-GRN,SUP-STL1,Great Lakes Steel Co.,Steel & Metal,Direct Materials,USA,Strategic,False,True,1212887,68.85,0.8653,0.7383,0.8111,895520.73,1049518.65,-153997.92,88242.82
2024-09-01,P-GRN,SUP-STL2,Rio Grande Metals,Steel & Metal,Direct Materials,Mexico,Preferred,False,True,551177,68.85,0.8653,0.7582,0.8405,417909.67,476937.08,-59027.41,45360.5
2024-09-01,P-GRN,SUP-STL3,Keystone Alloy Supply,Steel & Metal,Direct Materials,USA,Transactional,False,False,225200,68.85,0.8653,0.7953,0.8909,179104.15,194867.38,-15763.24,21536.2
2024-09-01,P-GRN,SUP-ELE1,Shenzhen Circuit Works,Electrical/Electronic,Direct Materials,China,Strategic,False,True,182409,109.39,2.4509,2.4547,2.3573,447760.36,447071.08,689.29,-17760.52
2024-09-01,P-GRN,SUP-ELE2,Lone Star Connectors,Electrical/Electronic,Direct Materials,USA,Preferred,False,True,98109,109.39,2.4509,2.4894,2.4428,244232.93,240459.19,3773.73,-4567.28
2024-09-01,P-GRN,SUP-ELE3,Vertex Components,Electrical/Electronic,Direct Materials,USA,Transactional,False,False,45594,109.39,2.4509,2.6783,2.5894,122116.46,111749.57,10366.9,-4052.84
2024-09-01,P-GRN,SUP-RES1,Gulf Coast Polymers,Plastic Resin,Direct Materials,USA,Strategic,False,True,372166,86.67,0.7681,0.7109,0.743,264585.67,285843.43,-21257.76,11927.38
2024-09-01,P-GRN,SUP-RES2,Pacific Resin Traders,Plastic Resin,Direct Materials,Taiwan,Preferred,False,True,205528,86.67,0.7681,0.6932,0.7699,142469.21,157856.62,-15387.41,15773.21
2024-10-01,P-GRN,SUP-STL1,Great Lakes Steel Co.,Steel & Metal,Direct Materials,USA,Strategic,False,True,1280361,69.49,0.8653,0.7512,0.8111,961775.12,1107904.23,-146129.11,76716.0
2024-10-01,P-GRN,SUP-STL2,Rio Grande Metals,Steel & Metal,Direct Materials,Mexico,Preferred,False,True,578538,69.49,0.8653,0.7758,0.8405,448828.39,500612.53,-51784.14,37438.8
2024-10-01,P-GRN,SUP-STL3,Keystone Alloy Supply,Steel & Metal,Direct Materials,USA,Transactional,False,False,233975,69.49,0.8653,0.8221,0.8909,192355.02,202460.33,-10105.3,16103.21
2024-10-01,P-GRN,SUP-ELE1,Shenzhen Circuit Works,Electrical/Electronic,Direct Materials,China,Strategic,False,True,195071,109.56,2.4509,2.4652,2.3573,480887.56,478104.54,2783.02,-21039.26
2024-10-01,P-GRN,SUP-ELE2,Lone Star Connectors,Electrical/Electronic,Direct Materials,USA,Preferred,False,True,105159,109.56,2.4509,2.4943,2.4428,262302.31,257738.14,4564.16,-5414.73
2024-10-01,P-GRN,SUP-ELE3,Vertex Components,Electrical/Electronic,Direct Materials,USA,Transactional,False,False,48197,109.56,2.4509,2.7211,2.5894,131151.15,118128.96,13022.2,-6347.69
2024-10-01,P-GRN,SUP-RES1,Gulf Coast Polymers,Plastic Resin,Direct Materials,USA,Strategic,False,True,396118,87.75,0.7681,0.7174,0.743,284160.83,304239.85,-20079.02,10148.15
2024-10-01,P-GRN,SUP-RES2,Pacific Resin Traders,Plastic Resin,Direct Materials,Taiwan,Preferred,False,True,219383,87.75,0.7681,0.6975,0.7699,153009.68,168498.41,-15488.73,15900.53
2024-11-01,P-GRN,SUP-STL1,Great Lakes Steel Co.,Steel & Metal,Direct Materials,USA,Strategic,False,True,1260237,70.36,0.8653,0.7446,0.8111,938434.65,1090490.55,-152055.91,83733.81
2024-11-01,P-GRN,SUP-STL2,Rio Grande Metals,Steel & Metal,Direct Materials,Mexico,Preferred,False,True,554048,70.36,0.8653,0.7904,0.8405,437936.17,479421.4,-41485.23,27747.14
2024-11-01,P-GRN,SUP-STL3,Keystone Alloy Supply,Steel & Metal,Direct Materials,USA,Transactional,False,False,227785,70.36,0.8653,0.824,0.8909,187686.93,197104.53,-9417.6,15256.84
2024-11-01,P-GRN,SUP-ELE1,Shenzhen Circuit Works,Electrical/Electronic,Direct Materials,China,Strategic,False,True,192220,110.08,2.4509,2.441,2.3573,469217.32,471117.94,-1900.62,-16088.84
2024-11-01,P-GRN,SUP-ELE2,Lone Star Connectors,Electrical/Electronic,Direct Materials,USA,Preferred,False,True,103621,110.08,2.4509,2.4699,2.4428,255936.72,253966.86,1969.86,-2807.99
2024-11-01,P-GRN,SUP-ELE3,Vertex Components,Electrical/Electronic,Direct Materials,USA,Transactional,False,False,48094,110.08,2.4509,2.6607,2.5894,127968.36,117876.86,10091.5,-3431.24
2024-11-01,P-GRN,SUP-RES1,Gulf Coast Polymers,Plastic Resin,Direct Materials,USA,Strategic,False,True,385056,87.13,0.7681,0.7201,0.743,277264.78,295743.85,-18479.07,8825.52
2024-11-01,P-GRN,SUP-RES2,Pacific Resin Traders,Plastic Resin,Direct Materials,Taiwan,Preferred,False,True,222045,87.13,0.7681,0.6724,0.7699,149296.42,170543.06,-21246.64,21663.44
2024-12-01,P-GRN,SUP-STL1,Great Lakes Steel Co.,Steel & Metal,Direct Materials,USA,Strategic,False,True,1315252,68.07,0.8653,0.7003,0.8111,921039.28,1138095.82,-217056.54,145751.85
2024-12-01,P-GRN,SUP-STL2,Rio Grande Metals,Steel & Metal,Direct Materials,Mexico,Preferred,False,True,571100,68.07,0.8653,0.7526,0.8405,429818.33,494176.98,-64358.65,50197.73
2024-12-01,P-GRN,SUP-STL3,Keystone Alloy Supply,Steel & Metal,Direct Materials,USA,Transactional,False,False,230291,68.07,0.8653,0.7999,0.8909,184207.86,199272.75,-15064.9,20968.37
2024-12-01,P-GRN,SUP-ELE1,Shenzhen Circuit Works,Electrical/Electronic,Direct Materials,China,Strategic,False,True,190821,110.15,2.4509,2.4134,2.3573,460519.64,467686.9,-7167.26,-10691.19
2024-12-01,P-GRN,SUP-ELE2,Lone Star Connectors,Electrical/Electronic,Direct Materials,USA,Preferred,False,True,100751,110.15,2.4509,2.4932,2.4428,251192.53,246934.15,4258.38,-5073.3
2024-12-01,P-GRN,SUP-ELE3,Vertex Components,Electrical/Electronic,Direct Materials,USA,Transactional,False,False,46483,110.15,2.4509,2.702,2.5894,125596.26,113927.1,11669.17,-5232.07
2024-12-01,P-GRN,SUP-RES1,Gulf Coast Polymers,Plastic Resin,Direct Materials,USA,Strategic,False,True,390315,86.61,0.7681,0.6972,0.743,272125.24,299782.83,-27657.59,17872.2
2024-12-01,P-GRN,SUP-RES2,Pacific Resin Traders,Plastic Resin,Direct Materials,Taiwan,Preferred,False,True,215198,86.61,0.7681,0.6809,0.7699,146528.98,165283.75,-18754.77,19158.72
2022-01-01,P-FRS,SUP-RES1,Gulf Coast Polymers,Plastic Resin,Direct Materials,USA,Strategic,False,True,319902,100.0,0.8966,0.8171,0.8202,261387.36,286837.81,-25450.45,1012.85
2022-01-01,P-FRS,SUP-RES2,Pacific Resin Traders,Plastic Resin,Direct Materials,Taiwan,Preferred,False,True,166652,100.0,0.8966,0.8446,0.85,140747.04,149427.61,-8680.57,907.77
2022-01-01,P-FRS,SUP-STL1,Great Lakes Steel Co.,Steel & Metal,Direct Materials,USA,Strategic,False,True,28836,100.0,1.0478,1.0459,1.0615,30160.08,30215.83,-55.75,449.53
2022-01-01,P-FRS,SUP-STL2,Rio Grande Metals,Steel & Metal,Direct Materials,Mexico,Preferred,False,True,12886,100.0,1.0478,1.0922,1.1,14074.7,13502.54,572.17,99.91
2022-01-01,P-FRS,SUP-STL3,Keystone Alloy Supply,Steel & Metal,Direct Materials,USA,Transactional,False,False,5247,100.0,1.0478,1.1495,1.166,6032.02,5498.39,533.62,86.38
2022-01-01,P-FRS,SUP-ELE1,Shenzhen Circuit Works,Electrical/Electronic,Direct Materials,China,Strategic,False,True,12651,100.0,2.2239,2.1853,2.2195,27646.74,28134.38,-487.64,432.35
2022-01-01,P-FRS,SUP-ELE2,Lone Star Connectors,Electrical/Electronic,Direct Materials,USA,Preferred,False,True,6462,100.0,2.2239,2.3334,2.3,15080.04,14371.95,708.09,-216.09
2022-01-01,P-FRS,SUP-ELE3,Vertex Components,Electrical/Electronic,Direct Materials,USA,Transactional,False,False,3038,100.0,2.2239,2.4814,2.438,7540.02,6757.5,782.52,-131.87
2022-02-01,P-FRS,SUP-RES1,Gulf Coast Polymers,Plastic Resin,Direct Materials,USA,Strategic,False,True,280090,100.06,0.8966,0.8168,0.8207,228782.78,251140.87,-22358.08,1099.59
2022-02-01,P-FRS,SUP-RES2,Pacific Resin Traders,Plastic Resin,Direct Materials,Taiwan,Preferred,False,True,145635,100.06,0.8966,0.8459,0.8505,123190.73,130582.29,-7391.56,673.31
2022-02-01,P-FRS,SUP-STL1,Great Lakes Steel Co.,Steel & Metal,Direct Materials,USA,Strategic,False,True,26575,93.22,1.0478,0.9933,0.9895,26398.01,27846.94,-1448.93,-100.79
2022-02-01,P-FRS,SUP-STL2,Rio Grande Metals,Steel & Metal,Direct Materials,Mexico,Preferred,False,True,12164,93.22,1.0478,1.0127,1.0254,12319.07,12746.77,-427.69,154.91
2022-02-01,P-FRS,SUP-STL3,Keystone Alloy Supply,Steel & Metal,Direct Materials,USA,Transactional,False,False,4904,93.22,1.0478,1.0765,1.0869,5279.6,5139.0,140.61,51.16
2022-02-01,P-FRS,SUP-ELE1,Shenzhen Circuit Works,Electrical/Electronic,Direct Materials,China,Strategic,False,True,10777,100.68,2.2239,2.2452,2.2346,24198.18,23968.65,229.53,-113.96
2022-02-01,P-FRS,SUP-ELE2,Lone Star Connectors,Electrical/Electronic,Direct Materials,USA,Preferred,False,True,5830,100.68,2.2239,2.2637,2.3156,13199.01,12966.93,232.08,303.01
2022-02-01,P-FRS,SUP-ELE3,Vertex Components,Electrical/Electronic,Direct Materials,USA,Transactional,False,False,2683,100.68,2.2239,2.4592,2.4546,6599.5,5967.96,631.54,-12.42
2022-03-01,P-FRS,SUP-RES1,Gulf Coast Polymers,Plastic Resin,Direct Materials,USA,Strategic,False,True,295629,100.1,0.8966,0.8521,0.8211,251916.31,265073.37,-13157.05,-9183.8
2022-03-01,P-FRS,SUP-RES2,Pacific Resin Traders,Plastic Resin,Direct Materials,Taiwan,Preferred,False,True,158415,100.1,0.8966,0.8563,0.8508,135647.25,142041.74,-6394.5,-859.46
2022-03-01,P-FRS,SUP-STL1,Great Lakes Steel Co.,Steel & Metal,Direct Materials,USA,Strategic,False,True,28595,93.92,1.0478,1.0165,0.997,29067.27,29963.11,-895.84,-559.17
2022-03-01,P-FRS,SUP-STL2,Rio Grande Metals,Steel & Metal,Direct Materials,Mexico,Preferred,False,True,13119,93.92,1.0478,1.034,1.0331,13564.72,13746.76,-182.04,-11.13
2022-03-01,P-FRS,SUP-STL3,Keystone Alloy Supply,Steel & Metal,Direct Materials,USA,Transactional,False,False,5413,93.92,1.0478,1.0738,1.0951,5813.45,5673.01,140.44,115.44
2022-03-01,P-FRS,SUP-ELE1,Shenzhen Circuit Works,Electrical/Electronic,Direct Materials,China,Strategic,False,True,11643,101.28,2.2239,2.2883,2.2479,26644.99,25894.59,750.4,-470.49
2022-03-01,P-FRS,SUP-ELE2,Lone Star Connectors,Electrical/Electronic,Direct Materials,USA,Preferred,False,True,6367,101.28,2.2239,2.2825,2.3294,14533.63,14160.17,373.46,298.74
2022-03-01,P-FRS,SUP-ELE3,Vertex Components,Electrical/Electronic,Direct Materials,USA,Transactional,False,False,2950,101.28,2.2239,2.4626,2.4692,7266.82,6562.3,704.52,19.43
2022-04-01,P-FRS,SUP-RES1,Gulf Coast Polymers,Plastic Resin,Direct Materials,USA,Strategic,False,True,248477,104.1,0.8966,0.8665,0.8539,215304.5,222795.25,-7490.75,-3134.27
2022-04-01,P-FRS,SUP-RES2,Pacific Resin Traders,Plastic Resin,Direct Materials,Taiwan,Preferred,False,True,129707,104.1,0.8966,0.8938,0.8848,115933.19,116300.8,-367.61,-1161.73
2022-04-01,P-FRS,SUP-STL1,Great Lakes Steel Co.,Steel & Metal,Direct Materials,USA,Strategic,False,True,24216,95.81,1.0478,1.0259,1.017,24842.83,25375.24,-532.42,-213.97
2022-04-01,P-FRS,SUP-STL2,Rio Grande Metals,Steel & Metal,Direct Materials,Mexico,Preferred,False,True,11215,95.81,1.0478,1.0337,1.0539,11593.32,11751.68,-158.36,226.39
2022-04-01,P-FRS,SUP-STL3,Keystone Alloy Supply,Steel & Metal,Direct Materials,USA,Transactional,False,False,4376,95.81,1.0478,1.1353,1.1171,4968.57,4585.98,382.59,-79.29
2022-04-01,P-FRS,SUP-ELE1,Shenzhen Circuit Works,Electrical/Electronic,Direct Materials,China,Strategic,False,True,10256,101.61,2.2239,2.2204,2.2552,22772.59,22808.1,-35.51,357.18
2022-04-01,P-FRS,SUP-ELE2,Lone Star Connectors,Electrical/Electronic,Direct Materials,USA,Preferred,False,True,5224,101.61,2.2239,2.3776,2.337,12421.41,11618.15,803.27,-212.09
2022-04-01,P-FRS,SUP-ELE3,Vertex Components,Electrical/Electronic,Direct Materials,USA,Transactional,False,False,2515,101.61,2.2239,2.4689,2.4773,6210.71,5594.35,616.36,21.05
2022-05-01,P-FRS,SUP-RES1,Gulf Coast Polymers,Plastic Resin,Direct Materials,USA,Strategic,False,True,267444,105.9,0.8966,0.879,0.8686,235096.3,239801.53,-4705.24,-2782.12
2022-05-01,P-FRS,SUP-RES2,Pacific Resin Traders,Plastic Resin,Direct Materials,Taiwan,Preferred,False,True,139536,105.9,0.8966,0.9072,0.9002,126590.31,125114.33,1475.98,-986.31
2022-05-01,P-FRS,SUP-STL1,Great Lakes Steel Co.,Steel & Metal,Direct Materials,USA,Strategic,False,True,25456,100.31,1.0478,1.0656,1.0648,27126.5,26674.82,451.68,-20.28
2022-05-01,P-FRS,SUP-STL2,Rio Grande Metals,Steel & Metal,Direct Materials,Mexico,Preferred,False,True,11832,100.31,1.0478,1.0699,1.1034,12659.03,12398.41,260.62,396.85
2022-05-01,P-FRS,SUP-STL3,Keystone Alloy Supply,Steel & Metal,Direct Materials,USA,Transactional,False,False,4697,100.31,1.0478,1.1549,1.1696,5425.3,4922.56,502.74,69.31
2022-05-01,P-FRS,SUP-ELE1,Shenzhen Circuit Works,Electrical/Electronic,Direct Materials,China,Strategic,False,True,10834,102.23,2.2239,2.2951,2.269,24865.95,24094.61,771.34,-282.44
2022-05-01,P-FRS,SUP-ELE2,Lone Star Connectors,Electrical/Electronic,Direct Materials,USA,Preferred,False,True,5740,102.23,2.2239,2.3626,2.3513,13563.25,12767.08,796.17,-64.66
2022-05-01,P-FRS,SUP-ELE3,Vertex Components,Electrical/Electronic,Direct Materials,USA,Transactional,False,False,2712,102.23,2.2239,2.5002,2.4924,6781.62,6032.22,749.41,-21.11
2022-06-01,P-FRS,SUP-RES1,Gulf Coast Polymers,Plastic Resin,Direct Materials,USA,Strategic,False,True,257974,107.18,0.8966,0.8891,0.8791,229362.4,231310.83,-1948.43,-2565.3
2022-06-01,P-FRS,SUP-RES2,Pacific Resin Traders,Plastic Resin,Direct Materials,Taiwan,Preferred,False,True,134245,107.18,0.8966,0.92,0.911,123502.83,120370.14,3132.69,-1200.99
2022-06-01,P-FRS,SUP-STL1,Great Lakes Steel Co.,Steel & Metal,Direct Materials,USA,Strategic,False,True,26355,97.38,1.0478,1.0042,1.0337,26464.89,27616.09,-1151.2,778.13
2022-06-01,P-FRS,SUP-STL2,Rio Grande Metals,Steel & Metal,Direct Materials,Mexico,Preferred,False,True,11222,97.38,1.0478,1.1004,1.0712,12350.28,11759.92,590.37,-328.47
2022-06-01,P-FRS,SUP-STL3,Keystone Alloy Supply,Steel & Metal,Direct Materials,USA,Transactional,False,False,4665,97.38,1.0478,1.1344,1.1355,5292.98,4889.01,403.97,4.79
2022-06-01,P-FRS,SUP-ELE1,Shenzhen Circuit Works,Electrical/Electronic,Direct Materials,China,Strategic,False,True,10540,103.09,2.2239,2.3016,2.2881,24259.48,23439.75,819.74,-142.93
2022-06-01,P-FRS,SUP-ELE2,Lone Star Connectors,Electrical/Electronic,Direct Materials,USA,Preferred,False,True,5502,103.09,2.2239,2.4046,2.3711,13232.45,12237.72,994.73,-184.7
2022-06-01,P-FRS,SUP-ELE3,Vertex Components,Electrical/Electronic,Direct Materials,USA,Transactional,False,False,2596,103.09,2.2239,2.5485,2.5133,6616.22,5773.42,842.8,-91.32
2022-07-01,P-FRS,SUP-RES1,Gulf Coast Polymers,Plastic Resin,Direct Materials,USA,Strategic,False,True,275826,105.06,0.8966,0.8489,0.8618,234135.49,247317.44,-13181.95,3559.44
2022-07-01,P-FRS,SUP-RES2,Pacific Resin Traders,Plastic Resin,Direct Materials,Taiwan,Preferred,False,True,141984,105.06,0.8966,0.8879,0.893,126072.95,127308.77,-1235.82,720.32
2022-07-01,P-FRS,SUP-STL1,Great Lakes Steel Co.,Steel & Metal,Direct Materials,USA,Strategic,False,True,27206,92.83,1.0478,0.993,0.9854,27015.63,28508.63,-1493.0,-206.18
2022-07-01,P-FRS,SUP-STL2,Rio Grande Metals,Steel & Metal,Direct Materials,Mexico,Preferred,False,True,12532,92.83,1.0478,1.006,1.0211,12607.3,13132.13,-524.84,190.04
2022-07-01,P-FRS,SUP-STL3,Keystone Alloy Supply,Steel & Metal,Direct Materials,USA,Transactional,False,False,5048,92.83,1.0478,1.0703,1.0824,5403.13,5289.53,113.59,60.83
2022-07-01,P-FRS,SUP-ELE1,Shenzhen Circuit Works,Electrical/Electronic,Direct Materials,China,Strategic,False,True,11090,103.64,2.2239,2.2329,2.3003,24764.33,24664.03,100.3,747.24
2022-07-01,P-FRS,SUP-ELE2,Lone Star Connectors,Electrical/Electronic,Direct Materials,USA,Preferred,False,True,5775,103.64,2.2239,2.339,2.3837,13507.82,12843.17,664.64,258.51
2022-07-01,P-FRS,SUP-ELE3,Vertex Components,Electrical/Electronic,Direct Materials,USA,Transactional,False,False,2646,103.64,2.2239,2.5525,2.5267,6753.91,5884.38,869.53,-68.12
2022-08-01,P-FRS,SUP-RES1,Gulf Coast Polymers,Plastic Resin,Direct Materials,USA,Strategic,False,True,308088,101.8,0.8966,0.8366,0.835,257744.43,276244.87,-18500.44,-485.9
2022-08-01,P-FRS,SUP-RES2,Pacific Resin Traders,Plastic Resin,Direct Materials,Taiwan,Preferred,False,True,161742,101.8,0.8966,0.8581,0.8653,138785.46,145025.28,-6239.82,1170.68
2022-08-01,P-FRS,SUP-STL1,Great Lakes Steel Co.,Steel & Metal,Direct Materials,USA,Strategic,False,True,32501,88.36,1.0478,0.915,0.9379,29739.74,34056.3,-4316.56,744.57
2022-08-01,P-FRS,SUP-STL2,Rio Grande Metals,Steel & Metal,Direct Materials,Mexico,Preferred,False,True,14250,88.36,1.0478,0.9739,0.972,13878.55,14932.6,-1054.06,-27.35
2022-08-01,P-FRS,SUP-STL3,Keystone Alloy Supply,Steel & Metal,Direct Materials,USA,Transactional,False,False,5716,88.36,1.0478,1.0404,1.0303,5947.95,5990.29,-42.34,-58.09
2022-08-01,P-FRS,SUP-ELE1,Shenzhen Circuit Works,Electrical/Electronic,Direct Materials,China,Strategic,False,True,11898,104.02,2.2239,2.2912,2.3087,27261.43,26460.51,800.92,208.7
2022-08-01,P-FRS,SUP-ELE2,Lone Star Connectors,Electrical/Electronic,Direct Materials,USA,Preferred,False,True,6160,104.02,2.2239,2.4137,2.3925,14869.87,13700.46,1169.41,-130.79
2022-08-01,P-FRS,SUP-ELE3,Vertex Components,Electrical/Electronic,Direct Materials,USA,Transactional,False,False,2895,104.02,2.2239,2.5674,2.536,7434.94,6439.99,994.95,-91.05
2022-09-01,P-FRS,SUP-RES1,Gulf Coast Polymers,Plastic Resin,Direct Materials,USA,Strategic,False,True,304823,100.78,0.8966,0.8291,0.8266,252730.71,273317.01,-20586.29,-749.13
2022-09-01,P-FRS,SUP-RES2,Pacific Resin Traders,Plastic Resin,Direct Materials,Taiwan,Preferred,False,True,159037,100.78,0.8966,0.8557,0.8566,136085.77,142599.55,-6513.79,150.58
2022-09-01,P-FRS,SUP-STL1,Great Lakes Steel Co.,Steel & Metal,Direct Materials,USA,Strategic,False,True,32701,83.39,1.0478,0.8917,0.8852,29161.24,34266.28,-5105.05,-214.19
2022-09-01,P-FRS,SUP-STL2,Rio Grande Metals,Steel & Metal,Direct Materials,Mexico,Preferred,False,True,15147,83.39,1.0478,0.8984,0.9173,13608.58,15872.43,-2263.85,286.26
2022-09-01,P-FRS,SUP-STL3,Keystone Alloy Supply,Steel & Metal,Direct Materials,USA,Transactional,False,False,5948,83.39,1.0478,0.9805,0.9723,5832.25,6232.91,-400.66,-48.54
2022-09-01,P-FRS,SUP-ELE1,Shenzhen Circuit Works,Electrical/Electronic,Direct Materials,China,Strategic,False,True,11679,104.3,2.2239,2.2887,2.3149,26731.13,25973.56,757.57,306.06
2022-09-01,P-FRS,SUP-ELE2,Lone Star Connectors,Electrical/Electronic,Direct Materials,USA,Preferred,False,True,6026,104.3,2.2239,2.4194,2.3989,14580.62,13402.35,1178.26,-123.43
2022-09-01,P-FRS,SUP-ELE3,Vertex Components,Electrical/Electronic,Direct Materials,USA,Transactional,False,False,2881,104.3,2.2239,2.5298,2.5428,7290.31,6408.65,881.65,37.52
2022-10-01,P-FRS,SUP-RES1,Gulf Coast Polymers,Plastic Resin,Direct Materials,USA,Strategic,False,True,349401,98.45,0.8966,0.8003,0.8075,279633.65,313287.84,-33654.19,2520.89
2022-10-01,P-FRS,SUP-RES2,Pacific Resin Traders,Plastic Resin,Direct Materials,Taiwan,Preferred,False,True,182696,98.45,0.8966,0.8242,0.8368,150571.97,163813.52,-13241.55,2313.4
2022-10-01,P-FRS,SUP-STL1,Great Lakes Steel Co.,Steel & Metal,Direct Materials,USA,Strategic,False,True,37566,79.56,1.0478,0.8589,0.8445,32265.42,39364.22,-7098.8,-539.1
2022-10-01,P-FRS,SUP-STL2,Rio Grande Metals,Steel & Metal,Direct Materials,Mexico,Preferred,False,True,17634,79.56,1.0478,0.8538,0.8752,15057.2,18478.39,-3421.19,375.96
2022-10-01,P-FRS,SUP-STL3,Keystone Alloy Supply,Steel & Metal,Direct Materials,USA,Transactional,False,False,7099,79.56,1.0478,0.909,0.9277,6453.08,7439.07,-985.99,132.82
2022-10-01,P-FRS,SUP-ELE1,Shenzhen Circuit Works,Electrical/Electronic,Direct Materials,China,Strategic,False,True,12877,104.57,2.2239,2.2968,2.3209,29576.64,28637.27,939.37,310.51
2022-10-01,P-FRS,SUP-ELE2,Lone Star Connectors,Electrical/Electronic,Direct Materials,USA,Preferred,False,True,6594,104.57,2.2239,2.4463,2.4051,16132.71,14665.6,1467.12,-271.91
2022-10-01,P-FRS,SUP-ELE3,Vertex Components,Electrical/Electronic,Direct Materials,USA,Transactional,False,False,3092,104.57,2.2239,2.608,2.5494,8066.36,6878.37,1187.98,-181.08
2022-11-01,P-FRS,SUP-RES1,Gulf Coast Polymers,Plastic Resin,Direct Materials,USA,Strategic,False,True,341492,93.23,0.8966,0.7589,0.7647,259160.45,306196.33,-47035.88,1985.59
2022-11-01,P-FRS,SUP-RES2,Pacific Resin Traders,Plastic Resin,Direct Materials,Taiwan,Preferred,False,True,175306,93.23,0.8966,0.796,0.7925,139547.93,157186.74,-17638.8,-625.61
2022-11-01,P-FRS,SUP-STL1,Great Lakes Steel Co.,Steel & Metal,Direct Materials,USA,Strategic,False,True,36055,77.44,1.0478,0.8294,0.822,29903.13,37780.78,-7877.65,-264.41
2022-11-01,P-FRS,SUP-STL2,Rio Grande Metals,Steel & Metal,Direct Materials,Mexico,Preferred,False,True,16147,77.44,1.0478,0.8642,0.8518,13954.79,16920.21,-2965.42,-199.59
2022-11-01,P-FRS,SUP-STL3,Keystone Alloy Supply,Steel & Metal,Direct Materials,USA,Transactional,False,False,6599,77.44,1.0478,0.9063,0.903,5980.63,6914.79,-934.16,-22.0
2022-11-01,P-FRS,SUP-ELE1,Shenzhen Circuit Works,Electrical/Electronic,Direct Materials,China,Strategic,False,True,11638,104.96,2.2239,2.3553,2.3296,27411.2,25881.47,1529.73,-299.39
2022-11-01,P-FRS,SUP-ELE2,Lone Star Connectors,Electrical/Electronic,Direct Materials,USA,Preferred,False,True,6361,104.96,2.2239,2.3503,2.4141,14951.56,14147.11,804.45,405.57
2022-11-01,P-FRS,SUP-ELE3,Vertex Components,Electrical/Electronic,Direct Materials,USA,Transactional,False,False,2883,104.96,2.2239,2.5925,2.5589,7475.78,6412.9,1062.88,-96.7
2022-12-01,P-FRS,SUP-RES1,Gulf Coast Polymers,Plastic Resin,Direct Materials,USA,Strategic,False,True,390551,92.12,0.8966,0.7425,0.7556,289991.31,350184.82,-60193.51,5115.36
2022-12-01,P-FRS,SUP-RES2,Pacific Resin Traders,Plastic Resin,Direct Materials,Taiwan,Preferred,False,True,201672,92.12,0.8966,0.7743,0.783,156149.17,180827.4,-24678.24,1764.11
2022-12-01,P-FRS,SUP-STL1,Great Lakes Steel Co.,Steel & Metal,Direct Materials,USA,Strategic,False,True,41386,76.21,1.0478,0.8085,0.809,33460.54,43366.46,-9905.92,19.75
2022-12-01,P-FRS,SUP-STL2,Rio Grande Metals,Steel & Metal,Direct Materials,Mexico,Preferred,False,True,18844,76.21,1.0478,0.8286,0.8383,15614.92,19745.91,-4130.99,182.46
2022-12-01,P-FRS,SUP-STL3,Keystone Alloy Supply,Steel & Metal,Direct Materials,USA,Transactional,False,False,7547,76.21,1.0478,0.8867,0.8886,6692.11,7908.19,-1216.08,14.31
2022-12-01,P-FRS,SUP-ELE1,Shenzhen Circuit Works,Electrical/Electronic,Direct Materials,China,Strategic,False,True,13385,105.29,2.2239,2.2915,2.3369,30672.16,29766.9,905.26,607.82
2022-12-01,P-FRS,SUP-ELE2,Lone Star Connectors,Electrical/Electronic,Direct Materials,USA,Preferred,False,True,6866,105.29,2.2239,2.4365,2.4217,16730.27,15270.07,1460.2,-102.02
2022-12-01,P-FRS,SUP-ELE3,Vertex Components,Electrical/Electronic,Direct Materials,USA,Transactional,False,False,3246,105.29,2.2239,2.5768,2.567,8365.13,7219.45,1145.68,-31.86
2023-01-01,P-FRS,SUP-RES1,Gulf Coast Polymers,Plastic Resin,Direct Materials,USA,Strategic,False,True,357623,90.58,0.8562,0.7584,0.8202,271208.91,306204.0,-34995.09,22131.68
2023-01-01,P-FRS,SUP-RES2,Pacific Resin Traders,Plastic Resin,Direct Materials,Taiwan,Preferred,False,True,193076,90.58,0.8562,0.7564,0.85,146035.57,165316.17,-19280.6,18079.83
2023-01-01,P-FRS,SUP-STL1,Great Lakes Steel Co.,Steel & Metal,Direct Materials,USA,Strategic,False,True,38799,76.41,0.9886,0.8065,1.0615,31293.34,38355.2,-7061.86,9891.83
2023-01-01,P-FRS,SUP-STL2,Rio Grande Metals,Steel & Metal,Direct Materials,Mexico,Preferred,False,True,17611,76.41,0.9886,0.8292,1.1,14603.56,17409.7,-2806.15,4768.72
2023-01-01,P-FRS,SUP-STL3,Keystone Alloy Supply,Steel & Metal,Direct Materials,USA,Transactional,False,False,6874,76.41,0.9886,0.9104,1.166,6258.67,6795.83,-537.17,1756.97
2023-01-01,P-FRS,SUP-ELE1,Shenzhen Circuit Works,Electrical/Electronic,Direct Materials,China,Strategic,False,True,12021,106.21,2.3684,2.3862,2.2195,28685.56,28471.25,214.3,-2003.91
2023-01-01,P-FRS,SUP-ELE2,Lone Star Connectors,Electrical/Electronic,Direct Materials,USA,Preferred,False,True,6416,106.21,2.3684,2.4385,2.3,15646.67,15196.44,450.23,-888.91
2023-01-01,P-FRS,SUP-ELE3,Vertex Components,Electrical/Electronic,Direct Materials,USA,Transactional,False,False,3094,106.21,2.3684,2.5279,2.438,7823.33,7329.6,493.73,-278.23
2023-02-01,P-FRS,SUP-RES1,Gulf Coast Polymers,Plastic Resin,Direct Materials,USA,Strategic,False,True,320819,92.62,0.8562,0.7807,0.8202,250463.74,274691.39,-24227.65,12688.06
2023-02-01,P-FRS,SUP-RES2,Pacific Resin Traders,Plastic Resin,Direct Materials,Taiwan,Preferred,False,True,173041,92.62,0.8562,0.7794,0.85,134865.09,148161.79,-13296.7,12220.52
2023-02-01,P-FRS,SUP-STL1,Great Lakes Steel Co.,Steel & Metal,Direct Materials,USA,Strategic,False,True,34433,78.56,0.9886,0.8393,1.0615,28899.66,34039.88,-5140.22,7651.79
2023-02-01,P-FRS,SUP-STL2,Rio Grande Metals,Steel & Metal,Direct Materials,Mexico,Preferred,False,True,15738,78.56,0.9886,0.8569,1.1,13486.51,15558.37,-2071.86,3825.74
2023-02-01,P-FRS,SUP-STL3,Keystone Alloy Supply,Steel & Metal,Direct Materials,USA,Transactional,False,False,6283,78.56,0.9886,0.9198,1.166,5779.93,6211.84,-431.9,1546.88
2023-02-01,P-FRS,SUP-ELE1,Shenzhen Circuit Works,Electrical/Electronic,Direct Materials,China,Strategic,False,True,11289,106.25,2.3684,2.3466,2.2195,26491.36,26736.69,-245.33,-1435.24
2023-02-01,P-FRS,SUP-ELE2,Lone Star Connectors,Electrical/Electronic,Direct Materials,USA,Preferred,False,True,6112,106.25,2.3684,2.3641,2.3,14449.83,14475.94,-26.11,-391.77
2023-02-01,P-FRS,SUP-ELE3,Vertex Components,Electrical/Electronic,Direct Materials,USA,Transactional,False,False,2752,106.25,2.3684,2.6248,2.438,7224.92,6519.17,705.74,-514.07
2023-03-01,P-FRS,SUP-RES1,Gulf Coast Polymers,Plastic Resin,Direct Materials,USA,Strategic,False,True,332573,93.44,0.8562,0.7511,0.8202,249788.97,284756.11,-34967.14,23004.74
2023-03-01,P-FRS,SUP-RES2,Pacific Resin Traders,Plastic Resin,Direct Materials,Taiwan,Preferred,False,True,166906,93.44,0.8562,0.8058,0.85,134501.75,142908.87,-8407.12,7369.1
2023-03-01,P-FRS,SUP-STL1,Great Lakes Steel Co.,Steel & Metal,Direct Materials,USA,Strategic,False,True,33975,80.48,0.9886,0.8483,1.0615,28821.8,33586.89,-4765.09,7243.24
2023-03-01,P-FRS,SUP-STL2,Rio Grande Metals,Steel & Metal,Direct Materials,Mexico,Preferred,False,True,15121,80.48,0.9886,0.8895,1.1,13450.18,14948.75,-1498.57,3183.72
2023-03-01,P-FRS,SUP-STL3,Keystone Alloy Supply,Steel & Metal,Direct Materials,USA,Transactional,False,False,6079,80.48,0.9886,0.9481,1.166,5764.36,6010.39,-246.03,1324.85
2023-03-01,P-FRS,SUP-ELE1,Shenzhen Circuit Works,Electrical/Electronic,Direct Materials,China,Strategic,False,True,11279,106.38,2.3684,2.3423,2.2195,26419.99,26713.63,-293.64,-1385.49
2023-03-01,P-FRS,SUP-ELE2,Lone Star Connectors,Electrical/Electronic,Direct Materials,USA,Preferred,False,True,5837,106.38,2.3684,2.4686,2.3,14410.9,13825.59,585.31,-984.42
2023-03-01,P-FRS,SUP-ELE3,Vertex Components,Electrical/Electronic,Direct Materials,USA,Transactional,False,False,2879,106.38,2.3684,2.5021,2.438,7205.45,6820.38,385.07,-184.54
2023-04-01,P-FRS,SUP-RES1,Gulf Coast Polymers,Plastic Resin,Direct Materials,USA,Strategic,False,True,328974,94.95,0.8562,0.7739,0.8202,254608.75,281674.46,-27065.71,15232.76
2023-04-01,P-FRS,SUP-RES2,Pacific Resin Traders,Plastic Resin,Direct Materials,Taiwan,Preferred,False,True,166474,94.95,0.8562,0.8235,0.85,137097.02,142538.71,-5441.69,4406.35
2023-04-01,P-FRS,SUP-STL1,Great Lakes Steel Co.,Steel & Metal,Direct Materials,USA,Strategic,False,True,34160,82.15,0.9886,0.86,1.0615,29377.93,33769.81,-4391.88,6883.52
2023-04-01,P-FRS,SUP-STL2,Rio Grande Metals,Steel & Metal,Direct Materials,Mexico,Preferred,False,True,14976,82.15,0.9886,0.9154,1.1,13709.7,14805.43,-1095.73,2764.73
2023-04-01,P-FRS,SUP-STL3,Keystone Alloy Supply,Steel & Metal,Direct Materials,USA,Transactional,False,False,6144,82.15,0.9886,0.9563,1.166,5875.59,6073.74,-198.15,1288.34
2023-04-01,P-FRS,SUP-ELE1,Shenzhen Circuit Works,Electrical/Electronic,Direct Materials,China,Strategic,False,True,11329,106.48,2.3684,2.377,2.2195,26929.77,26831.59,98.18,-1784.73
2023-04-01,P-FRS,SUP-ELE2,Lone Star Connectors,Electrical/Electronic,Direct Materials,USA,Preferred,False,True,5981,106.48,2.3684,2.4559,2.3,14688.97,14165.41,523.55,-932.47
2023-04-01,P-FRS,SUP-ELE3,Vertex Components,Electrical/Electronic,Direct Materials,USA,Transactional,False,False,2823,106.48,2.3684,2.6016,2.438,7344.48,6685.95,658.53,-461.95
2023-05-01,P-FRS,SUP-RES1,Gulf Coast Polymers,Plastic Resin,Direct Materials,USA,Strategic,False,True,302030,93.9,0.8562,0.7643,0.8202,230831.92,258603.95,-27772.03,16908.26
2023-05-01,P-FRS,SUP-RES2,Pacific Resin Traders,Plastic Resin,Direct Materials,Taiwan,Preferred,False,True,154788,93.9,0.8562,0.803,0.85,124294.11,132533.26,-8239.15,7276.49
2023-05-01,P-FRS,SUP-STL1,Great Lakes Steel Co.,Steel & Metal,Direct Materials,USA,Strategic,False,True,30521,84.09,0.9886,0.8727,1.0615,26634.45,30171.93,-3537.48,5763.66
2023-05-01,P-FRS,SUP-STL2,Rio Grande Metals,Steel & Metal,Direct Materials,Mexico,Preferred,False,True,13186,84.09,0.9886,0.9426,1.1,12429.41,13035.58,-606.17,2075.66
2023-05-01,P-FRS,SUP-STL3,Keystone Alloy Supply,Steel & Metal,Direct Materials,USA,Transactional,False,False,5463,84.09,0.9886,0.9749,1.166,5326.89,5401.32,-74.43,1043.93
2023-05-01,P-FRS,SUP-ELE1,Shenzhen Circuit Works,Electrical/Electronic,Direct Materials,China,Strategic,False,True,10220,105.94,2.3684,2.3889,2.2195,24414.91,24205.37,209.55,-1731.01
2023-05-01,P-FRS,SUP-ELE2,Lone Star Connectors,Electrical/Electronic,Direct Materials,USA,Preferred,False,True,5384,105.94,2.3684,2.4734,2.3,13317.23,12751.47,565.75,-933.85
2023-05-01,P-FRS,SUP-ELE3,Vertex Components,Electrical/Electronic,Direct Materials,USA,Transactional,False,False,2575,105.94,2.3684,2.5855,2.438,6658.61,6099.47,559.14,-379.81
2023-06-01,P-FRS,SUP-RES1,Gulf Coast Polymers,Plastic Resin,Direct Materials,USA,Strategic,False,True,345136,92.1,0.8562,0.7497,0.8202,258755.87,295512.41,-36756.54,24342.27
2023-06-01,P-FRS,SUP-RES2,Pacific Resin Traders,Plastic Resin,Direct Materials,Taiwan,Preferred,False,True,180405,92.1,0.8562,0.7723,0.85,139330.08,154466.69,-15136.61,14014.64
2023-06-01,P-FRS,SUP-STL1,Great Lakes Steel Co.,Steel & Metal,Direct Materials,USA,Strategic,False,True,33667,82.38,0.9886,0.8868,1.0615,29856.45,33281.95,-3425.5,5881.15
2023-06-01,P-FRS,SUP-STL2,Rio Grande Metals,Steel & Metal,Direct Materials,Mexico,Preferred,False,True,15718,82.38,0.9886,0.8864,1.1,13933.01,15538.83,-1605.83,3357.5
2023-06-01,P-FRS,SUP-STL3,Keystone Alloy Supply,Steel & Metal,Direct Materials,USA,Transactional,False,False,6229,82.38,0.9886,0.9585,1.166,5971.29,6158.51,-187.22,1292.63
2023-06-01,P-FRS,SUP-ELE1,Shenzhen Circuit Works,Electrical/Electronic,Direct Materials,China,Strategic,False,True,11690,106.23,2.3684,2.3411,2.2195,27368.41,27687.42,-319.01,-1421.32
2023-06-01,P-FRS,SUP-ELE2,Lone Star Connectors,Electrical/Electronic,Direct Materials,USA,Preferred,False,True,6186,106.23,2.3684,2.4131,2.3,14928.22,14651.24,276.98,-699.92
2023-06-01,P-FRS,SUP-ELE3,Vertex Components,Electrical/Electronic,Direct Materials,USA,Transactional,False,False,2884,106.23,2.3684,2.5873,2.438,7464.11,6832.52,631.6,-430.71
2023-07-01,P-FRS,SUP-RES1,Gulf Coast Polymers,Plastic Resin,Direct Materials,USA,Strategic,False,True,361791,88.92,0.8562,0.7352,0.8202,265987.75,309772.61,-43784.86,30771.53
2023-07-01,P-FRS,SUP-RES2,Pacific Resin Traders,Plastic Resin,Direct Materials,Taiwan,Preferred,False,True,202733,88.92,0.8562,0.7065,0.85,143224.17,173584.3,-30360.13,29099.3
2023-07-01,P-FRS,SUP-STL1,Great Lakes Steel Co.,Steel & Metal,Direct Materials,USA,Strategic,False,True,35891,79.16,0.9886,0.8551,1.0615,30690.89,35481.16,-4790.26,7408.18
2023-07-01,P-FRS,SUP-STL2,Rio Grande Metals,Steel & Metal,Direct Materials,Mexico,Preferred,False,True,16490,79.16,0.9886,0.8685,1.1,14322.42,16302.31,-1979.89,3817.63
2023-07-01,P-FRS,SUP-STL3,Keystone Alloy Supply,Steel & Metal,Direct Materials,USA,Transactional,False,False,6519,79.16,0.9886,0.9415,1.166,6138.18,6444.71,-306.53,1463.31
2023-07-01,P-FRS,SUP-ELE1,Shenzhen Circuit Works,Electrical/Electronic,Direct Materials,China,Strategic,False,True,11732,106.5,2.3684,2.3979,2.2195,28133.32,27786.56,346.76,-2093.33
2023-07-01,P-FRS,SUP-ELE2,Lone Star Connectors,Electrical/Electronic,Direct Materials,USA,Preferred,False,True,6234,106.5,2.3684,2.4615,2.3,15345.45,14764.79,580.66,-1006.87
2023-07-01,P-FRS,SUP-ELE3,Vertex Components,Electrical/Electronic,Direct Materials,USA,Transactional,False,False,2983,106.5,2.3684,2.5714,2.438,7672.72,7066.95,605.77,-398.0
2023-08-01,P-FRS,SUP-RES1,Gulf Coast Polymers,Plastic Resin,Direct Materials,USA,Strategic,False,True,405474,87.9,0.8562,0.6974,0.8202,282787.72,347175.42,-64387.7,49803.1
2023-08-01,P-FRS,SUP-RES2,Pacific Resin Traders,Plastic Resin,Direct Materials,Taiwan,Preferred,False,True,224104,87.9,0.8562,0.6795,0.85,152270.31,191882.88,-39612.57,38218.82
2023-08-01,P-FRS,SUP-STL1,Great Lakes Steel Co.,Steel & Metal,Direct Materials,USA,Strategic,False,True,39007,78.26,0.9886,0.8365,1.0615,32629.35,38561.56,-5932.21,8777.41
2023-08-01,P-FRS,SUP-STL2,Rio Grande Metals,Steel & Metal,Direct Materials,Mexico,Preferred,False,True,17828,78.26,0.9886,0.8541,1.1,15227.03,17624.43,-2397.4,4384.17
2023-08-01,P-FRS,SUP-STL3,Keystone Alloy Supply,Steel & Metal,Direct Materials,USA,Transactional,False,False,7118,78.26,0.9886,0.9168,1.166,6525.87,7036.86,-510.99,1774.06
2023-08-01,P-FRS,SUP-ELE1,Shenzhen Circuit Works,Electrical/Electronic,Direct Materials,China,Strategic,False,True,12913,106.71,2.3684,2.3162,2.2195,29910.24,30584.02,-673.78,-1248.63
2023-08-01,P-FRS,SUP-ELE2,Lone Star Connectors,Electrical/Electronic,Direct Materials,USA,Preferred,False,True,6569,106.71,2.3684,2.4834,2.3,16314.68,15558.76,755.92,-1205.05
2023-08-01,P-FRS,SUP-ELE3,Vertex Components,Electrical/Electronic,Direct Materials,USA,Transactional,False,False,3181,106.71,2.3684,2.5642,2.438,8157.34,7534.46,622.88,-401.36
2023-09-01,P-FRS,SUP-RES1,Gulf Coast Polymers,Plastic Resin,Direct Materials,USA,Strategic,False,True,431225,87.79,0.8562,0.7281,0.8202,313990.66,369223.58,-55232.91,39722.09
2023-09-01,P-FRS,SUP-RES2,Pacific Resin Traders,Plastic Resin,Direct Materials,Taiwan,Preferred,False,True,243724,87.79,0.8562,0.6937,0.85,169071.9,208681.46,-39609.57,38093.8
2023-09-01,P-FRS,SUP-STL1,Great Lakes Steel Co.,Steel & Metal,Direct Materials,USA,Strategic,False,True,45000,76.46,0.9886,0.8051,1.0615,36229.69,44485.88,-8256.19,11538.5
2023-09-01,P-FRS,SUP-STL2,Rio Grande Metals,Steel & Metal,Direct Materials,Mexico,Preferred,False,True,19993,76.46,0.9886,0.8456,1.1,16907.19,19764.47,-2857.28,5085.31
2023-09-01,P-FRS,SUP-STL3,Keystone Alloy Supply,Steel & Metal,Direct Materials,USA,Transactional,False,False,8085,76.46,0.9886,0.8962,1.166,7245.94,7992.88,-746.94,2181.6
2023-09-01,P-FRS,SUP-ELE1,Shenzhen Circuit Works,Electrical/Electronic,Direct Materials,China,Strategic,False,True,14133,106.84,2.3684,2.3497,2.2195,33210.55,33474.21,-263.66,-1840.42
2023-09-01,P-FRS,SUP-ELE2,Lone Star Connectors,Electrical/Electronic,Direct Materials,USA,Preferred,False,True,7369,106.84,2.3684,2.4581,2.3,18114.85,17453.34,661.51,-1165.33
2023-09-01,P-FRS,SUP-ELE3,Vertex Components,Electrical/Electronic,Direct Materials,USA,Transactional,False,False,3402,106.84,2.3684,2.6621,2.438,9057.42,8058.11,999.31,-762.4
2023-10-01,P-FRS,SUP-RES1,Gulf Coast Polymers,Plastic Resin,Direct Materials,USA,Strategic,False,True,423563,87.39,0.8562,0.7271,0.8202,307953.8,362663.37,-54709.57,39474.33
2023-10-01,P-FRS,SUP-RES2,Pacific Resin Traders,Plastic Resin,Direct Materials,Taiwan,Preferred,False,True,248237,87.39,0.8562,0.668,0.85,165821.28,212545.41,-46724.13,45180.3
2023-10-01,P-FRS,SUP-STL1,Great Lakes Steel Co.,Steel & Metal,Direct Materials,USA,Strategic,False,True,44444,74.84,0.9886,0.7995,1.0615,35533.13,43936.09,-8402.96,11644.71
2023-10-01,P-FRS,SUP-STL2,Rio Grande Metals,Steel & Metal,Direct Materials,Mexico,Preferred,False,True,20281,74.84,0.9886,0.8176,1.1,16582.13,20049.22,-3467.09,5727.21
2023-10-01,P-FRS,SUP-STL3,Keystone Alloy Supply,Steel & Metal,Direct Materials,USA,Transactional,False,False,8080,74.84,0.9886,0.8795,1.166,7106.63,7988.17,-881.54,2315.36
2023-10-01,P-FRS,SUP-ELE1,Shenzhen Circuit Works,Electrical/Electronic,Direct Materials,China,Strategic,False,True,13912,106.94,2.3684,2.3412,2.2195,32572.04,32950.47,-378.44,-1692.72
2023-10-01,P-FRS,SUP-ELE2,Lone Star Connectors,Electrical/Electronic,Direct Materials,USA,Preferred,False,True,6870,106.94,2.3684,2.5859,2.3,17766.57,16271.84,1494.72,-1964.44
2023-10-01,P-FRS,SUP-ELE3,Vertex Components,Electrical/Electronic,Direct Materials,USA,Transactional,False,False,3388,106.94,2.3684,2.6218,2.438,8883.28,8024.5,858.79,-622.86
2023-11-01,P-FRS,SUP-RES1,Gulf Coast Polymers,Plastic Resin,Direct Materials,USA,Strategic,False,True,470561,87.53,0.8562,0.7172,0.8202,337491.16,402903.92,-65412.76,48487.05
2023-11-01,P-FRS,SUP-RES2,Pacific Resin Traders,Plastic Resin,Direct Materials,Taiwan,Preferred,False,True,264846,87.53,0.8562,0.6862,0.85,181726.01,226766.45,-45040.44,43393.32
2023-11-01,P-FRS,SUP-STL1,Great Lakes Steel Co.,Steel & Metal,Direct Materials,USA,Strategic,False,True,48860,74.3,0.9886,0.797,1.0615,38941.29,48301.54,-9360.26,12924.1
2023-11-01,P-FRS,SUP-STL2,Rio Grande Metals,Steel & Metal,Direct Materials,Mexico,Preferred,False,True,22230,74.3,0.9886,0.8175,1.1,18172.6,21975.78,-3803.18,6280.48
2023-11-01,P-FRS,SUP-STL3,Keystone Alloy Supply,Steel & Metal,Direct Materials,USA,Transactional,False,False,8786,74.3,0.9886,0.8864,1.166,7788.26,8685.68,-897.42,2456.43
2023-11-01,P-FRS,SUP-ELE1,Shenzhen Circuit Works,Electrical/Electronic,Direct Materials,China,Strategic,False,True,15063,107.13,2.3684,2.3697,2.2195,35696.18,35676.61,19.57,-2262.08
2023-11-01,P-FRS,SUP-ELE2,Lone Star Connectors,Electrical/Electronic,Direct Materials,USA,Preferred,False,True,8166,107.13,2.3684,2.3841,2.3,19470.64,19342.25,128.4,-686.75
2023-11-01,P-FRS,SUP-ELE3,Vertex Components,Electrical/Electronic,Direct Materials,USA,Transactional,False,False,3675,107.13,2.3684,2.6485,2.438,9735.32,8705.76,1029.56,-773.6
2023-12-01,P-FRS,SUP-RES1,Gulf Coast Polymers,Plastic Resin,Direct Materials,USA,Strategic,False,True,425643,87.19,0.8562,0.7255,0.8202,308816.99,364444.31,-55627.32,40317.27
2023-12-01,P-FRS,SUP-RES2,Pacific Resin Traders,Plastic Resin,Direct Materials,Taiwan,Preferred,False,True,239077,87.19,0.8562,0.6955,0.85,166286.07,204703.1,-38417.03,36930.16
2023-12-01,P-FRS,SUP-STL1,Great Lakes Steel Co.,Steel & Metal,Direct Materials,USA,Strategic,False,True,42360,76.88,0.9886,0.8412,1.0615,35632.73,41876.17,-6243.44,9333.2
2023-12-01,P-FRS,SUP-STL2,Rio Grande Metals,Steel & Metal,Direct Materials,Mexico,Preferred,False,True,19109,76.88,0.9886,0.8702,1.1,16628.61,18891.38,-2262.77,4392.37
2023-12-01,P-FRS,SUP-STL3,Keystone Alloy Supply,Steel & Metal,Direct Materials,USA,Transactional,False,False,7923,76.88,0.9886,0.8994,1.166,7126.55,7832.79,-706.24,2112.17
2023-12-01,P-FRS,SUP-ELE1,Shenzhen Circuit Works,Electrical/Electronic,Direct Materials,China,Strategic,False,True,13862,107.13,2.3684,2.3563,2.2195,32663.34,32830.9,-167.57,-1896.07
2023-12-01,P-FRS,SUP-ELE2,Lone Star Connectors,Electrical/Electronic,Direct Materials,USA,Preferred,False,True,7043,107.13,2.3684,2.5296,2.3,17816.36,16681.04,1135.32,-1616.85
2023-12-01,P-FRS,SUP-ELE3,Vertex Components,Electrical/Electronic,Direct Materials,USA,Transactional,False,False,3507,107.13,2.3684,2.5399,2.438,8908.18,8306.53,601.66,-357.43
2024-01-01,P-FRS,SUP-RES1,Gulf Coast Polymers,Plastic Resin,Direct Materials,USA,Strategic,False,True,446257,86.16,0.7681,0.6971,0.743,311106.13,342749.7,-31643.57,20455.68
2024-01-01,P-FRS,SUP-RES2,Pacific Resin Traders,Plastic Resin,Direct Materials,Taiwan,Preferred,False,True,248376,86.16,0.7681,0.6745,0.7699,167518.68,190766.09,-23247.41,23713.63
2024-01-01,P-FRS,SUP-STL1,Great Lakes Steel Co.,Steel & Metal,Direct Materials,USA,Strategic,False,True,43079,79.92,0.8653,0.8333,0.8111,35896.86,37277.18,-1380.32,-955.2
2024-01-01,P-FRS,SUP-STL2,Rio Grande Metals,Steel & Metal,Direct Materials,Mexico,Preferred,False,True,19106,79.92,0.8653,0.8767,0.8405,16751.87,16533.29,218.58,-692.35
2024-01-01,P-FRS,SUP-STL3,Keystone Alloy Supply,Steel & Metal,Direct Materials,USA,Transactional,False,False,7783,79.92,0.8653,0.9224,0.8909,7179.37,6734.89,444.49,-244.97
2024-01-01,P-FRS,SUP-ELE1,Shenzhen Circuit Works,Electrical/Electronic,Direct Materials,China,Strategic,False,True,13428,108.33,2.4509,2.4503,2.3573,32905.46,32913.1,-7.65,-1249.13
2024-01-01,P-FRS,SUP-ELE2,Lone Star Connectors,Electrical/Electronic,Direct Materials,USA,Preferred,False,True,7086,108.33,2.4509,2.5327,2.4428,17948.43,17368.72,579.72,-637.03
2024-01-01,P-FRS,SUP-ELE3,Vertex Components,Electrical/Electronic,Direct Materials,USA,Transactional,False,False,3371,108.33,2.4509,2.6617,2.5894,8974.22,8263.52,710.7,-243.79
2024-02-01,P-FRS,SUP-RES1,Gulf Coast Polymers,Plastic Resin,Direct Materials,USA,Strategic,False,True,377668,88.01,0.7681,0.7296,0.743,275540.25,290069.21,-14528.96,5060.64
2024-02-01,P-FRS,SUP-RES2,Pacific Resin Traders,Plastic Resin,Direct Materials,Taiwan,Preferred,False,True,214924,88.01,0.7681,0.6903,0.7699,148367.83,165073.37,-16705.54,17108.98
2024-02-01,P-FRS,SUP-STL1,Great Lakes Steel Co.,Steel & Metal,Direct Materials,USA,Strategic,False,True,37380,81.42,0.8653,0.8505,0.8111,31793.11,32345.93,-552.83,-1473.73
2024-02-01,P-FRS,SUP-STL2,Rio Grande Metals,Steel & Metal,Direct Materials,Mexico,Preferred,False,True,16287,81.42,0.8653,0.9109,0.8405,14836.78,14094.01,742.77,-1146.65
2024-02-01,P-FRS,SUP-STL3,Keystone Alloy Supply,Steel & Metal,Direct Materials,USA,Transactional,False,False,6744,81.42,0.8653,0.9428,0.8909,6358.62,5835.68,522.94,-350.06
2024-02-01,P-FRS,SUP-ELE1,Shenzhen Circuit Works,Electrical/Electronic,Direct Materials,China,Strategic,False,True,12048,108.62,2.4509,2.4188,2.3573,29143.68,29530.58,-386.9,-740.71
2024-02-01,P-FRS,SUP-ELE2,Lone Star Connectors,Electrical/Electronic,Direct Materials,USA,Preferred,False,True,6465,108.62,2.4509,2.4585,2.4428,15896.55,15847.54,49.01,-101.31
2024-02-01,P-FRS,SUP-ELE3,Vertex Components,Electrical/Electronic,Direct Materials,USA,Transactional,False,False,3008,108.62,2.4509,2.6422,2.5894,7948.28,7372.8,575.47,-158.9
2024-03-01,P-FRS,SUP-RES1,Gulf Coast Polymers,Plastic Resin,Direct Materials,USA,Strategic,False,True,404988,87.18,0.7681,0.7263,0.743,294157.62,311052.59,-16894.97,6741.72
2024-03-01,P-FRS,SUP-RES2,Pacific Resin Traders,Plastic Resin,Direct Materials,Taiwan,Preferred,False,True,225258,87.18,0.7681,0.7032,0.7699,158392.56,173010.71,-14618.15,15040.98
2024-03-01,P-FRS,SUP-STL1,Great Lakes Steel Co.,Steel & Metal,Direct Materials,USA,Strategic,False,True,41494,75.85,0.8653,0.818,0.8111,33941.26,35905.13,-1963.86,-285.69
2024-03-01,P-FRS,SUP-STL2,Rio Grande Metals,Steel & Metal,Direct Materials,Mexico,Preferred,False,True,19172,75.85,0.8653,0.8261,0.8405,15839.26,16590.28,-751.03,275.62
2024-03-01,P-FRS,SUP-STL3,Keystone Alloy Supply,Steel & Metal,Direct Materials,USA,Transactional,False,False,7702,75.85,0.8653,0.8813,0.8909,6788.25,6664.91,123.34,74.11
2024-03-01,P-FRS,SUP-ELE1,Shenzhen Circuit Works,Electrical/Electronic,Direct Materials,China,Strategic,False,True,12842,108.82,2.4509,2.4227,2.3573,31112.83,31475.75,-362.93,-838.96
2024-03-01,P-FRS,SUP-ELE2,Lone Star Connectors,Electrical/Electronic,Direct Materials,USA,Preferred,False,True,6862,108.82,2.4509,2.4728,2.4428,16970.63,16820.45,150.18,-205.69
2024-03-01,P-FRS,SUP-ELE3,Vertex Components,Electrical/Electronic,Direct Materials,USA,Transactional,False,False,3162,108.82,2.4509,2.6833,2.5894,8485.32,7750.32,735.0,-297.09
2024-04-01,P-FRS,SUP-RES1,Gulf Coast Polymers,Plastic Resin,Direct Materials,USA,Strategic,False,True,368141,88.1,0.7681,0.7135,0.743,262661.13,282751.8,-20090.68,10861.21
2024-04-01,P-FRS,SUP-RES2,Pacific Resin Traders,Plastic Resin,Direct Materials,Taiwan,Preferred,False,True,201938,88.1,0.7681,0.7004,0.7699,141432.91,155099.48,-13666.56,14045.62
2024-04-01,P-FRS,SUP-STL1,Great Lakes Steel Co.,Steel & Metal,Direct Materials,USA,Strategic,False,True,38053,74.19,0.8653,0.7964,0.8111,30307.05,32928.34,-2621.29,558.24
2024-04-01,P-FRS,SUP-STL2,Rio Grande Metals,Steel & Metal,Direct Materials,Mexico,Preferred,False,True,17529,74.19,0.8653,0.8068,0.8405,14143.29,15168.73,-1025.44,590.77
2024-04-01,P-FRS,SUP-STL3,Keystone Alloy Supply,Steel & Metal,Direct Materials,USA,Transactional,False,False,6994,74.19,0.8653,0.8666,0.8909,6061.41,6052.65,8.76,170.55
2024-04-01,P-FRS,SUP-ELE1,Shenzhen Circuit Works,Electrical/Electronic,Direct Materials,China,Strategic,False,True,11387,108.92,2.4509,2.4397,2.3573,27781.47,27909.55,-128.09,-937.63
2024-04-01,P-FRS,SUP-ELE2,Lone Star Connectors,Electrical/Electronic,Direct Materials,USA,Preferred,False,True,6145,108.92,2.4509,2.4659,2.4428,15153.53,15061.22,92.3,-142.01
2024-04-01,P-FRS,SUP-ELE3,Vertex Components,Electrical/Electronic,Direct Materials,USA,Transactional,False,False,2810,108.92,2.4509,2.6957,2.5894,7576.76,6888.7,688.06,-298.84
2024-05-01,P-FRS,SUP-RES1,Gulf Coast Polymers,Plastic Resin,Direct Materials,USA,Strategic,False,True,383955,88.0,0.7681,0.7232,0.743,277690.23,294897.98,-17207.76,7581.82
2024-05-01,P-FRS,SUP-RES2,Pacific Resin Traders,Plastic Resin,Direct Materials,Taiwan,Preferred,False,True,216581,88.0,0.7681,0.6904,0.7699,149525.51,166346.1,-16820.6,17227.14
2024-05-01,P-FRS,SUP-STL1,Great Lakes Steel Co.,Steel & Metal,Direct Materials,USA,Strategic,False,True,40681,74.2,0.8653,0.7876,0.8111,32041.18,35202.06,-3160.88,955.38
2024-05-01,P-FRS,SUP-STL2,Rio Grande Metals,Steel & Metal,Direct Materials,Mexico,Preferred,False,True,18254,74.2,0.8653,0.8191,0.8405,14952.55,15795.56,-843.0,390.37
2024-05-01,P-FRS,SUP-STL3,Keystone Alloy Supply,Steel & Metal,Direct Materials,USA,Transactional,False,False,7438,74.2,0.8653,0.8615,0.8909,6408.24,6436.33,-28.09,218.77
2024-05-01,P-FRS,SUP-ELE1,Shenzhen Circuit Works,Electrical/Electronic,Direct Materials,China,Strategic,False,True,12232,109.06,2.4509,2.401,2.3573,29371.08,29981.77,-610.69,-534.15
2024-05-01,P-FRS,SUP-ELE2,Lone Star Connectors,Electrical/Electronic,Direct Materials,USA,Preferred,False,True,6475,109.06,2.4509,2.4741,2.4428,16020.59,15870.24,150.35,-202.72
2024-05-01,P-FRS,SUP-ELE3,Vertex Components,Electrical/Electronic,Direct Materials,USA,Transactional,False,False,3108,109.06,2.4509,2.5765,2.5894,8010.3,7619.85,390.44,40.09
2024-06-01,P-FRS,SUP-RES1,Gulf Coast Polymers,Plastic Resin,Direct Materials,USA,Strategic,False,True,381010,87.8,0.7681,0.7093,0.743,270247.88,292635.96,-22388.08,12835.97
2024-06-01,P-FRS,SUP-RES2,Pacific Resin Traders,Plastic Resin,Direct Materials,Taiwan,Preferred,False,True,211500,87.8,0.7681,0.688,0.7699,145518.09,162443.73,-16925.64,17322.65
2024-06-01,P-FRS,SUP-STL1,Great Lakes Steel Co.,Steel & Metal,Direct Materials,USA,Strategic,False,True,40460,72.89,0.8653,0.7707,0.8111,31182.45,35010.55,-3828.1,1634.6
2024-06-01,P-FRS,SUP-STL2,Rio Grande Metals,Steel & Metal,Direct Materials,Mexico,Preferred,False,True,18112,72.89,0.8653,0.8034,0.8405,14551.81,15672.79,-1120.98,671.86
2024-06-01,P-FRS,SUP-STL3,Keystone Alloy Supply,Steel & Metal,Direct Materials,USA,Transactional,False,False,7254,72.89,0.8653,0.8597,0.8909,6236.49,6276.98,-40.49,226.45
2024-06-01,P-FRS,SUP-ELE1,Shenzhen Circuit Works,Electrical/Electronic,Direct Materials,China,Strategic,False,True,12023,109.24,2.4509,2.3773,2.3573,28583.91,29469.02,-885.11,-240.15
2024-06-01,P-FRS,SUP-ELE2,Lone Star Connectors,Electrical/Electronic,Direct Materials,USA,Preferred,False,True,6164,109.24,2.4509,2.5293,2.4428,15591.22,15107.79,483.43,-533.29
2024-06-01,P-FRS,SUP-ELE3,Vertex Components,Electrical/Electronic,Direct Materials,USA,Transactional,False,False,2918,109.24,2.4509,2.6715,2.5894,7795.61,7152.01,643.6,-239.5
2024-07-01,P-FRS,SUP-RES1,Gulf Coast Polymers,Plastic Resin,Direct Materials,USA,Strategic,False,True,412530,89.17,0.7681,0.7394,0.743,305040.13,316845.3,-11805.17,1462.84
2024-07-01,P-FRS,SUP-RES2,Pacific Resin Traders,Plastic Resin,Direct Materials,Taiwan,Preferred,False,True,238337,89.17,0.7681,0.6892,0.7699,164252.38,183056.04,-18803.66,19251.04
2024-07-01,P-FRS,SUP-STL1,Great Lakes Steel Co.,Steel & Metal,Direct Materials,USA,Strategic,False,True,46747,71.16,0.8653,0.7529,0.8111,35196.94,40451.09,-5254.15,2719.78
2024-07-01,P-FRS,SUP-STL2,Rio Grande Metals,Steel & Metal,Direct Materials,Mexico,Preferred,False,True,20596,71.16,0.8653,0.7975,0.8405,16425.24,17822.66,-1397.43,886.71
2024-07-01,P-FRS,SUP-STL3,Keystone Alloy Supply,Steel & Metal,Direct Materials,USA,Transactional,False,False,8708,71.16,0.8653,0.8083,0.8909,7039.39,7535.64,-496.25,719.49
2024-07-01,P-FRS,SUP-ELE1,Shenzhen Circuit Works,Electrical/Electronic,Direct Materials,China,Strategic,False,True,13261,109.09,2.4509,2.4329,2.3573,32263.86,32502.22,-238.36,-1002.72
2024-07-01,P-FRS,SUP-ELE2,Lone Star Connectors,Electrical/Electronic,Direct Materials,USA,Preferred,False,True,7103,109.09,2.4509,2.4775,2.4428,17598.47,17409.8,188.67,-246.13
2024-07-01,P-FRS,SUP-ELE3,Vertex Components,Electrical/Electronic,Direct Materials,USA,Transactional,False,False,3311,109.09,2.4509,2.657,2.5894,8799.23,8116.62,682.61,-224.01
2024-08-01,P-FRS,SUP-RES1,Gulf Coast Polymers,Plastic Resin,Direct Materials,USA,Strategic,False,True,409262,88.89,0.7681,0.7269,0.743,297494.03,314335.25,-16841.22,6580.82
2024-08-01,P-FRS,SUP-RES2,Pacific Resin Traders,Plastic Resin,Direct Materials,Taiwan,Preferred,False,True,229027,88.89,0.7681,0.6994,0.7699,160189.09,175905.56,-15716.46,16146.37
2024-08-01,P-FRS,SUP-STL1,Great Lakes Steel Co.,Steel & Metal,Direct Materials,USA,Strategic,False,True,45930,69.78,0.8653,0.7474,0.8111,34326.23,39743.58,-5417.35,2927.31
2024-08-01,P-FRS,SUP-STL2,Rio Grande Metals,Steel & Metal,Direct Materials,Mexico,Preferred,False,True,21075,69.78,0.8653,0.7601,0.8405,16018.91,18236.83,-2217.92,1695.33
2024-08-01,P-FRS,SUP-STL3,Keystone Alloy Supply,Steel & Metal,Direct Materials,USA,Transactional,False,False,8058,69.78,0.8653,0.8519,0.8909,6865.25,6972.9,-107.65,314.23
2024-08-01,P-FRS,SUP-ELE1,Shenzhen Circuit Works,Electrical/Electronic,Direct Materials,China,Strategic,False,True,13036,109.17,2.4509,2.4136,2.3573,31465.72,31952.22,-486.51,-733.58
2024-08-01,P-FRS,SUP-ELE2,Lone Star Connectors,Electrical/Electronic,Direct Materials,USA,Preferred,False,True,6944,109.17,2.4509,2.4714,2.4428,17163.12,17021.18,141.94,-198.11
2024-08-01,P-FRS,SUP-ELE3,Vertex Components,Electrical/Electronic,Direct Materials,USA,Transactional,False,False,3193,109.17,2.4509,2.6875,2.5894,8581.56,7826.05,755.51,-313.32
2024-09-01,P-FRS,SUP-RES1,Gulf Coast Polymers,Plastic Resin,Direct Materials,USA,Strategic,False,True,447053,86.67,0.7681,0.7068,0.743,315981.24,343361.09,-27379.85,16171.99
2024-09-01,P-FRS,SUP-RES2,Pacific Resin Traders,Plastic Resin,Direct Materials,Taiwan,Preferred,False,True,243828,86.67,0.7681,0.6978,0.7699,170143.74,187272.85,-17129.11,17586.79
2024-09-01,P-FRS,SUP-STL1,Great Lakes Steel Co.,Steel & Metal,Direct Materials,USA,Strategic,False,True,49417,68.85,0.8653,0.7378,0.8111,36459.37,42761.64,-6302.27,3623.14
2024-09-01,P-FRS,SUP-STL2,Rio Grande Metals,Steel & Metal,Direct Materials,Mexico,Preferred,False,True,22677,68.85,0.8653,0.7503,0.8405,17014.37,19623.0,-2608.62,2046.31
2024-09-01,P-FRS,SUP-STL3,Keystone Alloy Supply,Steel & Metal,Direct Materials,USA,Transactional,False,False,9226,68.85,0.8653,0.7904,0.8909,7291.87,7983.33,-691.45,927.96
2024-09-01,P-FRS,SUP-ELE1,Shenzhen Circuit Works,Electrical/Electronic,Direct Materials,China,Strategic,False,True,13906,109.39,2.4509,2.4033,2.3573,33421.09,34083.75,-662.66,-638.82
2024-09-01,P-FRS,SUP-ELE2,Lone Star Connectors,Electrical/Electronic,Direct Materials,USA,Preferred,False,True,7142,109.39,2.4509,2.5523,2.4428,18229.69,17505.42,724.26,-782.03
2024-09-01,P-FRS,SUP-ELE3,Vertex Components,Electrical/Electronic,Direct Materials,USA,Transactional,False,False,3428,109.39,2.4509,2.6589,2.5894,9114.84,8401.85,712.99,-238.27
2024-10-01,P-FRS,SUP-RES1,Gulf Coast Polymers,Plastic Resin,Direct Materials,USA,Strategic,False,True,496133,87.75,0.7681,0.721,0.743,357693.15,381057.04,-23363.89,10925.59
2024-10-01,P-FRS,SUP-RES2,Pacific Resin Traders,Plastic Resin,Direct Materials,Taiwan,Preferred,False,True,280796,87.75,0.7681,0.6859,0.7699,192604.0,215666.85,-23062.84,23589.92
2024-10-01,P-FRS,SUP-STL1,Great Lakes Steel Co.,Steel & Metal,Direct Materials,USA,Strategic,False,True,54274,69.49,0.8653,0.7604,0.8111,41272.29,46963.96,-5691.67,2749.26
2024-10-01,P-FRS,SUP-STL2,Rio Grande Metals,Steel & Metal,Direct Materials,Mexico,Preferred,False,True,25608,69.49,0.8653,0.7521,0.8405,19260.4,22159.02,-2898.62,2263.64
2024-10-01,P-FRS,SUP-STL3,Keystone Alloy Supply,Steel & Metal,Direct Materials,USA,Transactional,False,False,10094,69.49,0.8653,0.8177,0.8909,8254.46,8735.07,-480.61,739.39
2024-10-01,P-FRS,SUP-ELE1,Shenzhen Circuit Works,Electrical/Electronic,Direct Materials,China,Strategic,False,True,15458,109.56,2.4509,2.4475,2.3573,37832.93,37886.45,-53.52,-1393.16
2024-10-01,P-FRS,SUP-ELE2,Lone Star Connectors,Electrical/Electronic,Direct Materials,USA,Preferred,False,True,8246,109.56,2.4509,2.5025,2.4428,20636.14,20210.68,425.46,-492.16
2024-10-01,P-FRS,SUP-ELE3,Vertex Components,Electrical/Electronic,Direct Materials,USA,Transactional,False,False,3880,109.56,2.4509,2.659,2.5894,10318.07,9510.67,807.41,-270.03
2024-11-01,P-FRS,SUP-RES1,Gulf Coast Polymers,Plastic Resin,Direct Materials,USA,Strategic,False,True,465701,87.13,0.7681,0.7058,0.743,328712.98,357683.2,-28970.23,17294.88
2024-11-01,P-FRS,SUP-RES2,Pacific Resin Traders,Plastic Resin,Direct Materials,Taiwan,Preferred,False,True,258936,87.13,0.7681,0.6836,0.7699,176999.3,198877.22,-21877.93,22363.98
2024-11-01,P-FRS,SUP-STL1,Great Lakes Steel Co.,Steel & Metal,Direct Materials,USA,Strategic,False,True,50118,70.36,0.8653,0.7568,0.8111,37928.42,43368.11,-5439.69,2722.57
2024-11-01,P-FRS,SUP-STL2,Rio Grande Metals,Steel & Metal,Direct Materials,Mexico,Preferred,False,True,22194,70.36,0.8653,0.7975,0.8405,17699.93,19205.15,-1505.22,954.89
2024-11-01,P-FRS,SUP-STL3,Keystone Alloy Supply,Steel & Metal,Direct Materials,USA,Transactional,False,False,9334,70.36,0.8653,0.8127,0.8909,7585.68,8076.82,-491.14,730.42
2024-11-01,P-FRS,SUP-ELE1,Shenzhen Circuit Works,Electrical/Electronic,Direct Materials,China,Strategic,False,True,14105,110.08,2.4509,2.4648,2.3573,34767.72,34572.08,195.64,-1515.76
2024-11-01,P-FRS,SUP-ELE2,Lone Star Connectors,Electrical/Electronic,Direct Materials,USA,Preferred,False,True,7482,110.08,2.4509,2.5345,2.4428,18964.21,18338.86,625.35,-685.87
2024-11-01,P-FRS,SUP-ELE3,Vertex Components,Electrical/Electronic,Direct Materials,USA,Transactional,False,False,3490,110.08,2.4509,2.7163,2.5894,9482.11,8555.63,926.48,-443.07
2024-12-01,P-FRS,SUP-RES1,Gulf Coast Polymers,Plastic Resin,Direct Materials,USA,Strategic,False,True,423304,86.61,0.7681,0.7299,0.743,308962.43,325120.24,-16157.81,5545.37
2024-12-01,P-FRS,SUP-RES2,Pacific Resin Traders,Plastic Resin,Direct Materials,Taiwan,Preferred,False,True,241488,86.61,0.7681,0.6889,0.7699,166364.39,185475.6,-19111.22,19564.51
2024-12-01,P-FRS,SUP-STL1,Great Lakes Steel Co.,Steel & Metal,Direct Materials,USA,Strategic,False,True,47905,68.07,0.8653,0.7442,0.8111,35649.51,41453.08,-5803.57,3206.43
2024-12-01,P-FRS,SUP-STL2,Rio Grande Metals,Steel & Metal,Direct Materials,Mexico,Preferred,False,True,21952,68.07,0.8653,0.7578,0.8405,16636.44,18995.73,-2359.29,1814.96
2024-12-01,P-FRS,SUP-STL3,Keystone Alloy Supply,Steel & Metal,Direct Materials,USA,Transactional,False,False,9147,68.07,0.8653,0.7794,0.8909,7129.9,7915.76,-785.85,1020.36
2024-12-01,P-FRS,SUP-ELE1,Shenzhen Circuit Works,Electrical/Electronic,Direct Materials,China,Strategic,False,True,13282,110.15,2.4509,2.4603,2.3573,32678.72,32553.58,125.14,-1368.19
2024-12-01,P-FRS,SUP-ELE2,Lone Star Connectors,Electrical/Electronic,Direct Materials,USA,Preferred,False,True,7026,110.15,2.4509,2.5367,2.4428,17824.76,17222.03,602.72,-659.56
2024-12-01,P-FRS,SUP-ELE3,Vertex Components,Electrical/Electronic,Direct Materials,USA,Transactional,False,False,3291,110.15,2.4509,2.7076,2.5894,8912.38,8067.34,845.04,-389.22
2022-01-01,P-AUS,SUP-MRO1,Fastline Industrial MRO,MRO,MRO,USA,Preferred,False,True,112902,100.0,0.9669,1.0249,1.0,115708.69,109165.43,6543.25,-2806.18
2022-01-01,P-AUS,SUP-MRO2,Toolcraft Supply,MRO,MRO,USA,Transactional,False,False,26826,100.0,0.9669,1.1091,1.0,29753.66,25938.47,3815.19,-2927.23
2022-01-01,P-AUS,SUP-MRO3,Sunbelt Facility Parts,MRO,MRO,USA,Transactional,False,False,18702,100.0,0.9669,1.0606,1.0,19835.77,18083.18,1752.59,-1133.55
2022-01-01,P-FRS,SUP-MRO1,Fastline Industrial MRO,MRO,MRO,USA,Preferred,False,True,50802,100.0,0.9669,0.9784,1.0,49707.2,49120.55,586.65,1094.89
2022-01-01,P-FRS,SUP-MRO2,Toolcraft Supply,MRO,MRO,USA,Transactional,False,False,12075,100.0,0.9669,1.0585,1.0,12781.85,11675.84,1106.01,-706.31
2022-01-01,P-FRS,SUP-MRO3,Sunbelt Facility Parts,MRO,MRO,USA,Transactional,False,False,7889,100.0,0.9669,1.0801,1.0,8521.23,7628.05,893.19,-632.05
2022-01-01,P-GRN,SUP-MRO1,Fastline Industrial MRO,MRO,MRO,USA,Preferred,False,True,238244,100.0,0.9669,1.0119,1.0,241074.44,230358.39,10716.05,-2830.16
2022-01-01,P-GRN,SUP-MRO2,Toolcraft Supply,MRO,MRO,USA,Transactional,False,False,58791,100.0,0.9669,1.0544,1.0,61990.57,56845.77,5144.8,-3198.79
2022-01-01,P-GRN,SUP-MRO3,Sunbelt Facility Parts,MRO,MRO,USA,Transactional,False,False,38322,100.0,0.9669,1.0784,1.0,41327.05,37053.57,4273.48,-3005.02
2022-01-01,P-GRP,SUP-MRO1,Fastline Industrial MRO,MRO,MRO,USA,Preferred,False,True,97184,100.0,0.9669,0.9965,1.0,96842.07,93967.67,2874.41,342.4
2022-01-01,P-GRP,SUP-MRO2,Toolcraft Supply,MRO,MRO,USA,Transactional,False,False,23479,100.0,0.9669,1.0606,1.0,24902.25,22702.62,2199.63,-1422.45
2022-01-01,P-GRP,SUP-MRO3,Sunbelt Facility Parts,MRO,MRO,USA,Transactional,False,False,15583,100.0,0.9669,1.0653,1.0,16601.5,15067.4,1534.09,-1018.29
2022-01-01,P-PHX,SUP-MRO1,Fastline Industrial MRO,MRO,MRO,USA,Preferred,False,True,52450,100.0,0.9669,1.0054,1.0,52733.49,50714.21,2019.28,-283.17
2022-01-01,P-PHX,SUP-MRO2,Toolcraft Supply,MRO,MRO,USA,Transactional,False,False,12989,100.0,0.9669,1.044,1.0,13560.04,12559.21,1000.83,-570.89
2022-01-01,P-PHX,SUP-MRO3,Sunbelt Facility Parts,MRO,MRO,USA,Transactional,False,False,8102,100.0,0.9669,1.1157,1.0,9040.03,7834.55,1205.48,-937.27
2022-01-01,P-TOL,SUP-MRO1,Fastline Industrial MRO,MRO,MRO,USA,Preferred,False,True,112806,100.0,0.9669,0.9777,1.0,110286.59,109072.78,1213.81,2520.09
2022-01-01,P-TOL,SUP-MRO2,Toolcraft Supply,MRO,MRO,USA,Transactional,False,False,27057,100.0,0.9669,1.0481,1.0,28359.41,26162.01,2197.4,-1301.79
2022-01-01,P-TOL,SUP-MRO3,Sunbelt Facility Parts,MRO,MRO,USA,Transactional,False,False,18319,100.0,0.9669,1.032,1.0,18906.27,17713.41,1192.86,-586.48
2022-02-01,P-AUS,SUP-MRO1,Fastline Industrial MRO,MRO,MRO,USA,Preferred,False,True,109806,100.68,0.9669,1.024,1.0068,112439.9,106171.71,6268.19,-1886.92
2022-02-01,P-AUS,SUP-MRO2,Toolcraft Supply,MRO,MRO,USA,Transactional,False,False,26827,100.68,0.9669,1.0778,1.0068,28913.12,25939.25,2973.87,-1903.47
2022-02-01,P-AUS,SUP-MRO3,Sunbelt Facility Parts,MRO,MRO,USA,Transactional,False,False,17694,100.68,0.9669,1.0893,1.0068,19275.41,17108.76,2166.65,-1460.65
2022-02-01,P-FRS,SUP-MRO1,Fastline Industrial MRO,MRO,MRO,USA,Preferred,False,True,43271,100.68,0.9669,1.012,1.0068,43791.36,41839.09,1952.28,-225.75
2022-02-01,P-FRS,SUP-MRO2,Toolcraft Supply,MRO,MRO,USA,Transactional,False,False,10643,100.68,0.9669,1.058,1.0068,11260.64,10291.31,969.32,-544.64
2022-02-01,P-FRS,SUP-MRO3,Sunbelt Facility Parts,MRO,MRO,USA,Transactional,False,False,7129,100.68,0.9669,1.053,1.0068,7507.09,6893.32,613.77,-329.31
2022-02-01,P-GRN,SUP-MRO1,Fastline Industrial MRO,MRO,MRO,USA,Preferred,False,True,208590,100.68,0.9669,1.027,1.0068,214212.6,201685.99,12526.61,-4203.86
2022-02-01,P-GRN,SUP-MRO2,Toolcraft Supply,MRO,MRO,USA,Transactional,False,False,52158,100.68,0.9669,1.0561,1.0068,55083.24,50431.93,4651.31,-2570.19
2022-02-01,P-GRN,SUP-MRO3,Sunbelt Facility Parts,MRO,MRO,USA,Transactional,False,False,34415,100.68,0.9669,1.067,1.0068,36722.16,33275.97,3446.19,-2073.02
2022-02-01,P-GRP,SUP-MRO1,Fastline Industrial MRO,MRO,MRO,USA,Preferred,False,True,100042,100.68,0.9669,1.0479,1.0068,104830.08,96731.04,8099.04,-4107.35
2022-02-01,P-GRP,SUP-MRO2,Toolcraft Supply,MRO,MRO,USA,Transactional,False,False,24519,100.68,0.9669,1.0994,1.0068,26956.31,23707.8,3248.51,-2270.19
2022-02-01,P-GRP,SUP-MRO3,Sunbelt Facility Parts,MRO,MRO,USA,Transactional,False,False,17027,100.68,0.9669,1.0554,1.0068,17970.87,16463.59,1507.29,-827.9
2022-02-01,P-PHX,SUP-MRO1,Fastline Industrial MRO,MRO,MRO,USA,Preferred,False,True,62102,100.68,0.9669,0.9826,1.0068,61023.95,60046.54,977.41,1500.47
2022-02-01,P-PHX,SUP-MRO2,Toolcraft Supply,MRO,MRO,USA,Transactional,False,False,14875,100.68,0.9669,1.0549,1.0068,15691.87,14383.4,1308.48,-714.93
2022-02-01,P-PHX,SUP-MRO3,Sunbelt Facility Parts,MRO,MRO,USA,Transactional,False,False,10079,100.68,0.9669,1.0379,1.0068,10461.25,9745.55,715.7,-313.54
2022-02-01,P-TOL,SUP-MRO1,Fastline Industrial MRO,MRO,MRO,USA,Preferred,False,True,89041,100.68,0.9669,1.048,1.0068,93313.54,86094.2,7219.34,-3666.59
2022-02-01,P-TOL,SUP-MRO2,Toolcraft Supply,MRO,MRO,USA,Transactional,False,False,22811,100.68,0.9669,1.0519,1.0068,23994.91,22055.98,1938.93,-1028.77
2022-02-01,P-TOL,SUP-MRO3,Sunbelt Facility Parts,MRO,MRO,USA,Transactional,False,False,14933,100.68,0.9669,1.0712,1.0068,15996.61,14439.01,1557.6,-961.76
2022-03-01,P-AUS,SUP-MRO1,Fastline Industrial MRO,MRO,MRO,USA,Preferred,False,True,120119,101.28,0.9669,0.9954,1.0128,119565.39,116143.6,3421.79,2091.7
2022-03-01,P-AUS,SUP-MRO2,Toolcraft Supply,MRO,MRO,USA,Transactional,False,False,28074,101.28,0.9669,1.0951,1.0128,30745.39,27145.11,3600.28,-2311.67
2022-03-01,P-AUS,SUP-MRO3,Sunbelt Facility Parts,MRO,MRO,USA,Transactional,False,False,19261,101.28,0.9669,1.0641,1.0128,20496.92,18623.83,1873.09,-988.99
2022-03-01,P-FRS,SUP-MRO1,Fastline Industrial MRO,MRO,MRO,USA,Preferred,False,True,50978,101.28,0.9669,1.0367,1.0128,52848.92,49290.7,3558.22,-1218.33
2022-03-01,P-FRS,SUP-MRO2,Toolcraft Supply,MRO,MRO,USA,Transactional,False,False,12715,101.28,0.9669,1.0687,1.0128,13589.72,12294.84,1294.88,-711.23
2022-03-01,P-FRS,SUP-MRO3,Sunbelt Facility Parts,MRO,MRO,USA,Transactional,False,False,8296,101.28,0.9669,1.092,1.0128,9059.82,8021.57,1038.24,-657.45
2022-03-01,P-GRN,SUP-MRO1,Fastline Industrial MRO,MRO,MRO,USA,Preferred,False,True,196419,101.28,0.9669,1.0267,1.0128,201671.99,189918.36,11753.63,-2737.96
2022-03-01,P-GRN,SUP-MRO2,Toolcraft Supply,MRO,MRO,USA,Transactional,False,False,47347,101.28,0.9669,1.0953,1.0128,51858.51,45779.84,6078.67,-3905.44
2022-03-01,P-GRN,SUP-MRO3,Sunbelt Facility Parts,MRO,MRO,USA,Transactional,False,False,31760,101.28,0.9669,1.0885,1.0128,34572.34,30709.65,3862.69,-2404.86
2022-03-01,P-GRP,SUP-MRO1,Fastline Industrial MRO,MRO,MRO,USA,Preferred,False,True,98161,101.28,0.9669,0.9842,1.0128,96611.31,94912.12,1699.18,2806.42
2022-03-01,P-GRP,SUP-MRO2,Toolcraft Supply,MRO,MRO,USA,Transactional,False,False,23656,101.28,0.9669,1.0501,1.0128,24842.91,22873.77,1969.13,-883.29
2022-03-01,P-GRP,SUP-MRO3,Sunbelt Facility Parts,MRO,MRO,USA,Transactional,False,False,15513,101.28,0.9669,1.0676,1.0128,16561.94,15000.1,1561.84,-849.77
2022-03-01,P-PHX,SUP-MRO1,Fastline Industrial MRO,MRO,MRO,USA,Preferred,False,True,49590,101.28,0.9669,1.0141,1.0128,50288.43,47949.49,2338.94,-62.72
2022-03-01,P-PHX,SUP-MRO2,Toolcraft Supply,MRO,MRO,USA,Transactional,False,False,12297,101.28,0.9669,1.0515,1.0128,12931.31,11890.58,1040.73,-476.27
2022-03-01,P-PHX,SUP-MRO3,Sunbelt Facility Parts,MRO,MRO,USA,Transactional,False,False,8276,101.28,0.9669,1.0417,1.0128,8620.87,8002.14,618.73,-238.86
2022-03-01,P-TOL,SUP-MRO1,Fastline Industrial MRO,MRO,MRO,USA,Preferred,False,True,98791,101.28,0.9669,1.0265,1.0128,101409.7,95521.76,5887.93,-1353.39
2022-03-01,P-TOL,SUP-MRO2,Toolcraft Supply,MRO,MRO,USA,Transactional,False,False,25188,101.28,0.9669,1.0353,1.0128,26076.78,24354.45,1722.32,-566.19
2022-03-01,P-TOL,SUP-MRO3,Sunbelt Facility Parts,MRO,MRO,USA,Transactional,False,False,16316,101.28,0.9669,1.0654,1.0128,17384.52,15776.87,1607.65,-858.71
2022-04-01,P-AUS,SUP-MRO1,Fastline Industrial MRO,MRO,MRO,USA,Preferred,False,True,105339,101.61,0.9669,1.0032,1.0161,105676.36,101853.0,3823.36,1359.36
2022-04-01,P-AUS,SUP-MRO2,Toolcraft Supply,MRO,MRO,USA,Transactional,False,False,25288,101.61,0.9669,1.0746,1.0161,27173.92,24451.57,2722.35,-1478.15
2022-04-01,P-AUS,SUP-MRO3,Sunbelt Facility Parts,MRO,MRO,USA,Transactional,False,False,16881,101.61,0.9669,1.0731,1.0161,18115.95,16322.87,1793.08,-962.5
2022-04-01,P-FRS,SUP-MRO1,Fastline Industrial MRO,MRO,MRO,USA,Preferred,False,True,42530,101.61,0.9669,1.0145,1.0161,43148.71,41123.11,2025.6,66.92
2022-04-01,P-FRS,SUP-MRO2,Toolcraft Supply,MRO,MRO,USA,Transactional,False,False,10412,101.61,0.9669,1.0655,1.0161,11095.38,10068.2,1027.18,-514.87
2022-04-01,P-FRS,SUP-MRO3,Sunbelt Facility Parts,MRO,MRO,USA,Transactional,False,False,6930,101.61,0.9669,1.0673,1.0161,7396.92,6700.85,696.07,-355.11
2022-04-01,P-GRN,SUP-MRO1,Fastline Industrial MRO,MRO,MRO,USA,Preferred,False,True,230534,101.61,0.9669,1.0088,1.0161,232559.19,222903.51,9655.68,1686.6
2022-04-01,P-GRN,SUP-MRO2,Toolcraft Supply,MRO,MRO,USA,Transactional,False,False,55707,101.61,0.9669,1.0735,1.0161,59800.93,53863.22,5937.72,-3196.93
2022-04-01,P-GRN,SUP-MRO3,Sunbelt Facility Parts,MRO,MRO,USA,Transactional,False,False,37894,101.61,0.9669,1.0521,1.0161,39867.29,36640.21,3227.08,-1362.67
2022-04-01,P-GRP,SUP-MRO1,Fastline Industrial MRO,MRO,MRO,USA,Preferred,False,True,90526,101.61,0.9669,1.04,1.0161,94145.2,87529.82,6615.38,-2161.49
2022-04-01,P-GRP,SUP-MRO2,Toolcraft Supply,MRO,MRO,USA,Transactional,False,False,22660,101.61,0.9669,1.0683,1.0161,24208.76,21910.13,2298.64,-1183.76
2022-04-01,P-GRP,SUP-MRO3,Sunbelt Facility Parts,MRO,MRO,USA,Transactional,False,False,15078,101.61,0.9669,1.0704,1.0161,16139.18,14579.07,1560.1,-818.26
2022-04-01,P-PHX,SUP-MRO1,Fastline Industrial MRO,MRO,MRO,USA,Preferred,False,True,44580,101.61,0.9669,1.0239,1.0161,45648.3,43105.31,2542.99,-349.6
2022-04-01,P-PHX,SUP-MRO2,Toolcraft Supply,MRO,MRO,USA,Transactional,False,False,10888,101.61,0.9669,1.078,1.0161,11738.13,10528.29,1209.85,-674.12
2022-04-01,P-PHX,SUP-MRO3,Sunbelt Facility Parts,MRO,MRO,USA,Transactional,False,False,7263,101.61,0.9669,1.0773,1.0161,7825.42,7023.32,802.1,-444.73
2022-04-01,P-TOL,SUP-MRO1,Fastline Industrial MRO,MRO,MRO,USA,Preferred,False,True,97259,101.61,0.9669,1.0317,1.0161,100338.91,94040.1,6298.81,-1513.65
2022-04-01,P-TOL,SUP-MRO2,Toolcraft Supply,MRO,MRO,USA,Transactional,False,False,24643,101.61,0.9669,1.047,1.0161,25801.43,23827.43,1974.0,-761.56
2022-04-01,P-TOL,SUP-MRO3,Sunbelt Facility Parts,MRO,MRO,USA,Transactional,False,False,15970,101.61,0.9669,1.0771,1.0161,17200.96,15441.49,1759.46,-973.73
2022-05-01,P-AUS,SUP-MRO1,Fastline Industrial MRO,MRO,MRO,USA,Preferred,False,True,121571,102.23,0.9669,1.0162,1.0223,123534.67,117547.11,5987.57,747.47
2022-05-01,P-AUS,SUP-MRO2,Toolcraft Supply,MRO,MRO,USA,Transactional,False,False,28037,102.23,0.9669,1.133,1.0223,31766.06,27109.43,4656.63,-3103.36
2022-05-01,P-AUS,SUP-MRO3,Sunbelt Facility Parts,MRO,MRO,USA,Transactional,False,False,20171,102.23,0.9669,1.0499,1.0223,21177.37,19503.99,1673.39,-555.88
2022-05-01,P-FRS,SUP-MRO1,Fastline Industrial MRO,MRO,MRO,USA,Preferred,False,True,44587,102.23,0.9669,1.0289,1.0223,45875.98,43111.31,2764.67,-294.54
2022-05-01,P-FRS,SUP-MRO2,Toolcraft Supply,MRO,MRO,USA,Transactional,False,False,10732,102.23,0.9669,1.0991,1.0223,11796.68,10377.72,1418.96,-824.35
2022-05-01,P-FRS,SUP-MRO3,Sunbelt Facility Parts,MRO,MRO,USA,Transactional,False,False,7248,102.23,0.9669,1.085,1.0223,7864.45,7008.34,856.11,-454.56
2022-05-01,P-GRN,SUP-MRO1,Fastline Industrial MRO,MRO,MRO,USA,Preferred,False,True,210815,102.23,0.9669,1.009,1.0223,212711.11,203837.6,8873.5,2805.68
2022-05-01,P-GRN,SUP-MRO2,Toolcraft Supply,MRO,MRO,USA,Transactional,False,False,48387,102.23,0.9669,1.1304,1.0223,54697.14,46785.44,7911.7,-5231.06
2022-05-01,P-GRN,SUP-MRO3,Sunbelt Facility Parts,MRO,MRO,USA,Transactional,False,False,33646,102.23,0.9669,1.0838,1.0223,36464.76,32532.46,3932.3,-2068.31
2022-05-01,P-GRP,SUP-MRO1,Fastline Industrial MRO,MRO,MRO,USA,Preferred,False,True,90840,102.23,0.9669,1.0441,1.0223,94841.85,87833.27,7008.58,-1976.04
2022-05-01,P-GRP,SUP-MRO2,Toolcraft Supply,MRO,MRO,USA,Transactional,False,False,22573,102.23,0.9669,1.0804,1.0223,24387.9,21826.25,2561.66,-1311.09
2022-05-01,P-GRP,SUP-MRO3,Sunbelt Facility Parts,MRO,MRO,USA,Transactional,False,False,14760,102.23,0.9669,1.1015,1.0223,16258.6,14272.05,1986.55,-1168.82
2022-05-01,P-PHX,SUP-MRO1,Fastline Industrial MRO,MRO,MRO,USA,Preferred,False,True,47064,102.23,0.9669,1.0204,1.0223,48022.36,45506.57,2515.79,91.58
2022-05-01,P-PHX,SUP-MRO2,Toolcraft Supply,MRO,MRO,USA,Transactional,False,False,11101,102.23,0.9669,1.1124,1.0223,12348.61,10733.75,1614.86,-999.85
2022-05-01,P-PHX,SUP-MRO3,Sunbelt Facility Parts,MRO,MRO,USA,Transactional,False,False,7672,102.23,0.9669,1.073,1.0223,8232.4,7418.56,813.84,-388.79
2022-05-01,P-TOL,SUP-MRO1,Fastline Industrial MRO,MRO,MRO,USA,Preferred,False,True,84817,102.23,0.9669,1.0164,1.0223,86211.04,82010.21,4200.83,498.07
2022-05-01,P-TOL,SUP-MRO2,Toolcraft Supply,MRO,MRO,USA,Transactional,False,False,20706,102.23,0.9669,1.0706,1.0223,22168.55,20020.64,2147.92,-1000.8
2022-05-01,P-TOL,SUP-MRO3,Sunbelt Facility Parts,MRO,MRO,USA,Transactional,False,False,13596,102.23,0.9669,1.087,1.0223,14779.04,13146.37,1632.66,-879.42
2022-06-01,P-AUS,SUP-MRO1,Fastline Industrial MRO,MRO,MRO,USA,Preferred,False,True,112859,103.09,0.9669,1.0419,1.0309,117586.48,109123.91,8462.57,-1239.56
2022-06-01,P-AUS,SUP-MRO2,Toolcraft Supply,MRO,MRO,USA,Transactional,False,False,27387,103.09,0.9669,1.104,1.0309,30236.52,26481.25,3755.27,-2002.46
2022-06-01,P-AUS,SUP-MRO3,Sunbelt Facility Parts,MRO,MRO,USA,Transactional,False,False,19014,103.09,0.9669,1.0601,1.0309,20157.68,18384.81,1772.87,-555.97
2022-06-01,P-FRS,SUP-MRO1,Fastline Industrial MRO,MRO,MRO,USA,Preferred,False,True,42844,103.09,0.9669,1.0263,1.0309,43969.93,41426.19,2543.75,198.29
2022-06-01,P-FRS,SUP-MRO2,Toolcraft Supply,MRO,MRO,USA,Transactional,False,False,10395,103.09,0.9669,1.0876,1.0309,11306.55,10051.58,1254.97,-589.65
2022-06-01,P-FRS,SUP-MRO3,Sunbelt Facility Parts,MRO,MRO,USA,Transactional,False,False,6810,103.09,0.9669,1.1067,1.0309,7537.7,6585.33,952.37,-516.48
2022-06-01,P-GRN,SUP-MRO1,Fastline Industrial MRO,MRO,MRO,USA,Preferred,False,True,217074,103.09,0.9669,1.0503,1.0309,227983.79,209889.2,18094.59,-4201.83
2022-06-01,P-GRN,SUP-MRO2,Toolcraft Supply,MRO,MRO,USA,Transactional,False,False,54075,103.09,0.9669,1.0841,1.0309,58624.4,52286.01,6338.39,-2877.53
2022-06-01,P-GRN,SUP-MRO3,Sunbelt Facility Parts,MRO,MRO,USA,Transactional,False,False,36251,103.09,0.9669,1.0781,1.0309,39082.94,35051.91,4031.02,-1710.9
2022-06-01,P-GRP,SUP-MRO1,Fastline Industrial MRO,MRO,MRO,USA,Preferred,False,True,99438,103.09,0.9669,1.0202,1.0309,101451.19,96147.5,5303.7,1060.4
2022-06-01,P-GRP,SUP-MRO2,Toolcraft Supply,MRO,MRO,USA,Transactional,False,False,24587,103.09,0.9669,1.061,1.0309,26087.45,23773.54,2313.91,-740.31
2022-06-01,P-GRP,SUP-MRO3,Sunbelt Facility Parts,MRO,MRO,USA,Transactional,False,False,16275,103.09,0.9669,1.0686,1.0309,17391.63,15736.84,1654.79,-613.16
2022-06-01,P-PHX,SUP-MRO1,Fastline Industrial MRO,MRO,MRO,USA,Preferred,False,True,51133,103.09,0.9669,1.0121,1.0309,51754.16,49440.77,2313.39,959.14
2022-06-01,P-PHX,SUP-MRO2,Toolcraft Supply,MRO,MRO,USA,Transactional,False,False,12502,103.09,0.9669,1.0644,1.0309,13308.21,12088.87,1219.34,-419.17
2022-06-01,P-PHX,SUP-MRO3,Sunbelt Facility Parts,MRO,MRO,USA,Transactional,False,False,8139,103.09,0.9669,1.09,1.0309,8872.14,7869.86,1002.28,-481.37
2022-06-01,P-TOL,SUP-MRO1,Fastline Industrial MRO,MRO,MRO,USA,Preferred,False,True,94467,103.09,0.9669,0.9992,1.0309,94389.13,91340.59,3048.54,2997.38
2022-06-01,P-TOL,SUP-MRO2,Toolcraft Supply,MRO,MRO,USA,Transactional,False,False,21631,103.09,0.9669,1.122,1.0309,24271.49,20915.85,3355.64,-1971.2
2022-06-01,P-TOL,SUP-MRO3,Sunbelt Facility Parts,MRO,MRO,USA,Transactional,False,False,14931,103.09,0.9669,1.0837,1.0309,16180.99,14436.99,1744.0,-788.4
2022-07-01,P-AUS,SUP-MRO1,Fastline Industrial MRO,MRO,MRO,USA,Preferred,False,True,107852,103.64,0.9669,1.072,1.0364,115614.79,104282.96,11331.83,-3836.06
2022-07-01,P-AUS,SUP-MRO2,Toolcraft Supply,MRO,MRO,USA,Transactional,False,False,26981,103.64,0.9669,1.1019,1.0364,29729.52,26088.09,3641.42,-1766.23
2022-07-01,P-AUS,SUP-MRO3,Sunbelt Facility Parts,MRO,MRO,USA,Transactional,False,False,17919,103.64,0.9669,1.106,1.0364,19819.68,17326.77,2492.91,-1247.47
2022-07-01,P-FRS,SUP-MRO1,Fastline Industrial MRO,MRO,MRO,USA,Preferred,False,True,46585,103.64,0.9669,1.0292,1.0364,47945.25,45043.57,2901.68,336.01
2022-07-01,P-FRS,SUP-MRO2,Toolcraft Supply,MRO,MRO,USA,Transactional,False,False,11197,103.64,0.9669,1.1011,1.0364,12328.78,10826.58,1502.2,-724.0
2022-07-01,P-FRS,SUP-MRO3,Sunbelt Facility Parts,MRO,MRO,USA,Transactional,False,False,7280,103.64,0.9669,1.129,1.0364,8219.19,7039.11,1180.08,-674.11
2022-07-01,P-GRN,SUP-MRO1,Fastline Industrial MRO,MRO,MRO,USA,Preferred,False,True,213628,103.64,0.9669,1.0297,1.0364,219980.36,206557.82,13422.54,1424.67
2022-07-01,P-GRN,SUP-MRO2,Toolcraft Supply,MRO,MRO,USA,Transactional,False,False,52159,103.64,0.9669,1.0845,1.0364,56566.38,50433.0,6133.38,-2508.29
2022-07-01,P-GRN,SUP-MRO3,Sunbelt Facility Parts,MRO,MRO,USA,Transactional,False,False,33806,103.64,0.9669,1.1155,1.0364,37710.92,32687.39,5023.53,-2673.98
2022-07-01,P-GRP,SUP-MRO1,Fastline Industrial MRO,MRO,MRO,USA,Preferred,False,True,97149,103.64,0.9669,1.0634,1.0364,103311.05,93933.66,9377.39,-2625.51
2022-07-01,P-GRP,SUP-MRO2,Toolcraft Supply,MRO,MRO,USA,Transactional,False,False,25228,103.64,0.9669,1.053,1.0364,26565.7,24393.87,2171.83,-418.42
2022-07-01,P-GRP,SUP-MRO3,Sunbelt Facility Parts,MRO,MRO,USA,Transactional,False,False,15726,103.64,0.9669,1.1262,1.0364,17710.47,15205.58,2504.89,-1411.92
2022-07-01,P-PHX,SUP-MRO1,Fastline Industrial MRO,MRO,MRO,USA,Preferred,False,True,49598,103.64,0.9669,1.0513,1.0364,52143.97,47956.94,4187.03,-739.92
2022-07-01,P-PHX,SUP-MRO2,Toolcraft Supply,MRO,MRO,USA,Transactional,False,False,12279,103.64,0.9669,1.0919,1.0364,13408.45,11873.3,1535.15,-681.71
2022-07-01,P-PHX,SUP-MRO3,Sunbelt Facility Parts,MRO,MRO,USA,Transactional,False,False,8215,103.64,0.9669,1.0881,1.0364,8938.97,7943.11,995.86,-424.91
2022-07-01,P-TOL,SUP-MRO1,Fastline Industrial MRO,MRO,MRO,USA,Preferred,False,True,90210,103.64,0.9669,0.9949,1.0364,89746.96,87224.84,2522.12,3747.53
2022-07-01,P-TOL,SUP-MRO2,Toolcraft Supply,MRO,MRO,USA,Transactional,False,False,20943,103.64,0.9669,1.1019,1.0364,23077.79,20250.45,2827.34,-1371.75
2022-07-01,P-TOL,SUP-MRO3,Sunbelt Facility Parts,MRO,MRO,USA,Transactional,False,False,13939,103.64,0.9669,1.1037,1.0364,15385.19,13477.92,1907.28,-938.5
2022-08-01,P-AUS,SUP-MRO1,Fastline Industrial MRO,MRO,MRO,USA,Preferred,False,True,123889,104.02,0.9669,1.0469,1.0402,129698.58,119788.51,9910.06,-828.98
2022-08-01,P-AUS,SUP-MRO2,Toolcraft Supply,MRO,MRO,USA,Transactional,False,False,30364,104.02,0.9669,1.0984,1.0402,33351.06,29359.13,3991.93,-1766.23
2022-08-01,P-AUS,SUP-MRO3,Sunbelt Facility Parts,MRO,MRO,USA,Transactional,False,False,20050,104.02,0.9669,1.1089,1.0402,22234.04,19387.01,2847.03,-1377.31
2022-08-01,P-FRS,SUP-MRO1,Fastline Industrial MRO,MRO,MRO,USA,Preferred,False,True,50634,104.02,0.9669,1.0399,1.0402,52652.11,48958.28,3693.84,17.66
2022-08-01,P-FRS,SUP-MRO2,Toolcraft Supply,MRO,MRO,USA,Transactional,False,False,12432,104.02,0.9669,1.089,1.0402,13539.12,12021.35,1517.76,-606.43
2022-08-01,P-FRS,SUP-MRO3,Sunbelt Facility Parts,MRO,MRO,USA,Transactional,False,False,7914,104.02,0.9669,1.1405,1.0402,9026.08,7652.27,1373.81,-793.7
2022-08-01,P-GRN,SUP-MRO1,Fastline Industrial MRO,MRO,MRO,USA,Preferred,False,True,233309,104.02,0.9669,1.0565,1.0402,246494.35,225586.63,20907.72,-3806.16
2022-08-01,P-GRN,SUP-MRO2,Toolcraft Supply,MRO,MRO,USA,Transactional,False,False,56400,104.02,0.9669,1.1238,1.0402,63384.26,54533.19,8851.07,-4716.95
2022-08-01,P-GRN,SUP-MRO3,Sunbelt Facility Parts,MRO,MRO,USA,Transactional,False,False,38477,104.02,0.9669,1.0982,1.0402,42256.17,37204.36,5051.81,-2231.38
2022-08-01,P-GRP,SUP-MRO1,Fastline Industrial MRO,MRO,MRO,USA,Preferred,False,True,102089,104.02,0.9669,1.0277,1.0402,104921.05,98710.34,6210.71,1272.45
2022-08-01,P-GRP,SUP-MRO2,Toolcraft Supply,MRO,MRO,USA,Transactional,False,False,23254,104.02,0.9669,1.1602,1.0402,26979.7,22484.63,4495.07,-2790.53
2022-08-01,P-GRP,SUP-MRO3,Sunbelt Facility Parts,MRO,MRO,USA,Transactional,False,False,15881,104.02,0.9669,1.1325,1.0402,17986.47,15355.86,2630.61,-1466.49
2022-08-01,P-PHX,SUP-MRO1,Fastline Industrial MRO,MRO,MRO,USA,Preferred,False,True,52727,104.02,0.9669,1.0744,1.0402,56649.8,50982.02,5667.78,-1802.87
2022-08-01,P-PHX,SUP-MRO2,Toolcraft Supply,MRO,MRO,USA,Transactional,False,False,13560,104.02,0.9669,1.0742,1.0402,14567.09,13111.84,1455.25,-461.25
2022-08-01,P-PHX,SUP-MRO3,Sunbelt Facility Parts,MRO,MRO,USA,Transactional,False,False,8744,104.02,0.9669,1.1106,1.0402,9711.39,8454.67,1256.72,-615.78
2022-08-01,P-TOL,SUP-MRO1,Fastline Industrial MRO,MRO,MRO,USA,Preferred,False,True,102899,104.02,0.9669,1.0234,1.0402,105305.59,99493.87,5811.72,1730.84
2022-08-01,P-TOL,SUP-MRO2,Toolcraft Supply,MRO,MRO,USA,Transactional,False,False,24427,104.02,0.9669,1.1085,1.0402,27078.58,23618.81,3459.77,-1669.25
2022-08-01,P-TOL,SUP-MRO3,Sunbelt Facility Parts,MRO,MRO,USA,Transactional,False,False,17161,104.02,0.9669,1.0519,1.0402,18052.39,16593.67,1458.71,-200.76
2022-09-01,P-AUS,SUP-MRO1,Fastline Industrial MRO,MRO,MRO,USA,Preferred,False,True,130835,104.3,0.9669,1.0263,1.043,134281.75,126505.3,7776.44,2180.17
2022-09-01,P-AUS,SUP-MRO2,Toolcraft Supply,MRO,MRO,USA,Transactional,False,False,30590,104.3,0.9669,1.1288,1.043,34529.59,29578.25,4951.35,-2623.39
2022-09-01,P-AUS,SUP-MRO3,Sunbelt Facility Parts,MRO,MRO,USA,Transactional,False,False,20638,104.3,0.9669,1.1154,1.043,23019.73,19955.56,3064.17,-1493.56
2022-09-01,P-FRS,SUP-MRO1,Fastline Industrial MRO,MRO,MRO,USA,Preferred,False,True,44546,104.3,0.9669,1.0538,1.043,46941.31,43071.73,3869.58,-479.61
2022-09-01,P-FRS,SUP-MRO2,Toolcraft Supply,MRO,MRO,USA,Transactional,False,False,10799,104.3,0.9669,1.1177,1.043,12070.62,10442.44,1628.19,-806.31
2022-09-01,P-FRS,SUP-MRO3,Sunbelt Facility Parts,MRO,MRO,USA,Transactional,False,False,7340,104.3,0.9669,1.0963,1.043,8047.08,7097.56,949.52,-390.9
2022-09-01,P-GRN,SUP-MRO1,Fastline Industrial MRO,MRO,MRO,USA,Preferred,False,True,223916,104.3,0.9669,1.0806,1.043,241967.12,216504.56,25462.56,-8422.54
2022-09-01,P-GRN,SUP-MRO2,Toolcraft Supply,MRO,MRO,USA,Transactional,False,False,57297,104.3,0.9669,1.0859,1.043,62220.12,55401.05,6819.06,-2458.72
2022-09-01,P-GRN,SUP-MRO3,Sunbelt Facility Parts,MRO,MRO,USA,Transactional,False,False,38550,104.3,0.9669,1.076,1.043,41480.08,37274.38,4205.69,-1272.01
2022-09-01,P-GRP,SUP-MRO1,Fastline Industrial MRO,MRO,MRO,USA,Preferred,False,True,111566,104.3,0.9669,1.0386,1.043,115870.42,107873.67,7996.75,493.46
2022-09-01,P-GRP,SUP-MRO2,Toolcraft Supply,MRO,MRO,USA,Transactional,False,False,26698,104.3,0.9669,1.116,1.043,29795.25,25815.08,3980.18,-1948.4
2022-09-01,P-GRP,SUP-MRO3,Sunbelt Facility Parts,MRO,MRO,USA,Transactional,False,False,18214,104.3,0.9669,1.0906,1.043,19863.5,17611.2,2252.3,-866.2
2022-09-01,P-PHX,SUP-MRO1,Fastline Industrial MRO,MRO,MRO,USA,Preferred,False,True,51534,104.3,0.9669,1.0633,1.043,54798.09,49828.63,4969.46,-1047.69
2022-09-01,P-PHX,SUP-MRO2,Toolcraft Supply,MRO,MRO,USA,Transactional,False,False,12780,104.3,0.9669,1.1026,1.043,14090.94,12357.19,1733.75,-761.18
2022-09-01,P-PHX,SUP-MRO3,Sunbelt Facility Parts,MRO,MRO,USA,Transactional,False,False,8532,104.3,0.9669,1.101,1.043,9393.96,8249.92,1144.04,-494.73
2022-09-01,P-TOL,SUP-MRO1,Fastline Industrial MRO,MRO,MRO,USA,Preferred,False,True,105816,104.3,0.9669,1.0241,1.043,108367.32,102313.62,6053.7,1998.91
2022-09-01,P-TOL,SUP-MRO2,Toolcraft Supply,MRO,MRO,USA,Transactional,False,False,24521,104.3,0.9669,1.1364,1.043,27865.88,23709.95,4155.94,-2289.84
2022-09-01,P-TOL,SUP-MRO3,Sunbelt Facility Parts,MRO,MRO,USA,Transactional,False,False,17225,104.3,0.9669,1.0785,1.043,18577.25,16655.66,1921.59,-610.71
2022-10-01,P-AUS,SUP-MRO1,Fastline Industrial MRO,MRO,MRO,USA,Preferred,False,True,134203,104.57,0.9669,1.0333,1.0457,138678.67,129761.55,8917.12,1658.13
2022-10-01,P-AUS,SUP-MRO2,Toolcraft Supply,MRO,MRO,USA,Transactional,False,False,32196,104.57,0.9669,1.1076,1.0457,35660.23,31131.17,4529.06,-1991.94
2022-10-01,P-AUS,SUP-MRO3,Sunbelt Facility Parts,MRO,MRO,USA,Transactional,False,False,21740,104.57,0.9669,1.0935,1.0457,23773.49,21020.57,2752.92,-1039.79
2022-10-01,P-FRS,SUP-MRO1,Fastline Industrial MRO,MRO,MRO,USA,Preferred,False,True,52084,104.57,0.9669,1.0707,1.0457,55769.17,50360.83,5408.34,-1304.06
2022-10-01,P-FRS,SUP-MRO2,Toolcraft Supply,MRO,MRO,USA,Transactional,False,False,12898,104.57,0.9669,1.1118,1.0457,14340.64,12471.23,1869.41,-853.04
2022-10-01,P-FRS,SUP-MRO3,Sunbelt Facility Parts,MRO,MRO,USA,Transactional,False,False,9125,104.57,0.9669,1.0477,1.0457,9560.43,8823.38,737.05,-17.96
2022-10-01,P-GRN,SUP-MRO1,Fastline Industrial MRO,MRO,MRO,USA,Preferred,False,True,242076,104.57,0.9669,1.0536,1.0457,255063.46,234063.79,20999.67,-1924.04
2022-10-01,P-GRN,SUP-MRO2,Toolcraft Supply,MRO,MRO,USA,Transactional,False,False,62375,104.57,0.9669,1.0515,1.0457,65587.75,60310.81,5276.93,-361.75
2022-10-01,P-GRN,SUP-MRO3,Sunbelt Facility Parts,MRO,MRO,USA,Transactional,False,False,40689,104.57,0.9669,1.0746,1.0457,43725.17,39343.09,4382.07,-1175.71
2022-10-01,P-GRP,SUP-MRO1,Fastline Industrial MRO,MRO,MRO,USA,Preferred,False,True,105988,104.57,0.9669,1.0622,1.0457,112578.2,102479.96,10098.23,-1746.36
2022-10-01,P-GRP,SUP-MRO2,Toolcraft Supply,MRO,MRO,USA,Transactional,False,False,26270,104.57,0.9669,1.102,1.0457,28948.68,25400.49,3548.19,-1478.11
2022-10-01,P-GRP,SUP-MRO3,Sunbelt Facility Parts,MRO,MRO,USA,Transactional,False,False,17321,104.57,0.9669,1.1142,1.0457,19299.12,16747.79,2551.33,-1186.43
2022-10-01,P-PHX,SUP-MRO1,Fastline Industrial MRO,MRO,MRO,USA,Preferred,False,True,57850,104.57,0.9669,1.0063,1.0457,58212.69,55935.36,2277.33,2281.27
2022-10-01,P-PHX,SUP-MRO2,Toolcraft Supply,MRO,MRO,USA,Transactional,False,False,13685,104.57,0.9669,1.0938,1.0457,14968.98,13232.91,1736.06,-657.61
2022-10-01,P-PHX,SUP-MRO3,Sunbelt Facility Parts,MRO,MRO,USA,Transactional,False,False,8805,104.57,0.9669,1.1333,1.0457,9979.32,8514.03,1465.29,-771.42
2022-10-01,P-TOL,SUP-MRO1,Fastline Industrial MRO,MRO,MRO,USA,Preferred,False,True,118703,104.57,0.9669,1.0705,1.0457,127072.45,114774.4,12298.05,-2944.21
2022-10-01,P-TOL,SUP-MRO2,Toolcraft Supply,MRO,MRO,USA,Transactional,False,False,28749,104.57,0.9669,1.1366,1.0457,32675.77,27797.82,4877.96,-2612.5
2022-10-01,P-TOL,SUP-MRO3,Sunbelt Facility Parts,MRO,MRO,USA,Transactional,False,False,19475,104.57,0.9669,1.1185,1.0457,21783.85,18830.9,2952.95,-1418.28
2022-11-01,P-AUS,SUP-MRO1,Fastline Industrial MRO,MRO,MRO,USA,Preferred,False,True,133061,104.96,0.9669,1.0948,1.0496,145677.7,128657.55,17020.15,-6015.93
2022-11-01,P-AUS,SUP-MRO2,Toolcraft Supply,MRO,MRO,USA,Transactional,False,False,33406,104.96,0.9669,1.1213,1.0496,37459.98,32300.45,5159.53,-2396.84
2022-11-01,P-AUS,SUP-MRO3,Sunbelt Facility Parts,MRO,MRO,USA,Transactional,False,False,22901,104.96,0.9669,1.0905,1.0496,24973.32,22143.3,2830.02,-936.08
2022-11-01,P-FRS,SUP-MRO1,Fastline Industrial MRO,MRO,MRO,USA,Preferred,False,True,46925,104.96,0.9669,1.0601,1.0496,49744.73,45372.32,4372.41,-491.67
2022-11-01,P-FRS,SUP-MRO2,Toolcraft Supply,MRO,MRO,USA,Transactional,False,False,11016,104.96,0.9669,1.1611,1.0496,12791.5,10651.66,2139.84,-1228.79
2022-11-01,P-FRS,SUP-MRO3,Sunbelt Facility Parts,MRO,MRO,USA,Transactional,False,False,7619,104.96,0.9669,1.1192,1.0496,8527.67,7367.01,1160.65,-530.55
2022-11-01,P-GRN,SUP-MRO1,Fastline Industrial MRO,MRO,MRO,USA,Preferred,False,True,259337,104.96,0.9669,1.0755,1.0496,278911.93,250753.56,28158.37,-6711.14
2022-11-01,P-GRN,SUP-MRO2,Toolcraft Supply,MRO,MRO,USA,Transactional,False,False,65075,104.96,0.9669,1.1021,1.0496,71720.21,62921.27,8798.94,-3417.21
2022-11-01,P-GRN,SUP-MRO3,Sunbelt Facility Parts,MRO,MRO,USA,Transactional,False,False,41960,104.96,0.9669,1.1395,1.0496,47813.47,40571.51,7241.96,-3771.84
2022-11-01,P-GRP,SUP-MRO1,Fastline Industrial MRO,MRO,MRO,USA,Preferred,False,True,113003,104.96,0.9669,1.0363,1.0496,117103.88,109263.48,7840.4,1505.03
2022-11-01,P-GRP,SUP-MRO2,Toolcraft Supply,MRO,MRO,USA,Transactional,False,False,28289,104.96,0.9669,1.0644,1.0496,30112.43,27352.85,2759.57,-420.05
2022-11-01,P-GRP,SUP-MRO3,Sunbelt Facility Parts,MRO,MRO,USA,Transactional,False,False,18450,104.96,0.9669,1.088,1.0496,20074.95,17839.88,2235.07,-709.21
2022-11-01,P-PHX,SUP-MRO1,Fastline Industrial MRO,MRO,MRO,USA,Preferred,False,True,57422,104.96,0.9669,1.0446,1.0496,59983.22,55521.94,4461.28,287.57
2022-11-01,P-PHX,SUP-MRO2,Toolcraft Supply,MRO,MRO,USA,Transactional,False,False,13975,104.96,0.9669,1.1037,1.0496,15424.26,13512.61,1911.64,-755.89
2022-11-01,P-PHX,SUP-MRO3,Sunbelt Facility Parts,MRO,MRO,USA,Transactional,False,False,9330,104.96,0.9669,1.102,1.0496,10282.84,9022.04,1260.8,-489.14
2022-11-01,P-TOL,SUP-MRO1,Fastline Industrial MRO,MRO,MRO,USA,Preferred,False,True,110485,104.96,0.9669,1.0635,1.0496,117500.21,106828.38,10671.84,-1534.69
2022-11-01,P-TOL,SUP-MRO2,Toolcraft Supply,MRO,MRO,USA,Transactional,False,False,26840,104.96,0.9669,1.1257,1.0496,30214.34,25952.54,4261.8,-2042.06
2022-11-01,P-TOL,SUP-MRO3,Sunbelt Facility Parts,MRO,MRO,USA,Transactional,False,False,17460,104.96,0.9669,1.1537,1.0496,20142.89,16882.18,3260.72,-1816.77
2022-12-01,P-AUS,SUP-MRO1,Fastline Industrial MRO,MRO,MRO,USA,Preferred,False,True,158096,105.29,0.9669,1.0153,1.0529,160509.58,152863.04,7646.54,5949.72
2022-12-01,P-AUS,SUP-MRO2,Toolcraft Supply,MRO,MRO,USA,Transactional,False,False,36539,105.29,0.9669,1.1296,1.0529,41273.89,35329.61,5944.28,-2801.92
2022-12-01,P-AUS,SUP-MRO3,Sunbelt Facility Parts,MRO,MRO,USA,Transactional,False,False,23589,105.29,0.9669,1.1664,1.0529,27515.93,22809.05,4706.88,-2678.15
2022-12-01,P-FRS,SUP-MRO1,Fastline Industrial MRO,MRO,MRO,USA,Preferred,False,True,56359,105.29,0.9669,1.0763,1.0529,60657.51,54494.11,6163.4,-1316.48
2022-12-01,P-FRS,SUP-MRO2,Toolcraft Supply,MRO,MRO,USA,Transactional,False,False,14066,105.29,0.9669,1.1088,1.0529,15597.65,13601.25,1996.39,-786.64
2022-12-01,P-FRS,SUP-MRO3,Sunbelt Facility Parts,MRO,MRO,USA,Transactional,False,False,9302,105.29,0.9669,1.1178,1.0529,10398.43,8994.76,1403.67,-603.64
2022-12-01,P-GRN,SUP-MRO1,Fastline Industrial MRO,MRO,MRO,USA,Preferred,False,True,242328,105.29,0.9669,1.0706,1.0529,259443.25,234307.65,25135.6,-4295.33
2022-12-01,P-GRN,SUP-MRO2,Toolcraft Supply,MRO,MRO,USA,Transactional,False,False,60154,105.29,0.9669,1.109,1.0529,66713.98,58163.27,8550.71,-3377.43
2022-12-01,P-GRN,SUP-MRO3,Sunbelt Facility Parts,MRO,MRO,USA,Transactional,False,False,41037,105.29,0.9669,1.0838,1.0529,44475.99,39678.85,4797.14,-1267.94
2022-12-01,P-GRP,SUP-MRO1,Fastline Industrial MRO,MRO,MRO,USA,Preferred,False,True,106925,105.29,0.9669,1.031,1.0529,110239.54,103386.66,6852.88,2342.75
2022-12-01,P-GRP,SUP-MRO2,Toolcraft Supply,MRO,MRO,USA,Transactional,False,False,25059,105.29,0.9669,1.1312,1.0529,28347.31,24229.64,4117.67,-1962.59
2022-12-01,P-GRP,SUP-MRO3,Sunbelt Facility Parts,MRO,MRO,USA,Transactional,False,False,17193,105.29,0.9669,1.0992,1.0529,18898.21,16624.27,2273.94,-795.31
2022-12-01,P-PHX,SUP-MRO1,Fastline Industrial MRO,MRO,MRO,USA,Preferred,False,True,53747,105.29,0.9669,1.0624,1.0529,57100.36,51968.56,5131.8,-509.5
2022-12-01,P-PHX,SUP-MRO2,Toolcraft Supply,MRO,MRO,USA,Transactional,False,False,13550,105.29,0.9669,1.0836,1.0529,14682.95,13102.16,1580.79,-415.43
2022-12-01,P-PHX,SUP-MRO3,Sunbelt Facility Parts,MRO,MRO,USA,Transactional,False,False,8825,105.29,0.9669,1.1091,1.0529,9788.63,8533.6,1255.03,-496.02
2022-12-01,P-TOL,SUP-MRO1,Fastline Industrial MRO,MRO,MRO,USA,Preferred,False,True,99729,105.29,0.9669,1.0736,1.0529,107071.62,96428.47,10643.15,-2066.41
2022-12-01,P-TOL,SUP-MRO2,Toolcraft Supply,MRO,MRO,USA,Transactional,False,False,24170,105.29,0.9669,1.1391,1.0529,27532.7,23370.0,4162.7,-2084.08
2022-12-01,P-TOL,SUP-MRO3,Sunbelt Facility Parts,MRO,MRO,USA,Transactional,False,False,16633,105.29,0.9669,1.1035,1.0529,18355.13,16082.59,2272.54,-842.09
2023-01-01,P-AUS,SUP-MRO1,Fastline Industrial MRO,MRO,MRO,USA,Preferred,False,True,133346,106.21,1.0297,1.1081,1.0621,147761.48,137310.05,10451.42,-6134.34
2023-01-01,P-AUS,SUP-MRO2,Toolcraft Supply,MRO,MRO,USA,Transactional,False,False,34013,106.21,1.0297,1.1171,1.0621,37995.81,35024.46,2971.35,-1870.16
2023-01-01,P-AUS,SUP-MRO3,Sunbelt Facility Parts,MRO,MRO,USA,Transactional,False,False,23192,106.21,1.0297,1.0922,1.0621,25330.54,23882.12,1448.42,-697.55
2023-01-01,P-FRS,SUP-MRO1,Fastline Industrial MRO,MRO,MRO,USA,Preferred,False,True,52212,106.21,1.0297,1.0223,1.0621,53376.75,53764.21,-387.46,2077.83
2023-01-01,P-FRS,SUP-MRO2,Toolcraft Supply,MRO,MRO,USA,Transactional,False,False,11818,106.21,1.0297,1.1614,1.0621,13725.45,12169.75,1555.7,-1173.08
2023-01-01,P-FRS,SUP-MRO3,Sunbelt Facility Parts,MRO,MRO,USA,Transactional,False,False,8040,106.21,1.0297,1.1381,1.0621,9150.3,8279.19,871.11,-610.81
2023-01-01,P-GRN,SUP-MRO1,Fastline Industrial MRO,MRO,MRO,USA,Preferred,False,True,231661,106.21,1.0297,1.078,1.0621,249736.66,238547.78,11188.88,-3688.84
2023-01-01,P-GRN,SUP-MRO2,Toolcraft Supply,MRO,MRO,USA,Transactional,False,False,56113,106.21,1.0297,1.1444,1.0621,64218.0,57781.06,6436.94,-4620.28
2023-01-01,P-GRN,SUP-MRO3,Sunbelt Facility Parts,MRO,MRO,USA,Transactional,False,False,40110,106.21,1.0297,1.0674,1.0621,42812.0,41302.35,1509.64,-211.08
2023-01-01,P-GRP,SUP-MRO1,Fastline Industrial MRO,MRO,MRO,USA,Preferred,False,True,93348,106.21,1.0297,1.0715,1.0621,100025.64,96123.05,3902.59,-880.44
2023-01-01,P-GRP,SUP-MRO2,Toolcraft Supply,MRO,MRO,USA,Transactional,False,False,23091,106.21,1.0297,1.1139,1.0621,25720.88,23777.75,1943.13,-1195.55
2023-01-01,P-GRP,SUP-MRO3,Sunbelt Facility Parts,MRO,MRO,USA,Transactional,False,False,15455,106.21,1.0297,1.1095,1.0621,17147.25,15914.45,1232.8,-732.44
2023-01-01,P-PHX,SUP-MRO1,Fastline Industrial MRO,MRO,MRO,USA,Preferred,False,True,55494,106.21,1.0297,1.0382,1.0621,57612.57,57144.24,468.33,1328.31
2023-01-01,P-PHX,SUP-MRO2,Toolcraft Supply,MRO,MRO,USA,Transactional,False,False,13426,106.21,1.0297,1.1034,1.0621,14814.66,13825.74,988.92,-554.23
2023-01-01,P-PHX,SUP-MRO3,Sunbelt Facility Parts,MRO,MRO,USA,Transactional,False,False,8772,106.21,1.0297,1.1258,1.0621,9876.44,9033.57,842.87,-558.85
2023-01-01,P-TOL,SUP-MRO1,Fastline Industrial MRO,MRO,MRO,USA,Preferred,False,True,111290,106.21,1.0297,1.048,1.0621,116632.09,114598.63,2033.46,1569.57
2023-01-01,P-TOL,SUP-MRO2,Toolcraft Supply,MRO,MRO,USA,Transactional,False,False,26246,106.21,1.0297,1.1427,1.0621,29991.11,27026.92,2964.19,-2114.45
2023-01-01,P-TOL,SUP-MRO3,Sunbelt Facility Parts,MRO,MRO,USA,Transactional,False,False,18345,106.21,1.0297,1.0899,1.0621,19994.07,18890.47,1103.6,-509.67
2023-02-01,P-AUS,SUP-MRO1,Fastline Industrial MRO,MRO,MRO,USA,Preferred,False,True,136085,106.25,1.0297,1.0833,1.0625,147420.32,140130.71,7289.62,-2829.41
2023-02-01,P-AUS,SUP-MRO2,Toolcraft Supply,MRO,MRO,USA,Transactional,False,False,32083,106.25,1.0297,1.1815,1.0625,37908.08,33037.53,4870.55,-3819.01
2023-02-01,P-AUS,SUP-MRO3,Sunbelt Facility Parts,MRO,MRO,USA,Transactional,False,False,22840,106.25,1.0297,1.1065,1.0625,25272.06,23519.03,1753.02,-1004.44
2023-02-01,P-FRS,SUP-MRO1,Fastline Industrial MRO,MRO,MRO,USA,Preferred,False,True,48415,106.25,1.0297,1.0863,1.0625,52593.75,49854.48,2739.27,-1152.46
2023-02-01,P-FRS,SUP-MRO2,Toolcraft Supply,MRO,MRO,USA,Transactional,False,False,11806,106.25,1.0297,1.1455,1.0625,13524.11,12157.71,1366.39,-979.43
2023-02-01,P-FRS,SUP-MRO3,Sunbelt Facility Parts,MRO,MRO,USA,Transactional,False,False,7948,106.25,1.0297,1.1343,1.0625,9016.07,8184.68,831.4,-570.89
2023-02-01,P-GRN,SUP-MRO1,Fastline Industrial MRO,MRO,MRO,USA,Preferred,False,True,258836,106.25,1.0297,1.0723,1.0625,277545.68,266530.52,11015.16,-2531.79
2023-02-01,P-GRN,SUP-MRO2,Toolcraft Supply,MRO,MRO,USA,Transactional,False,False,63111,106.25,1.0297,1.1308,1.0625,71368.89,64987.53,6381.36,-4312.88
2023-02-01,P-GRN,SUP-MRO3,Sunbelt Facility Parts,MRO,MRO,USA,Transactional,False,False,41787,106.25,1.0297,1.1386,1.0625,47579.26,43029.83,4549.43,-3179.83
2023-02-01,P-GRP,SUP-MRO1,Fastline Industrial MRO,MRO,MRO,USA,Preferred,False,True,93906,106.25,1.0297,1.0919,1.0625,102533.2,96698.19,5835.01,-2757.21
2023-02-01,P-GRP,SUP-MRO2,Toolcraft Supply,MRO,MRO,USA,Transactional,False,False,23640,106.25,1.0297,1.1153,1.0625,26365.68,24343.37,2022.3,-1247.48
2023-02-01,P-GRP,SUP-MRO3,Sunbelt Facility Parts,MRO,MRO,USA,Transactional,False,False,15697,106.25,1.0297,1.1197,1.0625,17577.12,16164.56,1412.56,-898.06
2023-02-01,P-PHX,SUP-MRO1,Fastline Industrial MRO,MRO,MRO,USA,Preferred,False,True,57865,106.25,1.0297,1.0473,1.0625,60600.98,59585.31,1015.67,880.86
2023-02-01,P-PHX,SUP-MRO2,Toolcraft Supply,MRO,MRO,USA,Transactional,False,False,14197,106.25,1.0297,1.0976,1.0625,15583.11,14619.15,963.95,-498.64
2023-02-01,P-PHX,SUP-MRO3,Sunbelt Facility Parts,MRO,MRO,USA,Transactional,False,False,9116,106.25,1.0297,1.1396,1.0625,10388.74,9387.02,1001.72,-702.95
2023-02-01,P-TOL,SUP-MRO1,Fastline Industrial MRO,MRO,MRO,USA,Preferred,False,True,102983,106.25,1.0297,1.0516,1.0625,108294.74,106044.97,2249.77,1125.53
2023-02-01,P-TOL,SUP-MRO2,Toolcraft Supply,MRO,MRO,USA,Transactional,False,False,24775,106.25,1.0297,1.124,1.0625,27847.22,25512.07,2335.15,-1523.13
2023-02-01,P-TOL,SUP-MRO3,Sunbelt Facility Parts,MRO,MRO,USA,Transactional,False,False,16336,106.25,1.0297,1.1364,1.0625,18564.81,16822.38,1742.43,-1207.0
2023-03-01,P-AUS,SUP-MRO1,Fastline Industrial MRO,MRO,MRO,USA,Preferred,False,True,126311,106.38,1.0297,1.1055,1.0638,139631.72,130065.66,9566.06,-5262.01
2023-03-01,P-AUS,SUP-MRO2,Toolcraft Supply,MRO,MRO,USA,Transactional,False,False,31675,106.38,1.0297,1.1335,1.0638,35905.3,32617.49,3287.81,-2208.46
2023-03-01,P-AUS,SUP-MRO3,Sunbelt Facility Parts,MRO,MRO,USA,Transactional,False,False,21601,106.38,1.0297,1.1081,1.0638,23936.87,22243.49,1693.38,-957.31
2023-03-01,P-FRS,SUP-MRO1,Fastline Industrial MRO,MRO,MRO,USA,Preferred,False,True,44311,106.38,1.0297,1.076,1.0638,47676.96,45628.54,2048.42,-538.51
2023-03-01,P-FRS,SUP-MRO2,Toolcraft Supply,MRO,MRO,USA,Transactional,False,False,10638,106.38,1.0297,1.1524,1.0638,12259.79,10954.66,1305.13,-942.62
2023-03-01,P-FRS,SUP-MRO3,Sunbelt Facility Parts,MRO,MRO,USA,Transactional,False,False,7504,106.38,1.0297,1.0891,1.0638,8173.19,7727.83,445.37,-189.64
2023-03-01,P-GRN,SUP-MRO1,Fastline Industrial MRO,MRO,MRO,USA,Preferred,False,True,238451,106.38,1.0297,1.0631,1.0638,253509.47,245539.36,7970.11,155.12
2023-03-01,P-GRN,SUP-MRO2,Toolcraft Supply,MRO,MRO,USA,Transactional,False,False,55845,106.38,1.0297,1.1673,1.0638,65188.15,57505.16,7682.99,-5780.06
2023-03-01,P-GRN,SUP-MRO3,Sunbelt Facility Parts,MRO,MRO,USA,Transactional,False,False,38863,106.38,1.0297,1.1182,1.0638,43458.77,40018.7,3440.06,-2115.79
2023-03-01,P-GRP,SUP-MRO1,Fastline Industrial MRO,MRO,MRO,USA,Preferred,False,True,95841,106.38,1.0297,1.051,1.0638,100734.05,98690.59,2043.45,1222.35
2023-03-01,P-GRP,SUP-MRO2,Toolcraft Supply,MRO,MRO,USA,Transactional,False,False,22435,106.38,1.0297,1.1546,1.0638,25903.04,23102.1,2800.94,-2036.46
2023-03-01,P-GRP,SUP-MRO3,Sunbelt Facility Parts,MRO,MRO,USA,Transactional,False,False,15196,106.38,1.0297,1.1363,1.0638,17268.69,15648.36,1620.34,-1102.51
2023-03-01,P-PHX,SUP-MRO1,Fastline Industrial MRO,MRO,MRO,USA,Preferred,False,True,54350,106.38,1.0297,1.0604,1.0638,57630.82,55965.91,1664.91,187.08
2023-03-01,P-PHX,SUP-MRO2,Toolcraft Supply,MRO,MRO,USA,Transactional,False,False,12949,106.38,1.0297,1.1444,1.0638,14819.35,13334.07,1485.28,-1044.04
2023-03-01,P-PHX,SUP-MRO3,Sunbelt Facility Parts,MRO,MRO,USA,Transactional,False,False,9284,106.38,1.0297,1.0641,1.0638,9879.57,9560.67,318.9,-2.52
2023-03-01,P-TOL,SUP-MRO1,Fastline Industrial MRO,MRO,MRO,USA,Preferred,False,True,99893,106.38,1.0297,1.0308,1.0638,102966.44,102863.15,103.29,3300.59
2023-03-01,P-TOL,SUP-MRO2,Toolcraft Supply,MRO,MRO,USA,Transactional,False,False,23735,106.38,1.0297,1.1155,1.0638,26477.08,24441.13,2035.96,-1227.17
2023-03-01,P-TOL,SUP-MRO3,Sunbelt Facility Parts,MRO,MRO,USA,Transactional,False,False,15663,106.38,1.0297,1.1269,1.0638,17651.39,16128.92,1522.47,-988.74
2023-04-01,P-AUS,SUP-MRO1,Fastline Industrial MRO,MRO,MRO,USA,Preferred,False,True,134711,106.48,1.0297,1.0807,1.0648,145585.96,138715.58,6870.38,-2145.38
2023-04-01,P-AUS,SUP-MRO2,Toolcraft Supply,MRO,MRO,USA,Transactional,False,False,33172,106.48,1.0297,1.1285,1.0648,37436.39,34158.56,3277.83,-2114.3
2023-04-01,P-AUS,SUP-MRO3,Sunbelt Facility Parts,MRO,MRO,USA,Transactional,False,False,21759,106.48,1.0297,1.147,1.0648,24957.59,22406.04,2551.56,-1788.35
2023-04-01,P-FRS,SUP-MRO1,Fastline Industrial MRO,MRO,MRO,USA,Preferred,False,True,47522,106.48,1.0297,1.0802,1.0648,51334.76,48934.9,2399.86,-733.01
2023-04-01,P-FRS,SUP-MRO2,Toolcraft Supply,MRO,MRO,USA,Transactional,False,False,11691,106.48,1.0297,1.1291,1.0648,13200.37,12038.67,1161.69,-751.63
2023-04-01,P-FRS,SUP-MRO3,Sunbelt Facility Parts,MRO,MRO,USA,Transactional,False,False,7746,106.48,1.0297,1.1361,1.0648,8800.24,7976.57,823.68,-551.97
2023-04-01,P-GRN,SUP-MRO1,Fastline Industrial MRO,MRO,MRO,USA,Preferred,False,True,223128,106.48,1.0297,1.0147,1.0648,226405.39,229761.32,-3355.92,11182.17
2023-04-01,P-GRN,SUP-MRO2,Toolcraft Supply,MRO,MRO,USA,Transactional,False,False,52179,106.48,1.0297,1.1157,1.0648,58218.53,53730.58,4487.95,-2657.75
2023-04-01,P-GRN,SUP-MRO3,Sunbelt Facility Parts,MRO,MRO,USA,Transactional,False,False,34158,106.48,1.0297,1.1363,1.0648,38812.35,35173.38,3638.98,-2440.88
2023-04-01,P-GRP,SUP-MRO1,Fastline Industrial MRO,MRO,MRO,USA,Preferred,False,True,93466,106.48,1.0297,1.0658,1.0648,99619.35,96244.45,3374.89,-96.57
2023-04-01,P-GRP,SUP-MRO2,Toolcraft Supply,MRO,MRO,USA,Transactional,False,False,23546,106.48,1.0297,1.0879,1.0648,25616.4,24246.56,1369.84,-543.94
2023-04-01,P-GRP,SUP-MRO3,Sunbelt Facility Parts,MRO,MRO,USA,Transactional,False,False,15085,106.48,1.0297,1.132,1.0648,17077.6,15534.04,1543.56,-1014.44
2023-04-01,P-PHX,SUP-MRO1,Fastline Industrial MRO,MRO,MRO,USA,Preferred,False,True,48802,106.48,1.0297,1.0426,1.0648,50879.5,50253.52,625.98,1085.78
2023-04-01,P-PHX,SUP-MRO2,Toolcraft Supply,MRO,MRO,USA,Transactional,False,False,11240,106.48,1.0297,1.1639,1.0648,13083.3,11574.78,1508.52,-1114.25
2023-04-01,P-PHX,SUP-MRO3,Sunbelt Facility Parts,MRO,MRO,USA,Transactional,False,False,7838,106.48,1.0297,1.1127,1.0648,8722.2,8071.89,650.31,-375.36
2023-04-01,P-TOL,SUP-MRO1,Fastline Industrial MRO,MRO,MRO,USA,Preferred,False,True,91513,106.48,1.0297,1.0665,1.0648,97600.86,94233.82,3367.04,-157.2
2023-04-01,P-TOL,SUP-MRO2,Toolcraft Supply,MRO,MRO,USA,Transactional,False,False,22735,106.48,1.0297,1.1039,1.0648,25097.36,23410.91,1686.45,-889.02
2023-04-01,P-TOL,SUP-MRO3,Sunbelt Facility Parts,MRO,MRO,USA,Transactional,False,False,14858,106.48,1.0297,1.1261,1.0648,16731.58,15299.81,1431.77,-910.62
2023-05-01,P-AUS,SUP-MRO1,Fastline Industrial MRO,MRO,MRO,USA,Preferred,False,True,119300,105.94,1.0297,1.0624,1.0594,126742.93,122847.19,3895.74,-355.49
2023-05-01,P-AUS,SUP-MRO2,Toolcraft Supply,MRO,MRO,USA,Transactional,False,False,29427,105.94,1.0297,1.1075,1.0594,32591.04,30302.69,2288.35,-1415.07
2023-05-01,P-AUS,SUP-MRO3,Sunbelt Facility Parts,MRO,MRO,USA,Transactional,False,False,18881,105.94,1.0297,1.1507,1.0594,21727.36,19443.09,2284.27,-1723.95
2023-05-01,P-FRS,SUP-MRO1,Fastline Industrial MRO,MRO,MRO,USA,Preferred,False,True,43638,105.94,1.0297,1.0857,1.0594,47379.71,44935.79,2443.92,-1148.95
2023-05-01,P-FRS,SUP-MRO2,Toolcraft Supply,MRO,MRO,USA,Transactional,False,False,10627,105.94,1.0297,1.1464,1.0594,12183.35,10942.99,1240.37,-925.01
2023-05-01,P-FRS,SUP-MRO3,Sunbelt Facility Parts,MRO,MRO,USA,Transactional,False,False,7492,105.94,1.0297,1.0841,1.0594,8122.24,7714.93,407.3,-184.97
2023-05-01,P-GRN,SUP-MRO1,Fastline Industrial MRO,MRO,MRO,USA,Preferred,False,True,229071,105.94,1.0297,1.0727,1.0594,245715.05,235880.7,9834.35,-3036.65
2023-05-01,P-GRN,SUP-MRO2,Toolcraft Supply,MRO,MRO,USA,Transactional,False,False,56659,105.94,1.0297,1.1151,1.0594,63183.87,58344.04,4839.83,-3158.45
2023-05-01,P-GRN,SUP-MRO3,Sunbelt Facility Parts,MRO,MRO,USA,Transactional,False,False,38217,105.94,1.0297,1.1022,1.0594,42122.58,39353.7,2768.88,-1634.77
2023-05-01,P-GRP,SUP-MRO1,Fastline Industrial MRO,MRO,MRO,USA,Preferred,False,True,87906,105.94,1.0297,1.0734,1.0594,94360.12,90519.6,3840.53,-1231.9
2023-05-01,P-GRP,SUP-MRO2,Toolcraft Supply,MRO,MRO,USA,Transactional,False,False,22156,105.94,1.0297,1.0951,1.0594,24264.03,22815.36,1448.67,-791.17
2023-05-01,P-GRP,SUP-MRO3,Sunbelt Facility Parts,MRO,MRO,USA,Transactional,False,False,13992,105.94,1.0297,1.1561,1.0594,16176.02,14408.15,1767.87,-1352.65
2023-05-01,P-PHX,SUP-MRO1,Fastline Industrial MRO,MRO,MRO,USA,Preferred,False,True,50642,105.94,1.0297,1.0808,1.0594,54734.31,52148.25,2586.07,-1083.24
2023-05-01,P-PHX,SUP-MRO2,Toolcraft Supply,MRO,MRO,USA,Transactional,False,False,12821,105.94,1.0297,1.0977,1.0594,14074.54,13202.97,871.56,-491.08
2023-05-01,P-PHX,SUP-MRO3,Sunbelt Facility Parts,MRO,MRO,USA,Transactional,False,False,8229,105.94,1.0297,1.1402,1.0594,9383.03,8473.97,909.05,-664.85
2023-05-01,P-TOL,SUP-MRO1,Fastline Industrial MRO,MRO,MRO,USA,Preferred,False,True,96164,105.94,1.0297,1.0632,1.0594,102240.28,99022.93,3217.35,-363.67
2023-05-01,P-TOL,SUP-MRO2,Toolcraft Supply,MRO,MRO,USA,Transactional,False,False,23854,105.94,1.0297,1.1021,1.0594,26290.36,24563.7,1726.65,-1018.77
2023-05-01,P-TOL,SUP-MRO3,Sunbelt Facility Parts,MRO,MRO,USA,Transactional,False,False,14877,105.94,1.0297,1.1781,1.0594,17526.9,15319.4,2207.51,-1766.03
2023-06-01,P-AUS,SUP-MRO1,Fastline Industrial MRO,MRO,MRO,USA,Preferred,False,True,122560,106.23,1.0297,1.087,1.0623,133217.15,126203.11,7014.05,-3021.66
2023-06-01,P-AUS,SUP-MRO2,Toolcraft Supply,MRO,MRO,USA,Transactional,False,False,30240,106.23,1.0297,1.1328,1.0623,34255.84,31139.06,3116.78,-2131.71
2023-06-01,P-AUS,SUP-MRO3,Sunbelt Facility Parts,MRO,MRO,USA,Transactional,False,False,20544,106.23,1.0297,1.1116,1.0623,22837.23,21155.58,1681.64,-1012.39
2023-06-01,P-FRS,SUP-MRO1,Fastline Industrial MRO,MRO,MRO,USA,Preferred,False,True,43143,106.23,1.0297,1.0405,1.0623,44890.7,44425.5,465.2,940.18
2023-06-01,P-FRS,SUP-MRO2,Toolcraft Supply,MRO,MRO,USA,Transactional,False,False,10517,106.23,1.0297,1.0975,1.0623,11543.32,10830.07,713.25,-370.64
2023-06-01,P-FRS,SUP-MRO3,Sunbelt Facility Parts,MRO,MRO,USA,Transactional,False,False,6673,106.23,1.0297,1.1532,1.0623,7695.55,6871.84,823.71,-606.32
2023-06-01,P-GRN,SUP-MRO1,Fastline Industrial MRO,MRO,MRO,USA,Preferred,False,True,234141,106.23,1.0297,1.049,1.0623,245617.44,241101.58,4515.86,3111.31
2023-06-01,P-GRN,SUP-MRO2,Toolcraft Supply,MRO,MRO,USA,Transactional,False,False,56997,106.23,1.0297,1.1081,1.0623,63158.77,58691.38,4467.39,-2610.71
2023-06-01,P-GRN,SUP-MRO3,Sunbelt Facility Parts,MRO,MRO,USA,Transactional,False,False,38092,106.23,1.0297,1.1054,1.0623,42105.85,39224.96,2880.88,-1640.01
2023-06-01,P-GRP,SUP-MRO1,Fastline Industrial MRO,MRO,MRO,USA,Preferred,False,True,88637,106.23,1.0297,1.0705,1.0623,94888.05,91272.07,3615.98,-728.62
2023-06-01,P-GRP,SUP-MRO2,Toolcraft Supply,MRO,MRO,USA,Transactional,False,False,21396,106.23,1.0297,1.1404,1.0623,24399.79,22032.62,2367.16,-1670.17
2023-06-01,P-GRP,SUP-MRO3,Sunbelt Facility Parts,MRO,MRO,USA,Transactional,False,False,14904,106.23,1.0297,1.0914,1.0623,16266.52,15347.48,919.04,-433.53
2023-06-01,P-PHX,SUP-MRO1,Fastline Industrial MRO,MRO,MRO,USA,Preferred,False,True,56776,106.23,1.0297,1.074,1.0623,60975.39,58463.84,2511.55,-662.07
2023-06-01,P-PHX,SUP-MRO2,Toolcraft Supply,MRO,MRO,USA,Transactional,False,False,13938,106.23,1.0297,1.1249,1.0623,15679.39,14352.47,1326.92,-872.89
2023-06-01,P-PHX,SUP-MRO3,Sunbelt Facility Parts,MRO,MRO,USA,Transactional,False,False,9573,106.23,1.0297,1.0919,1.0623,10452.92,9858.16,594.77,-282.91
2023-06-01,P-TOL,SUP-MRO1,Fastline Industrial MRO,MRO,MRO,USA,Preferred,False,True,100377,106.23,1.0297,1.0397,1.0623,104365.43,103361.06,1004.36,2265.43
2023-06-01,P-TOL,SUP-MRO2,Toolcraft Supply,MRO,MRO,USA,Transactional,False,False,23465,106.23,1.0297,1.1437,1.0623,26836.82,24162.76,2674.06,-1909.68
2023-06-01,P-TOL,SUP-MRO3,Sunbelt Facility Parts,MRO,MRO,USA,Transactional,False,False,16064,106.23,1.0297,1.1137,1.0623,17891.22,16541.97,1349.25,-825.95
2023-07-01,P-AUS,SUP-MRO1,Fastline Industrial MRO,MRO,MRO,USA,Preferred,False,True,154646,106.5,1.0297,1.0621,1.065,164249.44,159243.37,5006.07,449.09
2023-07-01,P-AUS,SUP-MRO2,Toolcraft Supply,MRO,MRO,USA,Transactional,False,False,38189,106.5,1.0297,1.1059,1.065,42235.57,39325.07,2910.5,-1563.35
2023-07-01,P-AUS,SUP-MRO3,Sunbelt Facility Parts,MRO,MRO,USA,Transactional,False,False,24225,106.5,1.0297,1.1623,1.065,28157.05,24945.47,3211.58,-2357.03
2023-07-01,P-FRS,SUP-MRO1,Fastline Industrial MRO,MRO,MRO,USA,Preferred,False,True,44225,106.5,1.0297,1.0785,1.065,47696.57,45540.59,2155.98,-595.91
2023-07-01,P-FRS,SUP-MRO2,Toolcraft Supply,MRO,MRO,USA,Transactional,False,False,10574,106.5,1.0297,1.1599,1.065,12264.83,10888.78,1376.05,-1003.03
2023-07-01,P-FRS,SUP-MRO3,Sunbelt Facility Parts,MRO,MRO,USA,Transactional,False,False,7433,106.5,1.0297,1.0999,1.065,8176.55,7654.54,522.01,-259.79
2023-07-01,P-GRN,SUP-MRO1,Fastline Industrial MRO,MRO,MRO,USA,Preferred,False,True,224471,106.5,1.0297,1.071,1.065,240414.02,231144.22,9269.8,-1351.56
2023-07-01,P-GRN,SUP-MRO2,Toolcraft Supply,MRO,MRO,USA,Transactional,False,False,53849,106.5,1.0297,1.148,1.065,61820.75,55450.15,6370.6,-4471.06
2023-07-01,P-GRN,SUP-MRO3,Sunbelt Facility Parts,MRO,MRO,USA,Transactional,False,False,36692,106.5,1.0297,1.1232,1.065,41213.83,37783.32,3430.51,-2136.18
2023-07-01,P-GRP,SUP-MRO1,Fastline Industrial MRO,MRO,MRO,USA,Preferred,False,True,97463,106.5,1.0297,1.056,1.065,102922.67,100360.21,2562.46,875.56
2023-07-01,P-GRP,SUP-MRO2,Toolcraft Supply,MRO,MRO,USA,Transactional,False,False,24247,106.5,1.0297,1.0915,1.065,26465.83,24968.3,1497.53,-642.2
2023-07-01,P-GRP,SUP-MRO3,Sunbelt Facility Parts,MRO,MRO,USA,Transactional,False,False,15597,106.5,1.0297,1.1312,1.065,17643.89,16060.72,1583.17,-1032.98
2023-07-01,P-PHX,SUP-MRO1,Fastline Industrial MRO,MRO,MRO,USA,Preferred,False,True,49053,106.5,1.0297,1.0823,1.065,53092.14,50512.12,2580.03,-849.65
2023-07-01,P-PHX,SUP-MRO2,Toolcraft Supply,MRO,MRO,USA,Transactional,False,False,12062,106.5,1.0297,1.1318,1.065,13652.26,12421.42,1230.84,-805.32
2023-07-01,P-PHX,SUP-MRO3,Sunbelt Facility Parts,MRO,MRO,USA,Transactional,False,False,7910,106.5,1.0297,1.1506,1.065,9101.51,8145.31,956.2,-677.17
2023-07-01,P-TOL,SUP-MRO1,Fastline Industrial MRO,MRO,MRO,USA,Preferred,False,True,104481,106.5,1.0297,1.0434,1.065,109014.41,107587.27,1427.14,2258.45
2023-07-01,P-TOL,SUP-MRO2,Toolcraft Supply,MRO,MRO,USA,Transactional,False,False,24282,106.5,1.0297,1.1544,1.065,28032.28,25003.98,3028.3,-2171.74
2023-07-01,P-TOL,SUP-MRO3,Sunbelt Facility Parts,MRO,MRO,USA,Transactional,False,False,16892,106.5,1.0297,1.1063,1.065,18688.18,17395.03,1293.16,-697.26
2023-08-01,P-AUS,SUP-MRO1,Fastline Industrial MRO,MRO,MRO,USA,Preferred,False,True,150223,106.71,1.0297,1.0927,1.0671,164151.09,154688.95,9462.14,-3847.54
2023-08-01,P-AUS,SUP-MRO2,Toolcraft Supply,MRO,MRO,USA,Transactional,False,False,36166,106.71,1.0297,1.1671,1.0671,42210.28,37242.01,4968.27,-3616.53
2023-08-01,P-AUS,SUP-MRO3,Sunbelt Facility Parts,MRO,MRO,USA,Transactional,False,False,24831,106.71,1.0297,1.1332,1.0671,28140.19,25570.07,2570.12,-1642.02
2023-08-01,P-FRS,SUP-MRO1,Fastline Industrial MRO,MRO,MRO,USA,Preferred,False,True,39996,106.71,1.0297,1.1101,1.0671,44398.94,41185.86,3213.07,-1718.19
2023-08-01,P-FRS,SUP-MRO2,Toolcraft Supply,MRO,MRO,USA,Transactional,False,False,9913,106.71,1.0297,1.1516,1.0671,11416.87,10208.47,1208.4,-837.87
2023-08-01,P-FRS,SUP-MRO3,Sunbelt Facility Parts,MRO,MRO,USA,Transactional,False,False,6670,106.71,1.0297,1.141,1.0671,7611.25,6868.76,742.48,-493.17
2023-08-01,P-GRN,SUP-MRO1,Fastline Industrial MRO,MRO,MRO,USA,Preferred,False,True,240408,106.71,1.0297,1.1199,1.0671,269221.4,247554.4,21667.0,-12681.74
2023-08-01,P-GRN,SUP-MRO2,Toolcraft Supply,MRO,MRO,USA,Transactional,False,False,61534,106.71,1.0297,1.125,1.0671,69228.36,63363.13,5865.23,-3565.4
2023-08-01,P-GRN,SUP-MRO3,Sunbelt Facility Parts,MRO,MRO,USA,Transactional,False,False,40080,106.71,1.0297,1.1515,1.0671,46152.24,41271.69,4880.55,-3382.55
2023-08-01,P-GRP,SUP-MRO1,Fastline Industrial MRO,MRO,MRO,USA,Preferred,False,True,97165,106.71,1.0297,1.0447,1.0671,101507.23,100053.98,1453.25,2178.32
2023-08-01,P-GRP,SUP-MRO2,Toolcraft Supply,MRO,MRO,USA,Transactional,False,False,23190,106.71,1.0297,1.1255,1.0671,26101.86,23879.82,2222.03,-1355.29
2023-08-01,P-GRP,SUP-MRO3,Sunbelt Facility Parts,MRO,MRO,USA,Transactional,False,False,15598,106.71,1.0297,1.1155,1.0671,17401.24,16062.66,1338.57,-755.56
2023-08-01,P-PHX,SUP-MRO1,Fastline Industrial MRO,MRO,MRO,USA,Preferred,False,True,51196,106.71,1.0297,1.0936,1.0671,55989.04,52718.6,3270.43,-1356.95
2023-08-01,P-PHX,SUP-MRO2,Toolcraft Supply,MRO,MRO,USA,Transactional,False,False,12607,106.71,1.0297,1.1419,1.0671,14397.18,12982.47,1414.71,-943.49
2023-08-01,P-PHX,SUP-MRO3,Sunbelt Facility Parts,MRO,MRO,USA,Transactional,False,False,8505,106.71,1.0297,1.1285,1.0671,9598.12,8757.93,840.19,-522.31
2023-08-01,P-TOL,SUP-MRO1,Fastline Industrial MRO,MRO,MRO,USA,Preferred,False,True,103431,106.71,1.0297,1.0569,1.0671,109318.66,106506.43,2812.23,1053.53
2023-08-01,P-TOL,SUP-MRO2,Toolcraft Supply,MRO,MRO,USA,Transactional,False,False,24905,106.71,1.0297,1.1287,1.0671,28110.51,25646.08,2464.43,-1533.58
2023-08-01,P-TOL,SUP-MRO3,Sunbelt Facility Parts,MRO,MRO,USA,Transactional,False,False,16765,106.71,1.0297,1.1178,1.0671,18740.34,17263.96,1476.38,-849.76
2023-09-01,P-AUS,SUP-MRO1,Fastline Industrial MRO,MRO,MRO,USA,Preferred,False,True,154078,106.84,1.0297,1.0878,1.0684,167598.73,158658.17,8940.56,-2981.58
2023-09-01,P-AUS,SUP-MRO2,Toolcraft Supply,MRO,MRO,USA,Transactional,False,False,38740,106.84,1.0297,1.1124,1.0684,43096.82,39892.27,3204.54,-1706.25
2023-09-01,P-AUS,SUP-MRO3,Sunbelt Facility Parts,MRO,MRO,USA,Transactional,False,False,25715,106.84,1.0297,1.1173,1.0684,28731.21,26480.09,2251.12,-1256.56
2023-09-01,P-FRS,SUP-MRO1,Fastline Industrial MRO,MRO,MRO,USA,Preferred,False,True,54421,106.84,1.0297,1.0832,1.0684,58949.17,56039.6,2909.58,-804.81
2023-09-01,P-FRS,SUP-MRO2,Toolcraft Supply,MRO,MRO,USA,Transactional,False,False,13265,106.84,1.0297,1.1427,1.0684,15158.36,13659.47,1498.88,-985.85
2023-09-01,P-FRS,SUP-MRO3,Sunbelt Facility Parts,MRO,MRO,USA,Transactional,False,False,9192,106.84,1.0297,1.0993,1.0684,10105.57,9465.92,639.65,-284.13
2023-09-01,P-GRN,SUP-MRO1,Fastline Industrial MRO,MRO,MRO,USA,Preferred,False,True,250883,106.84,1.0297,1.1047,1.0684,277155.38,258340.75,18814.63,-9111.72
2023-09-01,P-GRN,SUP-MRO2,Toolcraft Supply,MRO,MRO,USA,Transactional,False,False,63000,106.84,1.0297,1.1312,1.0684,71268.53,64873.42,6395.1,-3958.55
2023-09-01,P-GRN,SUP-MRO3,Sunbelt Facility Parts,MRO,MRO,USA,Transactional,False,False,41711,106.84,1.0297,1.1391,1.0684,47512.35,42951.03,4561.32,-2948.14
2023-09-01,P-GRP,SUP-MRO1,Fastline Industrial MRO,MRO,MRO,USA,Preferred,False,True,103320,106.84,1.0297,1.0962,1.0684,113258.2,106391.59,6866.61,-2870.69
2023-09-01,P-GRP,SUP-MRO2,Toolcraft Supply,MRO,MRO,USA,Transactional,False,False,25106,106.84,1.0297,1.16,1.0684,29123.54,25852.41,3271.13,-2300.15
2023-09-01,P-GRP,SUP-MRO3,Sunbelt Facility Parts,MRO,MRO,USA,Transactional,False,False,17249,106.84,1.0297,1.1256,1.0684,19415.69,17762.48,1653.21,-986.08
2023-09-01,P-PHX,SUP-MRO1,Fastline Industrial MRO,MRO,MRO,USA,Preferred,False,True,53121,106.84,1.0297,1.0984,1.0684,58350.51,54700.15,3650.36,-1595.9
2023-09-01,P-PHX,SUP-MRO2,Toolcraft Supply,MRO,MRO,USA,Transactional,False,False,13221,106.84,1.0297,1.1348,1.0684,15004.42,13614.95,1389.47,-878.11
2023-09-01,P-PHX,SUP-MRO3,Sunbelt Facility Parts,MRO,MRO,USA,Transactional,False,False,8936,106.84,1.0297,1.1193,1.0684,10002.95,9202.08,800.87,-455.25
2023-09-01,P-TOL,SUP-MRO1,Fastline Industrial MRO,MRO,MRO,USA,Preferred,False,True,125296,106.84,1.0297,1.0744,1.0684,134612.81,129021.41,5591.39,-745.53
2023-09-01,P-TOL,SUP-MRO2,Toolcraft Supply,MRO,MRO,USA,Transactional,False,False,29633,106.84,1.0297,1.1681,1.0684,34614.72,30514.83,4099.9,-2953.8
2023-09-01,P-TOL,SUP-MRO3,Sunbelt Facility Parts,MRO,MRO,USA,Transactional,False,False,20387,106.84,1.0297,1.1319,1.0684,23076.48,20993.01,2083.48,-1295.01
2023-10-01,P-AUS,SUP-MRO1,Fastline Industrial MRO,MRO,MRO,USA,Preferred,False,True,170130,106.94,1.0297,1.0488,1.0694,178429.45,175187.54,3241.91,3508.01
2023-10-01,P-AUS,SUP-MRO2,Toolcraft Supply,MRO,MRO,USA,Transactional,False,False,39951,106.94,1.0297,1.1484,1.0694,45881.86,41138.93,4742.92,-3157.85
2023-10-01,P-AUS,SUP-MRO3,Sunbelt Facility Parts,MRO,MRO,USA,Transactional,False,False,27280,106.94,1.0297,1.1212,1.0694,30587.91,28091.67,2496.23,-1413.87
2023-10-01,P-FRS,SUP-MRO1,Fastline Industrial MRO,MRO,MRO,USA,Preferred,False,True,49593,106.94,1.0297,1.1128,1.0694,55189.93,51067.53,4122.4,-2154.78
2023-10-01,P-FRS,SUP-MRO2,Toolcraft Supply,MRO,MRO,USA,Transactional,False,False,12209,106.94,1.0297,1.1624,1.0694,14191.7,12572.16,1619.53,-1135.13
2023-10-01,P-FRS,SUP-MRO3,Sunbelt Facility Parts,MRO,MRO,USA,Transactional,False,False,8605,106.94,1.0297,1.0994,1.0694,9461.13,8861.7,599.43,-257.99
2023-10-01,P-GRN,SUP-MRO1,Fastline Industrial MRO,MRO,MRO,USA,Preferred,False,True,249897,106.94,1.0297,1.0827,1.0694,270573.02,257325.41,13247.62,-3332.94
2023-10-01,P-GRN,SUP-MRO2,Toolcraft Supply,MRO,MRO,USA,Transactional,False,False,60380,106.94,1.0297,1.1523,1.0694,69575.92,62175.26,7400.66,-5005.06
2023-10-01,P-GRN,SUP-MRO3,Sunbelt Facility Parts,MRO,MRO,USA,Transactional,False,False,42074,106.94,1.0297,1.1024,1.0694,46383.95,43325.39,3058.56,-1389.24
2023-10-01,P-GRP,SUP-MRO1,Fastline Industrial MRO,MRO,MRO,USA,Preferred,False,True,111976,106.94,1.0297,1.0008,1.0694,112062.98,115304.72,-3241.74,7684.39
2023-10-01,P-GRP,SUP-MRO2,Toolcraft Supply,MRO,MRO,USA,Transactional,False,False,24664,106.94,1.0297,1.1683,1.0694,28816.19,25397.53,3418.67,-2440.11
2023-10-01,P-GRP,SUP-MRO3,Sunbelt Facility Parts,MRO,MRO,USA,Transactional,False,False,16694,106.94,1.0297,1.1507,1.0694,19210.8,17190.68,2020.11,-1357.76
2023-10-01,P-PHX,SUP-MRO1,Fastline Industrial MRO,MRO,MRO,USA,Preferred,False,True,54530,106.94,1.0297,1.1185,1.0694,60993.27,56151.43,4841.83,-2678.33
2023-10-01,P-PHX,SUP-MRO2,Toolcraft Supply,MRO,MRO,USA,Transactional,False,False,13969,106.94,1.0297,1.1228,1.0694,15683.98,14384.34,1299.65,-745.42
2023-10-01,P-PHX,SUP-MRO3,Sunbelt Facility Parts,MRO,MRO,USA,Transactional,False,False,9108,106.94,1.0297,1.148,1.0694,10455.99,9378.77,1077.22,-715.86
2023-10-01,P-TOL,SUP-MRO1,Fastline Industrial MRO,MRO,MRO,USA,Preferred,False,True,123099,106.94,1.0297,1.0346,1.0694,127361.95,126758.47,603.47,4280.49
2023-10-01,P-TOL,SUP-MRO2,Toolcraft Supply,MRO,MRO,USA,Transactional,False,False,29440,106.94,1.0297,1.1124,1.0694,32750.22,30315.8,2434.41,-1266.35
2023-10-01,P-TOL,SUP-MRO3,Sunbelt Facility Parts,MRO,MRO,USA,Transactional,False,False,18869,106.94,1.0297,1.1571,1.0694,21833.48,19430.17,2403.3,-1654.66
2023-11-01,P-AUS,SUP-MRO1,Fastline Industrial MRO,MRO,MRO,USA,Preferred,False,True,167079,107.13,1.0297,1.0795,1.0713,180363.3,172045.74,8317.56,-1371.24
2023-11-01,P-AUS,SUP-MRO2,Toolcraft Supply,MRO,MRO,USA,Transactional,False,False,41452,107.13,1.0297,1.1188,1.0713,46379.13,42685.15,3693.98,-1970.57
2023-11-01,P-AUS,SUP-MRO3,Sunbelt Facility Parts,MRO,MRO,USA,Transactional,False,False,28885,107.13,1.0297,1.0704,1.0713,30919.42,29744.11,1175.32,25.6
2023-11-01,P-FRS,SUP-MRO1,Fastline Industrial MRO,MRO,MRO,USA,Preferred,False,True,55750,107.13,1.0297,1.1056,1.0713,61634.93,57407.54,4227.39,-1909.57
2023-11-01,P-FRS,SUP-MRO2,Toolcraft Supply,MRO,MRO,USA,Transactional,False,False,13875,107.13,1.0297,1.1422,1.0713,15848.98,14287.78,1561.2,-984.33
2023-11-01,P-FRS,SUP-MRO3,Sunbelt Facility Parts,MRO,MRO,USA,Transactional,False,False,9054,107.13,1.0297,1.1669,1.0713,10565.99,9324.13,1241.85,-865.39
2023-11-01,P-GRN,SUP-MRO1,Fastline Industrial MRO,MRO,MRO,USA,Preferred,False,True,254753,107.13,1.0297,1.1135,1.0713,283654.96,262325.61,21329.35,-10737.99
2023-11-01,P-GRN,SUP-MRO2,Toolcraft Supply,MRO,MRO,USA,Transactional,False,False,64672,107.13,1.0297,1.1278,1.0713,72939.85,66595.11,6344.73,-3655.97
2023-11-01,P-GRN,SUP-MRO3,Sunbelt Facility Parts,MRO,MRO,USA,Transactional,False,False,42135,107.13,1.0297,1.1541,1.0713,48626.57,43387.6,5238.96,-3487.2
2023-11-01,P-GRP,SUP-MRO1,Fastline Industrial MRO,MRO,MRO,USA,Preferred,False,True,109291,107.13,1.0297,1.0488,1.0713,114623.45,112539.76,2083.69,2460.09
2023-11-01,P-GRP,SUP-MRO2,Toolcraft Supply,MRO,MRO,USA,Transactional,False,False,25437,107.13,1.0297,1.1587,1.0713,29474.6,26193.93,3280.67,-2223.09
2023-11-01,P-GRP,SUP-MRO3,Sunbelt Facility Parts,MRO,MRO,USA,Transactional,False,False,17064,107.13,1.0297,1.1515,1.0713,19649.73,17572.21,2077.52,-1368.05
2023-11-01,P-PHX,SUP-MRO1,Fastline Industrial MRO,MRO,MRO,USA,Preferred,False,True,55800,107.13,1.0297,1.0896,1.0713,60799.16,57459.05,3340.11,-1020.21
2023-11-01,P-PHX,SUP-MRO2,Toolcraft Supply,MRO,MRO,USA,Transactional,False,False,13804,107.13,1.0297,1.1326,1.0713,15634.07,14214.53,1419.54,-845.63
2023-11-01,P-PHX,SUP-MRO3,Sunbelt Facility Parts,MRO,MRO,USA,Transactional,False,False,9346,107.13,1.0297,1.1151,1.0713,10422.71,9624.41,798.3,-409.72
2023-11-01,P-TOL,SUP-MRO1,Fastline Industrial MRO,MRO,MRO,USA,Preferred,False,True,119533,107.13,1.0297,1.058,1.0713,126465.1,123086.57,3378.54,1591.07
2023-11-01,P-TOL,SUP-MRO2,Toolcraft Supply,MRO,MRO,USA,Transactional,False,False,28985,107.13,1.0297,1.1219,1.0713,32519.6,29847.1,2672.5,-1467.43
2023-11-01,P-TOL,SUP-MRO3,Sunbelt Facility Parts,MRO,MRO,USA,Transactional,False,False,19103,107.13,1.0297,1.1349,1.0713,21679.73,19670.9,2008.83,-1214.62
2023-12-01,P-AUS,SUP-MRO1,Fastline Industrial MRO,MRO,MRO,USA,Preferred,False,True,165195,107.13,1.0297,1.0766,1.0713,177855.92,170106.26,7749.66,-881.64
2023-12-01,P-AUS,SUP-MRO2,Toolcraft Supply,MRO,MRO,USA,Transactional,False,False,40534,107.13,1.0297,1.1283,1.0713,45734.38,41739.61,3994.77,-2309.54
2023-12-01,P-AUS,SUP-MRO3,Sunbelt Facility Parts,MRO,MRO,USA,Transactional,False,False,26531,107.13,1.0297,1.1492,1.0713,30489.59,27320.41,3169.18,-2066.12
2023-12-01,P-FRS,SUP-MRO1,Fastline Industrial MRO,MRO,MRO,USA,Preferred,False,True,55465,107.13,1.0297,1.0847,1.0713,60166.3,57114.53,3051.78,-745.79
2023-12-01,P-FRS,SUP-MRO2,Toolcraft Supply,MRO,MRO,USA,Transactional,False,False,13482,107.13,1.0297,1.1475,1.0713,15471.34,13883.1,1588.23,-1027.7
2023-12-01,P-FRS,SUP-MRO3,Sunbelt Facility Parts,MRO,MRO,USA,Transactional,False,False,9021,107.13,1.0297,1.1432,1.0713,10314.22,9290.11,1024.11,-649.03
2023-12-01,P-GRN,SUP-MRO1,Fastline Industrial MRO,MRO,MRO,USA,Preferred,False,True,243035,107.13,1.0297,1.0904,1.0713,265011.11,250259.93,14751.18,-4646.97
2023-12-01,P-GRN,SUP-MRO2,Toolcraft Supply,MRO,MRO,USA,Transactional,False,False,60928,107.13,1.0297,1.1185,1.0713,68145.71,62739.7,5406.02,-2872.91
2023-12-01,P-GRN,SUP-MRO3,Sunbelt Facility Parts,MRO,MRO,USA,Transactional,False,False,39763,107.13,1.0297,1.1425,1.0713,45430.48,40945.93,4484.55,-2831.36
2023-12-01,P-GRP,SUP-MRO1,Fastline Industrial MRO,MRO,MRO,USA,Preferred,False,True,104449,107.13,1.0297,1.0239,1.0713,106945.5,107553.92,-608.43,4950.9
2023-12-01,P-GRP,SUP-MRO2,Toolcraft Supply,MRO,MRO,USA,Transactional,False,False,24276,107.13,1.0297,1.1328,1.0713,27500.27,24998.05,2502.22,-1492.93
2023-12-01,P-GRP,SUP-MRO3,Sunbelt Facility Parts,MRO,MRO,USA,Transactional,False,False,16019,107.13,1.0297,1.1445,1.0713,18333.51,16495.22,1838.3,-1172.31
2023-12-01,P-PHX,SUP-MRO1,Fastline Industrial MRO,MRO,MRO,USA,Preferred,False,True,56909,107.13,1.0297,1.0564,1.0713,60118.94,58601.41,1517.54,848.49
2023-12-01,P-PHX,SUP-MRO2,Toolcraft Supply,MRO,MRO,USA,Transactional,False,False,13320,107.13,1.0297,1.1605,1.0713,15459.16,13716.93,1742.23,-1188.41
2023-12-01,P-PHX,SUP-MRO3,Sunbelt Facility Parts,MRO,MRO,USA,Transactional,False,False,9286,107.13,1.0297,1.1098,1.0713,10306.1,9562.11,744.0,-357.93
2023-12-01,P-TOL,SUP-MRO1,Fastline Industrial MRO,MRO,MRO,USA,Preferred,False,True,130935,107.13,1.0297,1.1029,1.0713,144408.77,134827.67,9581.1,-4137.45
2023-12-01,P-TOL,SUP-MRO2,Toolcraft Supply,MRO,MRO,USA,Transactional,False,False,31758,107.13,1.0297,1.1692,1.0713,37133.68,32702.63,4431.05,-3110.69
2023-12-01,P-TOL,SUP-MRO3,Sunbelt Facility Parts,MRO,MRO,USA,Transactional,False,False,20835,107.13,1.0297,1.1882,1.0713,24755.79,21454.81,3300.98,-2434.74
2024-01-01,P-AUS,SUP-MRO1,Fastline Industrial MRO,MRO,MRO,USA,Preferred,False,True,154239,108.33,1.0656,1.0866,1.0833,167598.43,164360.31,3238.12,-510.65
2024-01-01,P-AUS,SUP-MRO2,Toolcraft Supply,MRO,MRO,USA,Transactional,False,False,38892,108.33,1.0656,1.1081,1.0833,43096.74,41444.41,1652.33,-964.59
2024-01-01,P-AUS,SUP-MRO3,Sunbelt Facility Parts,MRO,MRO,USA,Transactional,False,False,25533,108.33,1.0656,1.1252,1.0833,28731.16,27209.38,1521.78,-1070.25
2024-01-01,P-FRS,SUP-MRO1,Fastline Industrial MRO,MRO,MRO,USA,Preferred,False,True,57859,108.33,1.0656,1.0401,1.0833,60179.62,61656.09,-1476.47,2499.62
2024-01-01,P-FRS,SUP-MRO2,Toolcraft Supply,MRO,MRO,USA,Transactional,False,False,13594,108.33,1.0656,1.1383,1.0833,15474.76,14486.17,988.59,-748.2
2024-01-01,P-FRS,SUP-MRO3,Sunbelt Facility Parts,MRO,MRO,USA,Transactional,False,False,9297,108.33,1.0656,1.1096,1.0833,10316.51,9908.0,408.5,-244.09
2024-01-01,P-GRN,SUP-MRO1,Fastline Industrial MRO,MRO,MRO,USA,Preferred,False,True,261748,108.33,1.0656,1.0521,1.0833,275379.48,278923.18,-3543.7,8172.28
2024-01-01,P-GRN,SUP-MRO2,Toolcraft Supply,MRO,MRO,USA,Transactional,False,False,59914,108.33,1.0656,1.1819,1.0833,70811.87,63845.81,6966.05,-5906.56
2024-01-01,P-GRN,SUP-MRO3,Sunbelt Facility Parts,MRO,MRO,USA,Transactional,False,False,39839,108.33,1.0656,1.185,1.0833,47207.91,42453.24,4754.67,-4050.19
2024-01-01,P-GRP,SUP-MRO1,Fastline Industrial MRO,MRO,MRO,USA,Preferred,False,True,108823,108.33,1.0656,1.0832,1.0833,117879.05,115963.62,1915.43,8.92
2024-01-01,P-GRP,SUP-MRO2,Toolcraft Supply,MRO,MRO,USA,Transactional,False,False,26703,108.33,1.0656,1.1351,1.0833,30311.76,28455.31,1856.44,-1384.24
2024-01-01,P-GRP,SUP-MRO3,Sunbelt Facility Parts,MRO,MRO,USA,Transactional,False,False,17708,108.33,1.0656,1.1412,1.0833,20207.84,18870.19,1337.65,-1024.51
2024-01-01,P-PHX,SUP-MRO1,Fastline Industrial MRO,MRO,MRO,USA,Preferred,False,True,56943,108.33,1.0656,1.0953,1.0833,62372.29,60680.23,1692.06,-685.11
2024-01-01,P-PHX,SUP-MRO2,Toolcraft Supply,MRO,MRO,USA,Transactional,False,False,14574,108.33,1.0656,1.1005,1.0833,16038.59,15530.46,508.13,-250.41
2024-01-01,P-PHX,SUP-MRO3,Sunbelt Facility Parts,MRO,MRO,USA,Transactional,False,False,9354,108.33,1.0656,1.143,1.0833,10692.39,9968.67,723.72,-558.29
2024-01-01,P-TOL,SUP-MRO1,Fastline Industrial MRO,MRO,MRO,USA,Preferred,False,True,117928,108.33,1.0656,1.0504,1.0833,123873.74,125666.4,-1792.66,3878.03
2024-01-01,P-TOL,SUP-MRO2,Toolcraft Supply,MRO,MRO,USA,Transactional,False,False,27471,108.33,1.0656,1.1595,1.0833,31853.25,29274.0,2579.25,-2093.46
2024-01-01,P-TOL,SUP-MRO3,Sunbelt Facility Parts,MRO,MRO,USA,Transactional,False,False,18811,108.33,1.0656,1.1289,1.0833,21235.5,20045.5,1190.0,-857.35
2024-02-01,P-AUS,SUP-MRO1,Fastline Industrial MRO,MRO,MRO,USA,Preferred,False,True,164562,108.62,1.0656,1.0717,1.0862,176354.28,175360.78,993.5,2393.75
2024-02-01,P-AUS,SUP-MRO2,Toolcraft Supply,MRO,MRO,USA,Transactional,False,False,38542,108.62,1.0656,1.1766,1.0862,45348.24,41071.5,4276.75,-3483.41
2024-02-01,P-AUS,SUP-MRO3,Sunbelt Facility Parts,MRO,MRO,USA,Transactional,False,False,25709,108.62,1.0656,1.1759,1.0862,30232.16,27396.96,2835.2,-2306.0
2024-02-01,P-FRS,SUP-MRO1,Fastline Industrial MRO,MRO,MRO,USA,Preferred,False,True,49640,108.62,1.0656,1.0338,1.0862,51320.05,52897.71,-1577.65,2599.42
2024-02-01,P-FRS,SUP-MRO2,Toolcraft Supply,MRO,MRO,USA,Transactional,False,False,11215,108.62,1.0656,1.1767,1.0862,13196.58,11951.1,1245.49,-1014.64
2024-02-01,P-FRS,SUP-MRO3,Sunbelt Facility Parts,MRO,MRO,USA,Transactional,False,False,7495,108.62,1.0656,1.1737,1.0862,8797.72,7987.84,809.89,-655.6
2024-02-01,P-GRN,SUP-MRO1,Fastline Industrial MRO,MRO,MRO,USA,Preferred,False,True,246946,108.62,1.0656,1.0704,1.0862,264320.27,263150.61,1169.66,3913.33
2024-02-01,P-GRN,SUP-MRO2,Toolcraft Supply,MRO,MRO,USA,Transactional,False,False,59748,108.62,1.0656,1.1376,1.0862,67968.07,63669.49,4298.58,-3068.74
2024-02-01,P-GRN,SUP-MRO3,Sunbelt Facility Parts,MRO,MRO,USA,Transactional,False,False,39938,108.62,1.0656,1.1345,1.0862,45312.05,42559.06,2752.99,-1930.92
2024-02-01,P-GRP,SUP-MRO1,Fastline Industrial MRO,MRO,MRO,USA,Preferred,False,True,92167,108.62,1.0656,1.0925,1.0862,100696.65,98215.06,2481.59,-584.48
2024-02-01,P-GRP,SUP-MRO2,Toolcraft Supply,MRO,MRO,USA,Transactional,False,False,22307,108.62,1.0656,1.1607,1.0862,25893.43,23771.48,2121.94,-1662.78
2024-02-01,P-GRP,SUP-MRO3,Sunbelt Facility Parts,MRO,MRO,USA,Transactional,False,False,14980,108.62,1.0656,1.1523,1.0862,17262.28,15963.13,1299.15,-990.81
2024-02-01,P-PHX,SUP-MRO1,Fastline Industrial MRO,MRO,MRO,USA,Preferred,False,True,51407,108.62,1.0656,1.1232,1.0862,57742.02,54780.22,2961.8,-1903.67
2024-02-01,P-PHX,SUP-MRO2,Toolcraft Supply,MRO,MRO,USA,Transactional,False,False,12486,108.62,1.0656,1.1891,1.0862,14847.95,13306.13,1541.82,-1284.8
2024-02-01,P-PHX,SUP-MRO3,Sunbelt Facility Parts,MRO,MRO,USA,Transactional,False,False,8588,108.62,1.0656,1.1526,1.0862,9898.63,9151.94,746.7,-569.92
2024-02-01,P-TOL,SUP-MRO1,Fastline Industrial MRO,MRO,MRO,USA,Preferred,False,True,124714,108.62,1.0656,1.093,1.0862,136309.83,132897.98,3411.85,-844.81
2024-02-01,P-TOL,SUP-MRO2,Toolcraft Supply,MRO,MRO,USA,Transactional,False,False,31416,108.62,1.0656,1.1157,1.0862,35051.1,33478.11,1572.99,-926.33
2024-02-01,P-TOL,SUP-MRO3,Sunbelt Facility Parts,MRO,MRO,USA,Transactional,False,False,20011,108.62,1.0656,1.1677,1.0862,23367.4,21324.63,2042.77,-1630.86
2024-03-01,P-AUS,SUP-MRO1,Fastline Industrial MRO,MRO,MRO,USA,Preferred,False,True,153215,108.82,1.0656,1.0708,1.0882,164069.8,163269.14,800.66,2659.46
2024-03-01,P-AUS,SUP-MRO2,Toolcraft Supply,MRO,MRO,USA,Transactional,False,False,36703,108.82,1.0656,1.1495,1.0882,42189.38,39112.0,3077.38,-2248.49
2024-03-01,P-AUS,SUP-MRO3,Sunbelt Facility Parts,MRO,MRO,USA,Transactional,False,False,23986,108.82,1.0656,1.1726,1.0882,28126.25,25560.72,2565.54,-2023.83
2024-03-01,P-FRS,SUP-MRO1,Fastline Industrial MRO,MRO,MRO,USA,Preferred,False,True,46023,108.82,1.0656,1.0913,1.0882,50224.56,49043.93,1180.63,-141.26
2024-03-01,P-FRS,SUP-MRO2,Toolcraft Supply,MRO,MRO,USA,Transactional,False,False,11519,108.82,1.0656,1.1212,1.0882,12914.89,12275.02,639.87,-379.73
2024-03-01,P-FRS,SUP-MRO3,Sunbelt Facility Parts,MRO,MRO,USA,Transactional,False,False,7797,108.82,1.0656,1.1042,1.0882,8609.93,8309.32,300.6,-124.5
2024-03-01,P-GRN,SUP-MRO1,Fastline Industrial MRO,MRO,MRO,USA,Preferred,False,True,222423,108.82,1.0656,1.1173,1.0882,248519.14,237018.58,11500.56,-6477.49
2024-03-01,P-GRN,SUP-MRO2,Toolcraft Supply,MRO,MRO,USA,Transactional,False,False,55607,108.82,1.0656,1.1492,1.0882,63904.92,59256.13,4648.79,-3392.99
2024-03-01,P-GRN,SUP-MRO3,Sunbelt Facility Parts,MRO,MRO,USA,Transactional,False,False,36398,108.82,1.0656,1.1705,1.0882,42603.28,38786.91,3816.37,-2994.37
2024-03-01,P-GRP,SUP-MRO1,Fastline Industrial MRO,MRO,MRO,USA,Preferred,False,True,99123,108.82,1.0656,1.0811,1.0882,107158.26,105627.41,1530.84,707.69
2024-03-01,P-GRP,SUP-MRO2,Toolcraft Supply,MRO,MRO,USA,Transactional,False,False,24605,108.82,1.0656,1.1199,1.0882,27554.98,26220.5,1334.48,-778.79
2024-03-01,P-GRP,SUP-MRO3,Sunbelt Facility Parts,MRO,MRO,USA,Transactional,False,False,15790,108.82,1.0656,1.1633,1.0882,18369.99,16826.81,1543.18,-1186.57
2024-03-01,P-PHX,SUP-MRO1,Fastline Industrial MRO,MRO,MRO,USA,Preferred,False,True,55026,108.82,1.0656,1.0938,1.0882,60188.54,58637.31,1551.23,-308.54
2024-03-01,P-PHX,SUP-MRO2,Toolcraft Supply,MRO,MRO,USA,Transactional,False,False,13141,108.82,1.0656,1.1777,1.0882,15477.05,14004.24,1472.81,-1176.03
2024-03-01,P-PHX,SUP-MRO3,Sunbelt Facility Parts,MRO,MRO,USA,Transactional,False,False,9362,108.82,1.0656,1.102,1.0882,10318.03,9977.18,340.86,-129.41
2024-03-01,P-TOL,SUP-MRO1,Fastline Industrial MRO,MRO,MRO,USA,Preferred,False,True,113054,108.82,1.0656,1.0974,1.0882,124068.09,120472.6,3595.48,-1042.34
2024-03-01,P-TOL,SUP-MRO2,Toolcraft Supply,MRO,MRO,USA,Transactional,False,False,27253,108.82,1.0656,1.1706,1.0882,31903.22,29041.65,2861.57,-2246.1
2024-03-01,P-TOL,SUP-MRO3,Sunbelt Facility Parts,MRO,MRO,USA,Transactional,False,False,18270,108.82,1.0656,1.1641,1.0882,21268.81,19469.85,1798.96,-1386.34
2024-04-01,P-AUS,SUP-MRO1,Fastline Industrial MRO,MRO,MRO,USA,Preferred,False,True,159665,108.92,1.0656,1.0878,1.0892,173677.96,170141.72,3536.25,229.19
2024-04-01,P-AUS,SUP-MRO2,Toolcraft Supply,MRO,MRO,USA,Transactional,False,False,40950,108.92,1.0656,1.0906,1.0892,44660.05,43637.58,1022.47,-56.72
2024-04-01,P-AUS,SUP-MRO3,Sunbelt Facility Parts,MRO,MRO,USA,Transactional,False,False,26182,108.92,1.0656,1.1371,1.0892,29773.36,27900.98,1872.39,-1254.91
2024-04-01,P-FRS,SUP-MRO1,Fastline Industrial MRO,MRO,MRO,USA,Preferred,False,True,43895,108.92,1.0656,1.0856,1.0892,47654.32,46775.79,878.53,156.67
2024-04-01,P-FRS,SUP-MRO2,Toolcraft Supply,MRO,MRO,USA,Transactional,False,False,10836,108.92,1.0656,1.1308,1.0892,12253.97,11548.03,705.94,-450.37
2024-04-01,P-FRS,SUP-MRO3,Sunbelt Facility Parts,MRO,MRO,USA,Transactional,False,False,6885,108.92,1.0656,1.1864,1.0892,8169.31,7337.53,831.79,-669.4
2024-04-01,P-GRN,SUP-MRO1,Fastline Industrial MRO,MRO,MRO,USA,Preferred,False,True,232984,108.92,1.0656,1.1285,1.0892,262924.06,248272.08,14651.98,-9157.43
2024-04-01,P-GRN,SUP-MRO2,Toolcraft Supply,MRO,MRO,USA,Transactional,False,False,59736,108.92,1.0656,1.1318,1.0892,67609.04,63656.56,3952.48,-2543.69
2024-04-01,P-GRN,SUP-MRO3,Sunbelt Facility Parts,MRO,MRO,USA,Transactional,False,False,38983,108.92,1.0656,1.1562,1.0892,45072.7,41541.72,3530.98,-2611.61
2024-04-01,P-GRP,SUP-MRO1,Fastline Industrial MRO,MRO,MRO,USA,Preferred,False,True,106024,108.92,1.0656,1.0244,1.0892,108610.86,112981.09,-4370.23,6870.63
2024-04-01,P-GRP,SUP-MRO2,Toolcraft Supply,MRO,MRO,USA,Transactional,False,False,23256,108.92,1.0656,1.2009,1.0892,27928.51,24782.35,3146.16,-2597.7
2024-04-01,P-GRP,SUP-MRO3,Sunbelt Facility Parts,MRO,MRO,USA,Transactional,False,False,15797,108.92,1.0656,1.1786,1.0892,18619.01,16834.04,1784.96,-1412.4
2024-04-01,P-PHX,SUP-MRO1,Fastline Industrial MRO,MRO,MRO,USA,Preferred,False,True,48088,108.92,1.0656,1.099,1.0892,52847.98,51244.23,1603.75,-469.65
2024-04-01,P-PHX,SUP-MRO2,Toolcraft Supply,MRO,MRO,USA,Transactional,False,False,11965,108.92,1.0656,1.1358,1.0892,13589.48,12750.18,839.3,-557.12
2024-04-01,P-PHX,SUP-MRO3,Sunbelt Facility Parts,MRO,MRO,USA,Transactional,False,False,7770,108.92,1.0656,1.1659,1.0892,9059.65,8280.05,779.6,-596.36
2024-04-01,P-TOL,SUP-MRO1,Fastline Industrial MRO,MRO,MRO,USA,Preferred,False,True,110192,108.92,1.0656,1.086,1.0892,119663.46,117422.81,2240.65,358.06
2024-04-01,P-TOL,SUP-MRO2,Toolcraft Supply,MRO,MRO,USA,Transactional,False,False,27049,108.92,1.0656,1.1375,1.0892,30770.6,28824.83,1945.77,-1307.84
2024-04-01,P-TOL,SUP-MRO3,Sunbelt Facility Parts,MRO,MRO,USA,Transactional,False,False,17791,108.92,1.0656,1.153,1.0892,20513.74,18959.15,1554.58,-1135.0
2024-05-01,P-AUS,SUP-MRO1,Fastline Industrial MRO,MRO,MRO,USA,Preferred,False,True,164902,109.06,1.0656,1.0962,1.0906,180771.61,175722.87,5048.74,-928.93
2024-05-01,P-AUS,SUP-MRO2,Toolcraft Supply,MRO,MRO,USA,Transactional,False,False,39618,109.06,1.0656,1.1733,1.0906,46484.13,42217.99,4266.14,-3276.34
2024-05-01,P-AUS,SUP-MRO3,Sunbelt Facility Parts,MRO,MRO,USA,Transactional,False,False,27636,109.06,1.0656,1.1213,1.0906,30989.42,29449.7,1539.72,-849.27
2024-05-01,P-FRS,SUP-MRO1,Fastline Industrial MRO,MRO,MRO,USA,Preferred,False,True,45499,109.06,1.0656,1.1029,1.0906,50179.73,48484.69,1695.04,-558.32
2024-05-01,P-FRS,SUP-MRO2,Toolcraft Supply,MRO,MRO,USA,Transactional,False,False,11052,109.06,1.0656,1.1675,1.0906,12903.36,11777.69,1125.67,-849.54
2024-05-01,P-FRS,SUP-MRO3,Sunbelt Facility Parts,MRO,MRO,USA,Transactional,False,False,7578,109.06,1.0656,1.1351,1.0906,8602.24,8075.52,526.72,-337.39
2024-05-01,P-GRN,SUP-MRO1,Fastline Industrial MRO,MRO,MRO,USA,Preferred,False,True,218823,109.06,1.0656,1.0855,1.0906,237536.54,233182.12,4354.42,1112.53
2024-05-01,P-GRN,SUP-MRO2,Toolcraft Supply,MRO,MRO,USA,Transactional,False,False,53053,109.06,1.0656,1.1513,1.0906,61080.83,56534.54,4546.28,-3220.84
2024-05-01,P-GRN,SUP-MRO3,Sunbelt Facility Parts,MRO,MRO,USA,Transactional,False,False,34543,109.06,1.0656,1.1788,1.0906,40720.55,36809.99,3910.56,-3047.55
2024-05-01,P-GRP,SUP-MRO1,Fastline Industrial MRO,MRO,MRO,USA,Preferred,False,True,85896,109.06,1.0656,1.109,1.0906,95263.23,91532.88,3730.34,-1584.36
2024-05-01,P-GRP,SUP-MRO2,Toolcraft Supply,MRO,MRO,USA,Transactional,False,False,20593,109.06,1.0656,1.1895,1.0906,24496.26,21945.01,2551.24,-2036.74
2024-05-01,P-GRP,SUP-MRO3,Sunbelt Facility Parts,MRO,MRO,USA,Transactional,False,False,14080,109.06,1.0656,1.1599,1.0906,16330.84,15003.9,1326.94,-975.17
2024-05-01,P-PHX,SUP-MRO1,Fastline Industrial MRO,MRO,MRO,USA,Preferred,False,True,51561,109.06,1.0656,1.0962,1.0906,56523.14,54944.4,1578.74,-290.57
2024-05-01,P-PHX,SUP-MRO2,Toolcraft Supply,MRO,MRO,USA,Transactional,False,False,12481,109.06,1.0656,1.1644,1.0906,14534.52,13301.01,1233.51,-921.67
2024-05-01,P-PHX,SUP-MRO3,Sunbelt Facility Parts,MRO,MRO,USA,Transactional,False,False,8740,109.06,1.0656,1.1086,1.0906,9689.68,9314.27,375.41,-157.03
2024-05-01,P-TOL,SUP-MRO1,Fastline Industrial MRO,MRO,MRO,USA,Preferred,False,True,105838,109.06,1.0656,1.0934,1.0906,115721.65,112783.69,2937.96,-293.75
2024-05-01,P-TOL,SUP-MRO2,Toolcraft Supply,MRO,MRO,USA,Transactional,False,False,25751,109.06,1.0656,1.1556,1.0906,29757.0,27440.87,2316.12,-1672.77
2024-05-01,P-TOL,SUP-MRO3,Sunbelt Facility Parts,MRO,MRO,USA,Transactional,False,False,16622,109.06,1.0656,1.1935,1.0906,19838.0,17712.78,2125.22,-1709.95
2024-06-01,P-AUS,SUP-MRO1,Fastline Industrial MRO,MRO,MRO,USA,Preferred,False,True,164115,109.24,1.0656,1.0791,1.0924,177089.88,174883.7,2206.19,2189.36
2024-06-01,P-AUS,SUP-MRO2,Toolcraft Supply,MRO,MRO,USA,Transactional,False,False,39095,109.24,1.0656,1.1648,1.0924,45537.4,41660.99,3876.41,-2829.3
2024-06-01,P-AUS,SUP-MRO3,Sunbelt Facility Parts,MRO,MRO,USA,Transactional,False,False,26764,109.24,1.0656,1.1343,1.0924,30358.27,28520.99,1837.27,-1120.42
2024-06-01,P-FRS,SUP-MRO1,Fastline Industrial MRO,MRO,MRO,USA,Preferred,False,True,44582,109.24,1.0656,1.1204,1.0924,49949.14,47507.6,2441.54,-1247.48
2024-06-01,P-FRS,SUP-MRO2,Toolcraft Supply,MRO,MRO,USA,Transactional,False,False,11210,109.24,1.0656,1.1457,1.0924,12844.06,11946.02,898.04,-597.79
2024-06-01,P-FRS,SUP-MRO3,Sunbelt Facility Parts,MRO,MRO,USA,Transactional,False,False,7357,109.24,1.0656,1.1638,1.0924,8562.71,7840.29,722.42,-525.36
2024-06-01,P-GRN,SUP-MRO1,Fastline Industrial MRO,MRO,MRO,USA,Preferred,False,True,245457,109.24,1.0656,1.0684,1.0924,262242.83,261563.25,679.57,5894.59
2024-06-01,P-GRN,SUP-MRO2,Toolcraft Supply,MRO,MRO,USA,Transactional,False,False,59736,109.24,1.0656,1.1289,1.0924,67433.87,63656.32,3777.55,-2177.6
2024-06-01,P-GRN,SUP-MRO3,Sunbelt Facility Parts,MRO,MRO,USA,Transactional,False,False,39863,109.24,1.0656,1.1277,1.0924,44955.91,42479.19,2476.73,-1409.05
2024-06-01,P-GRP,SUP-MRO1,Fastline Industrial MRO,MRO,MRO,USA,Preferred,False,True,94338,109.24,1.0656,1.0943,1.0924,103233.3,100528.37,2704.93,-178.24
2024-06-01,P-GRP,SUP-MRO2,Toolcraft Supply,MRO,MRO,USA,Transactional,False,False,22989,109.24,1.0656,1.1547,1.0924,26545.71,24497.62,2048.09,-1432.36
2024-06-01,P-GRP,SUP-MRO3,Sunbelt Facility Parts,MRO,MRO,USA,Transactional,False,False,14982,109.24,1.0656,1.1812,1.0924,17697.14,15965.52,1731.62,-1330.34
2024-06-01,P-PHX,SUP-MRO1,Fastline Industrial MRO,MRO,MRO,USA,Preferred,False,True,58625,109.24,1.0656,1.0662,1.0924,62503.89,62472.34,31.56,1538.63
2024-06-01,P-PHX,SUP-MRO2,Toolcraft Supply,MRO,MRO,USA,Transactional,False,False,13924,109.24,1.0656,1.1543,1.0924,16072.43,14837.88,1234.55,-861.62
2024-06-01,P-PHX,SUP-MRO3,Sunbelt Facility Parts,MRO,MRO,USA,Transactional,False,False,8966,109.24,1.0656,1.195,1.0924,10714.95,9555.03,1159.93,-919.77
2024-06-01,P-TOL,SUP-MRO1,Fastline Industrial MRO,MRO,MRO,USA,Preferred,False,True,117624,109.24,1.0656,1.0592,1.0924,124584.27,125342.56,-758.29,3908.66
2024-06-01,P-TOL,SUP-MRO2,Toolcraft Supply,MRO,MRO,USA,Transactional,False,False,28443,109.24,1.0656,1.1263,1.0924,32035.96,30309.4,1726.56,-964.76
2024-06-01,P-TOL,SUP-MRO3,Sunbelt Facility Parts,MRO,MRO,USA,Transactional,False,False,18396,109.24,1.0656,1.1609,1.0924,21357.3,19604.09,1753.21,-1260.48
2024-07-01,P-AUS,SUP-MRO1,Fastline Industrial MRO,MRO,MRO,USA,Preferred,False,True,159323,109.09,1.0656,1.1033,1.0909,175780.54,169778.24,6002.3,-1974.06
2024-07-01,P-AUS,SUP-MRO2,Toolcraft Supply,MRO,MRO,USA,Transactional,False,False,38147,109.09,1.0656,1.1849,1.0909,45200.71,40650.4,4550.31,-3585.82
2024-07-01,P-AUS,SUP-MRO3,Sunbelt Facility Parts,MRO,MRO,USA,Transactional,False,False,26196,109.09,1.0656,1.1503,1.0909,30133.81,27915.26,2218.54,-1556.21
2024-07-01,P-FRS,SUP-MRO1,Fastline Industrial MRO,MRO,MRO,USA,Preferred,False,True,52137,109.09,1.0656,1.0919,1.0909,56927.92,55558.5,1369.42,-51.21
2024-07-01,P-FRS,SUP-MRO2,Toolcraft Supply,MRO,MRO,USA,Transactional,False,False,12744,109.09,1.0656,1.1486,1.0909,14638.61,13580.44,1058.17,-735.95
2024-07-01,P-FRS,SUP-MRO3,Sunbelt Facility Parts,MRO,MRO,USA,Transactional,False,False,8539,109.09,1.0656,1.1428,1.0909,9759.07,9100.11,658.96,-443.05
2024-07-01,P-GRN,SUP-MRO1,Fastline Industrial MRO,MRO,MRO,USA,Preferred,False,True,255918,109.09,1.0656,1.0745,1.0909,274994.24,272711.45,2282.79,4187.69
2024-07-01,P-GRN,SUP-MRO2,Toolcraft Supply,MRO,MRO,USA,Transactional,False,False,59053,109.09,1.0656,1.1974,1.0909,70712.8,62928.93,7783.88,-6290.8
2024-07-01,P-GRN,SUP-MRO3,Sunbelt Facility Parts,MRO,MRO,USA,Transactional,False,False,41244,109.09,1.0656,1.143,1.0909,47141.87,43950.67,3191.2,-2148.41
2024-07-01,P-GRP,SUP-MRO1,Fastline Industrial MRO,MRO,MRO,USA,Preferred,False,True,95040,109.09,1.0656,1.0837,1.0909,102995.73,101276.64,1719.09,683.85
2024-07-01,P-GRP,SUP-MRO2,Toolcraft Supply,MRO,MRO,USA,Transactional,False,False,23418,109.09,1.0656,1.1309,1.0909,26484.62,24955.61,1529.01,-936.9
2024-07-01,P-GRP,SUP-MRO3,Sunbelt Facility Parts,MRO,MRO,USA,Transactional,False,False,15133,109.09,1.0656,1.1667,1.0909,17656.41,16126.51,1529.9,-1147.27
2024-07-01,P-PHX,SUP-MRO1,Fastline Industrial MRO,MRO,MRO,USA,Preferred,False,True,49895,109.09,1.0656,1.0621,1.0909,52993.66,53169.67,-176.01,1437.54
2024-07-01,P-PHX,SUP-MRO2,Toolcraft Supply,MRO,MRO,USA,Transactional,False,False,11722,109.09,1.0656,1.1624,1.0909,13626.94,12492.16,1134.78,-838.38
2024-07-01,P-PHX,SUP-MRO3,Sunbelt Facility Parts,MRO,MRO,USA,Transactional,False,False,7902,109.09,1.0656,1.1496,1.0909,9084.63,8420.88,663.74,-463.95
2024-07-01,P-TOL,SUP-MRO1,Fastline Industrial MRO,MRO,MRO,USA,Preferred,False,True,124700,109.09,1.0656,1.0728,1.0909,133782.54,132882.99,899.56,2253.29
2024-07-01,P-TOL,SUP-MRO2,Toolcraft Supply,MRO,MRO,USA,Transactional,False,False,30011,109.09,1.0656,1.1463,1.0909,34401.23,31981.04,2420.19,-1661.39
2024-07-01,P-TOL,SUP-MRO3,Sunbelt Facility Parts,MRO,MRO,USA,Transactional,False,False,19384,109.09,1.0656,1.1831,1.0909,22934.15,20656.19,2277.96,-1787.86
2024-08-01,P-AUS,SUP-MRO1,Fastline Industrial MRO,MRO,MRO,USA,Preferred,False,True,191651,109.17,1.0656,1.0845,1.0917,207853.91,204227.52,3626.39,1372.53
2024-08-01,P-AUS,SUP-MRO2,Toolcraft Supply,MRO,MRO,USA,Transactional,False,False,46112,109.17,1.0656,1.1591,1.0917,53448.15,49138.38,4309.77,-3107.0
2024-08-01,P-AUS,SUP-MRO3,Sunbelt Facility Parts,MRO,MRO,USA,Transactional,False,False,30964,109.17,1.0656,1.1507,1.0917,35632.1,32996.6,2635.5,-1827.83
2024-08-01,P-FRS,SUP-MRO1,Fastline Industrial MRO,MRO,MRO,USA,Preferred,False,True,52014,109.17,1.0656,1.1072,1.0917,57590.07,55427.3,2162.77,-806.06
2024-08-01,P-FRS,SUP-MRO2,Toolcraft Supply,MRO,MRO,USA,Transactional,False,False,12104,109.17,1.0656,1.2234,1.0917,14808.88,12899.0,1909.88,-1594.15
2024-08-01,P-FRS,SUP-MRO3,Sunbelt Facility Parts,MRO,MRO,USA,Transactional,False,False,8438,109.17,1.0656,1.1699,1.0917,9872.58,8992.3,880.28,-660.17
2024-08-01,P-GRN,SUP-MRO1,Fastline Industrial MRO,MRO,MRO,USA,Preferred,False,True,257687,109.17,1.0656,1.0805,1.0917,278422.27,274595.76,3826.51,2894.83
2024-08-01,P-GRN,SUP-MRO2,Toolcraft Supply,MRO,MRO,USA,Transactional,False,False,61727,109.17,1.0656,1.1598,1.0917,71594.3,65778.32,5815.98,-4205.91
2024-08-01,P-GRN,SUP-MRO3,Sunbelt Facility Parts,MRO,MRO,USA,Transactional,False,False,40299,109.17,1.0656,1.1844,1.0917,47729.53,42943.73,4785.8,-3734.66
2024-08-01,P-GRP,SUP-MRO1,Fastline Industrial MRO,MRO,MRO,USA,Preferred,False,True,113596,109.17,1.0656,1.0717,1.0917,121742.1,121050.51,691.6,2271.38
2024-08-01,P-GRP,SUP-MRO2,Toolcraft Supply,MRO,MRO,USA,Transactional,False,False,27042,109.17,1.0656,1.1576,1.0917,31305.11,28816.81,2488.31,-1782.95
2024-08-01,P-GRP,SUP-MRO3,Sunbelt Facility Parts,MRO,MRO,USA,Transactional,False,False,17695,109.17,1.0656,1.1794,1.0917,20870.07,18856.92,2013.16,-1551.59
2024-08-01,P-PHX,SUP-MRO1,Fastline Industrial MRO,MRO,MRO,USA,Preferred,False,True,58678,109.17,1.0656,1.0502,1.0917,61623.76,62528.36,-904.6,2435.12
2024-08-01,P-PHX,SUP-MRO2,Toolcraft Supply,MRO,MRO,USA,Transactional,False,False,13886,109.17,1.0656,1.1411,1.0917,15846.11,14797.35,1048.76,-686.56
2024-08-01,P-PHX,SUP-MRO3,Sunbelt Facility Parts,MRO,MRO,USA,Transactional,False,False,8953,109.17,1.0656,1.1799,1.0917,10564.07,9540.47,1023.6,-790.08
2024-08-01,P-TOL,SUP-MRO1,Fastline Industrial MRO,MRO,MRO,USA,Preferred,False,True,122514,109.17,1.0656,1.1248,1.0917,137803.53,130553.67,7249.86,-4054.27
2024-08-01,P-TOL,SUP-MRO2,Toolcraft Supply,MRO,MRO,USA,Transactional,False,False,30479,109.17,1.0656,1.1626,1.0917,35435.19,32479.41,2955.79,-2160.78
2024-08-01,P-TOL,SUP-MRO3,Sunbelt Facility Parts,MRO,MRO,USA,Transactional,False,False,19868,109.17,1.0656,1.189,1.0917,23623.46,21172.08,2451.38,-1933.15
2024-09-01,P-AUS,SUP-MRO1,Fastline Industrial MRO,MRO,MRO,USA,Preferred,False,True,169782,109.39,1.0656,1.0914,1.0939,185297.87,180923.07,4374.8,427.22
2024-09-01,P-AUS,SUP-MRO2,Toolcraft Supply,MRO,MRO,USA,Transactional,False,False,42043,109.39,1.0656,1.1333,1.0939,47648.02,44802.2,2845.82,-1656.69
2024-09-01,P-AUS,SUP-MRO3,Sunbelt Facility Parts,MRO,MRO,USA,Transactional,False,False,27216,109.39,1.0656,1.1671,1.0939,31765.35,29002.15,2763.2,-1993.43
2024-09-01,P-FRS,SUP-MRO1,Fastline Industrial MRO,MRO,MRO,USA,Preferred,False,True,55035,109.39,1.0656,1.0709,1.0939,58937.33,58646.62,290.71,1265.88
2024-09-01,P-FRS,SUP-MRO2,Toolcraft Supply,MRO,MRO,USA,Transactional,False,False,13288,109.39,1.0656,1.1404,1.0939,15155.31,14160.91,994.41,-618.55
2024-09-01,P-FRS,SUP-MRO3,Sunbelt Facility Parts,MRO,MRO,USA,Transactional,False,False,8805,109.39,1.0656,1.1475,1.0939,10103.54,9382.78,720.77,-471.73
2024-09-01,P-GRN,SUP-MRO1,Fastline Industrial MRO,MRO,MRO,USA,Preferred,False,True,288917,109.39,1.0656,1.0943,1.0939,316172.29,307874.85,8297.44,-125.9
2024-09-01,P-GRN,SUP-MRO2,Toolcraft Supply,MRO,MRO,USA,Transactional,False,False,70577,109.39,1.0656,1.152,1.0939,81301.45,75208.22,6093.23,-4097.07
2024-09-01,P-GRN,SUP-MRO3,Sunbelt Facility Parts,MRO,MRO,USA,Transactional,False,False,46532,109.39,1.0656,1.1648,1.0939,54200.96,49586.23,4614.74,-3298.63
2024-09-01,P-GRP,SUP-MRO1,Fastline Industrial MRO,MRO,MRO,USA,Preferred,False,True,97858,109.39,1.0656,1.107,1.0939,108326.68,104279.71,4046.97,-1279.21
2024-09-01,P-GRP,SUP-MRO2,Toolcraft Supply,MRO,MRO,USA,Transactional,False,False,24007,109.39,1.0656,1.1603,1.0939,27855.43,25582.4,2273.03,-1594.03
2024-09-01,P-GRP,SUP-MRO3,Sunbelt Facility Parts,MRO,MRO,USA,Transactional,False,False,16517,109.39,1.0656,1.1243,1.0939,18570.29,17601.26,969.02,-501.86
2024-09-01,P-PHX,SUP-MRO1,Fastline Industrial MRO,MRO,MRO,USA,Preferred,False,True,61864,109.39,1.0656,1.0825,1.0939,66970.64,65923.68,1046.96,702.77
2024-09-01,P-PHX,SUP-MRO2,Toolcraft Supply,MRO,MRO,USA,Transactional,False,False,15140,109.39,1.0656,1.1374,1.0939,17221.02,16134.38,1086.64,-658.4
2024-09-01,P-PHX,SUP-MRO3,Sunbelt Facility Parts,MRO,MRO,USA,Transactional,False,False,10174,109.39,1.0656,1.1283,1.0939,11480.68,10842.62,638.06,-350.28
2024-09-01,P-TOL,SUP-MRO1,Fastline Industrial MRO,MRO,MRO,USA,Preferred,False,True,123062,109.39,1.0656,1.1382,1.0939,140064.97,131137.94,8927.02,-5446.39
2024-09-01,P-TOL,SUP-MRO2,Toolcraft Supply,MRO,MRO,USA,Transactional,False,False,31314,109.39,1.0656,1.1502,1.0939,36016.71,33369.0,2647.7,-1762.03
2024-09-01,P-TOL,SUP-MRO3,Sunbelt Facility Parts,MRO,MRO,USA,Transactional,False,False,20572,109.39,1.0656,1.1671,1.0939,24011.14,21922.51,2088.63,-1506.77
2024-10-01,P-AUS,SUP-MRO1,Fastline Industrial MRO,MRO,MRO,USA,Preferred,False,True,185170,109.56,1.0656,1.0979,1.0956,203289.52,197320.31,5969.21,-417.2
2024-10-01,P-AUS,SUP-MRO2,Toolcraft Supply,MRO,MRO,USA,Transactional,False,False,42433,109.56,1.0656,1.2319,1.0956,52274.45,45217.78,7056.67,-5784.37
2024-10-01,P-AUS,SUP-MRO3,Sunbelt Facility Parts,MRO,MRO,USA,Transactional,False,False,30326,109.56,1.0656,1.1492,1.0956,34849.63,32316.07,2533.56,-1624.28
2024-10-01,P-FRS,SUP-MRO1,Fastline Industrial MRO,MRO,MRO,USA,Preferred,False,True,62378,109.56,1.0656,1.0642,1.0956,66384.35,66472.05,-87.69,1958.02
2024-10-01,P-FRS,SUP-MRO2,Toolcraft Supply,MRO,MRO,USA,Transactional,False,False,14475,109.56,1.0656,1.1792,1.0956,17070.26,15425.37,1644.89,-1210.86
2024-10-01,P-FRS,SUP-MRO3,Sunbelt Facility Parts,MRO,MRO,USA,Transactional,False,False,9544,109.56,1.0656,1.1924,1.0956,11380.17,10170.45,1209.73,-923.56
2024-10-01,P-GRN,SUP-MRO1,Fastline Industrial MRO,MRO,MRO,USA,Preferred,False,True,272216,109.56,1.0656,1.11,1.0956,302162.39,290078.85,12083.53,-3921.56
2024-10-01,P-GRN,SUP-MRO2,Toolcraft Supply,MRO,MRO,USA,Transactional,False,False,65973,109.56,1.0656,1.1777,1.0956,77698.9,70301.99,7396.91,-5418.82
2024-10-01,P-GRN,SUP-MRO3,Sunbelt Facility Parts,MRO,MRO,USA,Transactional,False,False,44358,109.56,1.0656,1.1677,1.0956,51799.27,47269.41,4529.86,-3199.83
2024-10-01,P-GRP,SUP-MRO1,Fastline Industrial MRO,MRO,MRO,USA,Preferred,False,True,106487,109.56,1.0656,1.0845,1.0956,115480.89,113474.64,2006.24,1186.6
2024-10-01,P-GRP,SUP-MRO2,Toolcraft Supply,MRO,MRO,USA,Transactional,False,False,25809,109.56,1.0656,1.1505,1.0956,29695.09,27503.37,2191.71,-1417.85
2024-10-01,P-GRP,SUP-MRO3,Sunbelt Facility Parts,MRO,MRO,USA,Transactional,False,False,17062,109.56,1.0656,1.1603,1.0956,19796.72,18181.7,1615.02,-1103.44
2024-10-01,P-PHX,SUP-MRO1,Fastline Industrial MRO,MRO,MRO,USA,Preferred,False,True,60889,109.56,1.0656,1.0778,1.0956,65627.23,64884.66,742.58,1083.09
2024-10-01,P-PHX,SUP-MRO2,Toolcraft Supply,MRO,MRO,USA,Transactional,False,False,14515,109.56,1.0656,1.1626,1.0956,16875.57,15467.63,1407.94,-972.73
2024-10-01,P-PHX,SUP-MRO3,Sunbelt Facility Parts,MRO,MRO,USA,Transactional,False,False,9563,109.56,1.0656,1.1764,1.0956,11250.38,10190.9,1059.49,-772.74
2024-10-01,P-TOL,SUP-MRO1,Fastline Industrial MRO,MRO,MRO,USA,Preferred,False,True,123938,109.56,1.0656,1.1031,1.0956,136716.14,132071.02,4645.12,-929.03
2024-10-01,P-TOL,SUP-MRO2,Toolcraft Supply,MRO,MRO,USA,Transactional,False,False,29482,109.56,1.0656,1.1924,1.0956,35155.58,31417.05,3738.53,-2854.54
2024-10-01,P-TOL,SUP-MRO3,Sunbelt Facility Parts,MRO,MRO,USA,Transactional,False,False,20178,109.56,1.0656,1.1615,1.0956,23437.05,21502.51,1934.54,-1329.52
2024-11-01,P-AUS,SUP-MRO1,Fastline Industrial MRO,MRO,MRO,USA,Preferred,False,True,191013,110.08,1.0656,1.1088,1.1008,211802.4,203546.73,8255.67,-1535.19
2024-11-01,P-AUS,SUP-MRO2,Toolcraft Supply,MRO,MRO,USA,Transactional,False,False,46304,110.08,1.0656,1.1762,1.1008,54463.47,49343.0,5120.48,-3491.33
2024-11-01,P-AUS,SUP-MRO3,Sunbelt Facility Parts,MRO,MRO,USA,Transactional,False,False,31697,110.08,1.0656,1.1455,1.1008,36308.98,33777.1,2531.88,-1416.67
2024-11-01,P-FRS,SUP-MRO1,Fastline Industrial MRO,MRO,MRO,USA,Preferred,False,True,50505,110.08,1.0656,1.0956,1.1008,55331.86,53819.3,1512.56,264.38
2024-11-01,P-FRS,SUP-MRO2,Toolcraft Supply,MRO,MRO,USA,Transactional,False,False,12172,110.08,1.0656,1.1688,1.1008,14228.19,12971.6,1256.59,-828.31
2024-11-01,P-FRS,SUP-MRO3,Sunbelt Facility Parts,MRO,MRO,USA,Transactional,False,False,8152,110.08,1.0656,1.1634,1.1008,9485.46,8687.94,797.52,-510.67
2024-11-01,P-GRN,SUP-MRO1,Fastline Industrial MRO,MRO,MRO,USA,Preferred,False,True,280918,110.08,1.0656,1.0707,1.1008,300779.54,299351.32,1428.22,8455.42
2024-11-01,P-GRN,SUP-MRO2,Toolcraft Supply,MRO,MRO,USA,Transactional,False,False,66802,110.08,1.0656,1.1578,1.1008,77343.31,71185.83,6157.48,-3807.15
2024-11-01,P-GRN,SUP-MRO3,Sunbelt Facility Parts,MRO,MRO,USA,Transactional,False,False,44442,110.08,1.0656,1.1602,1.1008,51562.21,47359.18,4203.03,-2639.38
2024-11-01,P-GRP,SUP-MRO1,Fastline Industrial MRO,MRO,MRO,USA,Preferred,False,True,119682,110.08,1.0656,1.1263,1.1008,134799.6,127535.22,7264.37,-3053.56
2024-11-01,P-GRP,SUP-MRO2,Toolcraft Supply,MRO,MRO,USA,Transactional,False,False,29971,110.08,1.0656,1.1565,1.1008,34662.75,31937.68,2725.07,-1670.59
2024-11-01,P-GRP,SUP-MRO3,Sunbelt Facility Parts,MRO,MRO,USA,Transactional,False,False,19617,110.08,1.0656,1.178,1.1008,23108.5,20904.69,2203.81,-1513.6
2024-11-01,P-PHX,SUP-MRO1,Fastline Industrial MRO,MRO,MRO,USA,Preferred,False,True,60010,110.08,1.0656,1.1317,1.1008,67911.81,63948.08,3963.73,-1852.37
2024-11-01,P-PHX,SUP-MRO2,Toolcraft Supply,MRO,MRO,USA,Transactional,False,False,15091,110.08,1.0656,1.1572,1.1008,17463.04,16081.64,1381.4,-850.43
2024-11-01,P-PHX,SUP-MRO3,Sunbelt Facility Parts,MRO,MRO,USA,Transactional,False,False,9988,110.08,1.0656,1.1656,1.1008,11642.03,10643.62,998.4,-646.98
2024-11-01,P-TOL,SUP-MRO1,Fastline Industrial MRO,MRO,MRO,USA,Preferred,False,True,143408,110.08,1.0656,1.098,1.1008,157458.81,152818.89,4639.92,405.68
2024-11-01,P-TOL,SUP-MRO2,Toolcraft Supply,MRO,MRO,USA,Transactional,False,False,34996,110.08,1.0656,1.157,1.1008,40489.41,37292.48,3196.93,-1965.65
2024-11-01,P-TOL,SUP-MRO3,Sunbelt Facility Parts,MRO,MRO,USA,Transactional,False,False,22819,110.08,1.0656,1.1829,1.1008,26992.94,24316.43,2676.51,-1873.65
2024-12-01,P-AUS,SUP-MRO1,Fastline Industrial MRO,MRO,MRO,USA,Preferred,False,True,192953,110.15,1.0656,1.0587,1.1015,204275.61,205614.46,-1338.85,8262.67
2024-12-01,P-AUS,SUP-MRO2,Toolcraft Supply,MRO,MRO,USA,Transactional,False,False,42756,110.15,1.0656,1.2286,1.1015,52528.01,45561.61,6966.4,-5432.17
2024-12-01,P-AUS,SUP-MRO3,Sunbelt Facility Parts,MRO,MRO,USA,Transactional,False,False,29940,110.15,1.0656,1.1696,1.1015,35018.68,31904.8,3113.88,-2039.52
2024-12-01,P-FRS,SUP-MRO1,Fastline Industrial MRO,MRO,MRO,USA,Preferred,False,True,48888,110.15,1.0656,1.1367,1.1015,55571.85,52096.79,3475.06,-1720.76
2024-12-01,P-FRS,SUP-MRO2,Toolcraft Supply,MRO,MRO,USA,Transactional,False,False,11834,110.15,1.0656,1.2075,1.1015,14289.9,12610.57,1679.34,-1254.69
2024-12-01,P-FRS,SUP-MRO3,Sunbelt Facility Parts,MRO,MRO,USA,Transactional,False,False,8239,110.15,1.0656,1.1562,1.1015,9526.6,8780.11,746.49,-450.83
2024-12-01,P-GRN,SUP-MRO1,Fastline Industrial MRO,MRO,MRO,USA,Preferred,False,True,247294,110.15,1.0656,1.112,1.1015,274995.47,263521.35,11474.12,-2600.36
2024-12-01,P-GRN,SUP-MRO2,Toolcraft Supply,MRO,MRO,USA,Transactional,False,False,59606,110.15,1.0656,1.1863,1.1015,70713.12,63517.34,7195.78,-5056.91
2024-12-01,P-GRN,SUP-MRO3,Sunbelt Facility Parts,MRO,MRO,USA,Transactional,False,False,41650,110.15,1.0656,1.1319,1.1015,47142.08,44382.98,2759.1,-1264.56
2024-12-01,P-GRP,SUP-MRO1,Fastline Industrial MRO,MRO,MRO,USA,Preferred,False,True,120129,110.15,1.0656,1.1275,1.1015,135451.38,128011.64,7439.74,-3129.11
2024-12-01,P-GRP,SUP-MRO2,Toolcraft Supply,MRO,MRO,USA,Transactional,False,False,30100,110.15,1.0656,1.1571,1.1015,34830.35,32075.77,2754.59,-1674.47
2024-12-01,P-GRP,SUP-MRO3,Sunbelt Facility Parts,MRO,MRO,USA,Transactional,False,False,20027,110.15,1.0656,1.1594,1.1015,23220.24,21341.47,1878.77,-1160.12
2024-12-01,P-PHX,SUP-MRO1,Fastline Industrial MRO,MRO,MRO,USA,Preferred,False,True,57354,110.15,1.0656,1.1206,1.1015,64271.54,61117.98,3153.56,-1095.49
2024-12-01,P-PHX,SUP-MRO2,Toolcraft Supply,MRO,MRO,USA,Transactional,False,False,14591,110.15,1.0656,1.1327,1.1015,16526.97,15548.77,978.2,-454.61
2024-12-01,P-PHX,SUP-MRO3,Sunbelt Facility Parts,MRO,MRO,USA,Transactional,False,False,9272,110.15,1.0656,1.1883,1.1015,11017.98,9880.67,1137.31,-804.59
2024-12-01,P-TOL,SUP-MRO1,Fastline Industrial MRO,MRO,MRO,USA,Preferred,False,True,150410,110.15,1.0656,1.0961,1.1015,164867.13,160279.88,4587.25,809.98
2024-12-01,P-TOL,SUP-MRO2,Toolcraft Supply,MRO,MRO,USA,Transactional,False,False,36666,110.15,1.0656,1.1562,1.1015,42394.4,39072.95,3321.45,-2005.72
2024-12-01,P-TOL,SUP-MRO3,Sunbelt Facility Parts,MRO,MRO,USA,Transactional,False,False,23822,110.15,1.0656,1.1864,1.1015,28262.94,25385.3,2877.63,-2022.81
2022-01-01,D-MEM,SUP-FRT1,Continental Freightways,Freight (Diesel),Logistics,USA,Strategic,False,True,177769,100.0,0.9336,0.9428,0.965,167596.98,165966.06,1630.92,3951.06
2022-01-01,D-MEM,SUP-FRT2,RedRiver Logistics,Freight (Diesel),Logistics,USA,Preferred,False,True,89788,100.0,0.9336,1.0181,1.0,91416.53,83826.62,7589.91,-1627.95
2022-01-01,D-MEM,SUP-FRT3,QuickHaul Carriers,Freight (Diesel),Logistics,USA,Transactional,False,False,41800,100.0,0.9336,1.0935,1.06,45708.27,39024.5,6683.77,-1400.25
2022-01-01,D-REN,SUP-FRT1,Continental Freightways,Freight (Diesel),Logistics,USA,Strategic,False,True,129261,100.0,0.9336,0.9566,0.965,123646.09,120678.95,2967.14,1091.68
2022-01-01,D-REN,SUP-FRT2,RedRiver Logistics,Freight (Diesel),Logistics,USA,Preferred,False,True,66989,100.0,0.9336,1.0068,1.0,67443.32,62541.46,4901.87,-453.76
2022-01-01,D-REN,SUP-FRT3,QuickHaul Carriers,Freight (Diesel),Logistics,USA,Transactional,False,False,32476,100.0,0.9336,1.0383,1.06,33721.66,30320.35,3401.31,703.76
2022-01-01,P-AUS,SUP-FRT1,Continental Freightways,Freight (Diesel),Logistics,USA,Strategic,False,True,109101,100.0,0.9336,0.9444,0.965,103040.68,101857.1,1183.58,2242.21
2022-01-01,P-AUS,SUP-FRT2,RedRiver Logistics,Freight (Diesel),Logistics,USA,Preferred,False,True,54966,100.0,0.9336,1.0225,1.0,56204.01,51316.65,4887.36,-1237.59
2022-01-01,P-AUS,SUP-FRT3,QuickHaul Carriers,Freight (Diesel),Logistics,USA,Transactional,False,False,26387,100.0,0.9336,1.065,1.06,28102.0,24635.35,3466.66,-131.28
2022-01-01,P-FRS,SUP-FRT1,Continental Freightways,Freight (Diesel),Logistics,USA,Strategic,False,True,42816,100.0,0.9336,0.9706,0.965,41556.65,39973.43,1583.21,-238.78
2022-01-01,P-FRS,SUP-FRT2,RedRiver Logistics,Freight (Diesel),Logistics,USA,Preferred,False,True,22815,100.0,0.9336,0.9935,1.0,22667.26,21300.31,1366.95,147.98
2022-01-01,P-FRS,SUP-FRT3,QuickHaul Carriers,Freight (Diesel),Logistics,USA,Transactional,False,False,10475,100.0,0.9336,1.082,1.06,11333.63,9779.58,1554.05,-230.0
2022-01-01,P-GRN,SUP-FRT1,Continental Freightways,Freight (Diesel),Logistics,USA,Strategic,False,True,176806,100.0,0.9336,0.9487,0.965,167731.66,165066.97,2664.68,2887.05
2022-01-01,P-GRN,SUP-FRT2,RedRiver Logistics,Freight (Diesel),Logistics,USA,Preferred,False,True,91352,100.0,0.9336,1.0015,1.0,91490.0,85287.05,6202.94,-137.11
2022-01-01,P-GRN,SUP-FRT3,QuickHaul Carriers,Freight (Diesel),Logistics,USA,Transactional,False,False,43266,100.0,0.9336,1.0573,1.06,45745.0,40393.88,5351.12,117.8
2022-01-01,P-GRP,SUP-FRT1,Continental Freightways,Freight (Diesel),Logistics,USA,Strategic,False,True,82675,100.0,0.9336,0.9685,0.965,80070.09,77186.22,2883.87,-287.84
2022-01-01,P-GRP,SUP-FRT2,RedRiver Logistics,Freight (Diesel),Logistics,USA,Preferred,False,True,41680,100.0,0.9336,1.0478,1.0,43674.59,38912.72,4761.87,-1994.3
2022-01-01,P-GRP,SUP-FRT3,QuickHaul Carriers,Freight (Diesel),Logistics,USA,Transactional,False,False,20531,100.0,0.9336,1.0636,1.06,21837.3,19168.04,2669.26,-74.1
2022-01-01,P-PHX,SUP-FRT1,Continental Freightways,Freight (Diesel),Logistics,USA,Strategic,False,True,42941,100.0,0.9336,0.9382,0.965,40286.64,40089.92,196.72,1151.63
2022-01-01,P-PHX,SUP-FRT2,RedRiver Logistics,Freight (Diesel),Logistics,USA,Preferred,False,True,22239,100.0,0.9336,0.9881,1.0,21974.53,20762.34,1212.19,264.48
2022-01-01,P-PHX,SUP-FRT3,QuickHaul Carriers,Freight (Diesel),Logistics,USA,Transactional,False,False,10903,100.0,0.9336,1.0077,1.06,10987.26,10179.42,807.85,570.34
2022-01-01,P-TOL,SUP-FRT1,Continental Freightways,Freight (Diesel),Logistics,USA,Strategic,False,True,85310,100.0,0.9336,1.0015,0.965,85439.4,79646.12,5793.28,-3114.52
2022-01-01,P-TOL,SUP-FRT2,RedRiver Logistics,Freight (Diesel),Logistics,USA,Preferred,False,True,45510,100.0,0.9336,1.024,1.0,46603.31,42489.01,4114.29,-1092.37
2022-01-01,P-TOL,SUP-FRT3,QuickHaul Carriers,Freight (Diesel),Logistics,USA,Transactional,False,False,21841,100.0,0.9336,1.0668,1.06,23301.65,20391.33,2910.32,-149.54
2022-02-01,D-MEM,SUP-FRT1,Continental Freightways,Freight (Diesel),Logistics,USA,Strategic,False,True,170085,113.66,0.9336,1.0763,1.0968,183069.71,158792.21,24277.5,3483.76
2022-02-01,D-MEM,SUP-FRT2,RedRiver Logistics,Freight (Diesel),Logistics,USA,Preferred,False,True,87410,113.66,0.9336,1.1424,1.1366,99856.2,81606.12,18250.08,-505.82
2022-02-01,D-MEM,SUP-FRT3,QuickHaul Carriers,Freight (Diesel),Logistics,USA,Transactional,False,False,41505,113.66,0.9336,1.2029,1.2048,49928.1,38749.51,11178.59,77.53
2022-02-01,D-REN,SUP-FRT1,Continental Freightways,Freight (Diesel),Logistics,USA,Strategic,False,True,118732,113.66,0.9336,1.1114,1.0968,131962.2,110848.33,21113.87,-1734.53
2022-02-01,D-REN,SUP-FRT2,RedRiver Logistics,Freight (Diesel),Logistics,USA,Preferred,False,True,61124,113.66,0.9336,1.1776,1.1366,71979.38,57066.15,14913.24,-2504.9
2022-02-01,D-REN,SUP-FRT3,QuickHaul Carriers,Freight (Diesel),Logistics,USA,Transactional,False,False,29279,113.66,0.9336,1.2292,1.2048,35989.69,27335.71,8653.99,-713.4
2022-02-01,P-AUS,SUP-FRT1,Continental Freightways,Freight (Diesel),Logistics,USA,Strategic,False,True,87661,113.66,0.9336,1.1057,1.0968,96925.26,81840.34,15084.92,-776.98
2022-02-01,P-AUS,SUP-FRT2,RedRiver Logistics,Freight (Diesel),Logistics,USA,Preferred,False,True,47548,113.66,0.9336,1.1119,1.1366,52868.32,44391.05,8477.28,1175.02
2022-02-01,P-AUS,SUP-FRT3,QuickHaul Carriers,Freight (Diesel),Logistics,USA,Transactional,False,False,21681,113.66,0.9336,1.2192,1.2048,26434.16,20241.95,6192.21,-312.25
2022-02-01,P-FRS,SUP-FRT1,Continental Freightways,Freight (Diesel),Logistics,USA,Strategic,False,True,32818,113.66,0.9336,1.1162,1.0968,36632.41,30639.5,5992.91,-636.29
2022-02-01,P-FRS,SUP-FRT2,RedRiver Logistics,Freight (Diesel),Logistics,USA,Preferred,False,True,17717,113.66,0.9336,1.1278,1.1366,19981.31,16540.64,3440.68,155.89
2022-02-01,P-FRS,SUP-FRT3,QuickHaul Carriers,Freight (Diesel),Logistics,USA,Transactional,False,False,8155,113.66,0.9336,1.225,1.2048,9990.66,7614.01,2376.65,-164.9
2022-02-01,P-GRN,SUP-FRT1,Continental Freightways,Freight (Diesel),Logistics,USA,Strategic,False,True,170002,113.66,0.9336,1.1166,1.0968,189818.27,158714.33,31103.94,-3356.3
2022-02-01,P-GRN,SUP-FRT2,RedRiver Logistics,Freight (Diesel),Logistics,USA,Preferred,False,True,90594,113.66,0.9336,1.1429,1.1366,103537.24,84578.91,18958.33,-567.67
2022-02-01,P-GRN,SUP-FRT3,QuickHaul Carriers,Freight (Diesel),Logistics,USA,Transactional,False,False,42812,113.66,0.9336,1.2092,1.2048,51768.62,39970.04,11798.58,-187.92
2022-02-01,P-GRP,SUP-FRT1,Continental Freightways,Freight (Diesel),Logistics,USA,Strategic,False,True,71772,113.66,0.9336,1.119,1.0968,80314.77,67006.95,13307.83,-1593.17
2022-02-01,P-GRP,SUP-FRT2,RedRiver Logistics,Freight (Diesel),Logistics,USA,Preferred,False,True,37497,113.66,0.9336,1.1683,1.1366,43808.06,35007.74,8800.32,-1188.31
2022-02-01,P-GRP,SUP-FRT3,QuickHaul Carriers,Freight (Diesel),Logistics,USA,Transactional,False,False,17560,113.66,0.9336,1.2474,1.2048,21904.03,16394.29,5509.74,-747.45
2022-02-01,P-PHX,SUP-FRT1,Continental Freightways,Freight (Diesel),Logistics,USA,Strategic,False,True,43165,113.66,0.9336,1.0771,1.0968,46491.69,40298.94,6192.75,852.61
2022-02-01,P-PHX,SUP-FRT2,RedRiver Logistics,Freight (Diesel),Logistics,USA,Preferred,False,True,22171,113.66,0.9336,1.1437,1.1366,25359.1,20699.73,4659.37,-158.46
2022-02-01,P-PHX,SUP-FRT3,QuickHaul Carriers,Freight (Diesel),Logistics,USA,Transactional,False,False,10528,113.66,0.9336,1.2043,1.2048,12679.55,9829.44,2850.11,5.18
2022-02-01,P-TOL,SUP-FRT1,Continental Freightways,Freight (Diesel),Logistics,USA,Strategic,False,True,70876,113.66,0.9336,1.082,1.0968,76689.0,66170.11,10518.89,1049.47
2022-02-01,P-TOL,SUP-FRT2,RedRiver Logistics,Freight (Diesel),Logistics,USA,Preferred,False,True,37218,113.66,0.9336,1.1239,1.1366,41830.36,34747.22,7083.15,472.22
2022-02-01,P-TOL,SUP-FRT3,QuickHaul Carriers,Freight (Diesel),Logistics,USA,Transactional,False,False,17486,113.66,0.9336,1.1961,1.2048,20915.18,16325.44,4589.74,152.54
2022-03-01,D-MEM,SUP-FRT1,Continental Freightways,Freight (Diesel),Logistics,USA,Strategic,False,True,143502,137.65,0.9336,1.323,1.3283,189860.21,133973.92,55886.29,757.37
2022-03-01,D-MEM,SUP-FRT2,RedRiver Logistics,Freight (Diesel),Logistics,USA,Preferred,False,True,75480,137.65,0.9336,1.372,1.3765,103560.12,70468.4,33091.72,338.51
2022-03-01,D-MEM,SUP-FRT3,QuickHaul Carriers,Freight (Diesel),Logistics,USA,Transactional,False,False,35907,137.65,0.9336,1.442,1.4591,51780.06,33523.49,18256.57,612.61
2022-03-01,D-REN,SUP-FRT1,Continental Freightways,Freight (Diesel),Logistics,USA,Strategic,False,True,99506,137.65,0.9336,1.3269,1.3283,132034.61,92899.38,39135.23,142.27
2022-03-01,D-REN,SUP-FRT2,RedRiver Logistics,Freight (Diesel),Logistics,USA,Preferred,False,True,53345,137.65,0.9336,1.35,1.3765,72018.88,49803.57,22215.31,1411.52
2022-03-01,D-REN,SUP-FRT3,QuickHaul Carriers,Freight (Diesel),Logistics,USA,Transactional,False,False,25709,137.65,0.9336,1.4006,1.4591,36009.44,24002.81,12006.63,1503.69
2022-03-01,P-AUS,SUP-FRT1,Continental Freightways,Freight (Diesel),Logistics,USA,Strategic,False,True,74421,137.65,0.9336,1.3159,1.3283,97929.61,69479.97,28449.64,926.23
2022-03-01,P-AUS,SUP-FRT2,RedRiver Logistics,Freight (Diesel),Logistics,USA,Preferred,False,True,39678,137.65,0.9336,1.3462,1.3765,53416.15,37043.46,16372.68,1200.74
2022-03-01,P-AUS,SUP-FRT3,QuickHaul Carriers,Freight (Diesel),Logistics,USA,Transactional,False,False,18661,137.65,0.9336,1.4312,1.4591,26708.07,17422.16,9285.91,520.4
2022-03-01,P-FRS,SUP-FRT1,Continental Freightways,Freight (Diesel),Logistics,USA,Strategic,False,True,30633,137.65,0.9336,1.3465,1.3283,41249.01,28599.79,12649.22,-557.34
2022-03-01,P-FRS,SUP-FRT2,RedRiver Logistics,Freight (Diesel),Logistics,USA,Preferred,False,True,16169,137.65,0.9336,1.3915,1.3765,22499.46,15096.03,7403.43,-241.88
2022-03-01,P-FRS,SUP-FRT3,QuickHaul Carriers,Freight (Diesel),Logistics,USA,Transactional,False,False,7811,137.65,0.9336,1.4401,1.4591,11249.73,7292.84,3956.89,147.99
2022-03-01,P-GRN,SUP-FRT1,Continental Freightways,Freight (Diesel),Logistics,USA,Strategic,False,True,136359,137.65,0.9336,1.2716,1.3283,173395.96,127304.83,46091.13,7732.86
2022-03-01,P-GRN,SUP-FRT2,RedRiver Logistics,Freight (Diesel),Logistics,USA,Preferred,False,True,69618,137.65,0.9336,1.3585,1.3765,94579.61,64995.68,29583.94,1250.02
2022-03-01,P-GRN,SUP-FRT3,QuickHaul Carriers,Freight (Diesel),Logistics,USA,Transactional,False,False,33552,137.65,0.9336,1.4094,1.4591,47289.81,31324.61,15965.2,1666.3
2022-03-01,P-GRP,SUP-FRT1,Continental Freightways,Freight (Diesel),Logistics,USA,Strategic,False,True,58335,137.65,0.9336,1.3045,1.3283,76100.12,54462.41,21637.72,1388.78
2022-03-01,P-GRP,SUP-FRT2,RedRiver Logistics,Freight (Diesel),Logistics,USA,Preferred,False,True,28822,137.65,0.9336,1.4402,1.3765,41509.16,26908.74,14600.42,-1834.91
2022-03-01,P-GRP,SUP-FRT3,QuickHaul Carriers,Freight (Diesel),Logistics,USA,Transactional,False,False,13997,137.65,0.9336,1.4827,1.4591,20754.58,13068.2,7686.37,-330.75
2022-03-01,P-PHX,SUP-FRT1,Continental Freightways,Freight (Diesel),Logistics,USA,Strategic,False,True,30604,137.65,0.9336,1.3316,1.3283,40754.86,28572.67,12182.19,-101.77
2022-03-01,P-PHX,SUP-FRT2,RedRiver Logistics,Freight (Diesel),Logistics,USA,Preferred,False,True,15858,137.65,0.9336,1.4018,1.3765,22229.92,14805.53,7424.39,-400.64
2022-03-01,P-PHX,SUP-FRT3,QuickHaul Carriers,Freight (Diesel),Logistics,USA,Transactional,False,False,7552,137.65,0.9336,1.4716,1.4591,11114.96,7051.28,4063.69,-94.77
2022-03-01,P-TOL,SUP-FRT1,Continental Freightways,Freight (Diesel),Logistics,USA,Strategic,False,True,52783,137.65,0.9336,1.3571,1.3283,71631.52,49278.62,22352.89,-1518.08
2022-03-01,P-TOL,SUP-FRT2,RedRiver Logistics,Freight (Diesel),Logistics,USA,Preferred,False,True,28635,137.65,0.9336,1.3644,1.3765,39071.74,26734.35,12337.39,345.39
2022-03-01,P-TOL,SUP-FRT3,QuickHaul Carriers,Freight (Diesel),Logistics,USA,Transactional,False,False,13773,137.65,0.9336,1.4184,1.4591,19535.87,12858.57,6677.3,560.33
2022-04-01,D-MEM,SUP-FRT1,Continental Freightways,Freight (Diesel),Logistics,USA,Strategic,False,True,123306,144.55,0.9336,1.3773,1.3949,169831.26,115118.58,54712.68,2169.36
2022-04-01,D-MEM,SUP-FRT2,RedRiver Logistics,Freight (Diesel),Logistics,USA,Preferred,False,True,65311,144.55,0.9336,1.4184,1.4455,92635.23,60975.03,31660.21,1772.87
2022-04-01,D-MEM,SUP-FRT3,QuickHaul Carriers,Freight (Diesel),Logistics,USA,Transactional,False,False,30699,144.55,0.9336,1.5087,1.5322,46317.62,28661.47,17656.15,721.76
2022-04-01,D-REN,SUP-FRT1,Continental Freightways,Freight (Diesel),Logistics,USA,Strategic,False,True,100651,144.55,0.9336,1.4258,1.3949,143510.5,93967.93,49542.57,-3111.44
2022-04-01,D-REN,SUP-FRT2,RedRiver Logistics,Freight (Diesel),Logistics,USA,Preferred,False,True,53739,144.55,0.9336,1.4566,1.4455,78278.45,50170.84,28107.61,-598.56
2022-04-01,D-REN,SUP-FRT3,QuickHaul Carriers,Freight (Diesel),Logistics,USA,Transactional,False,False,25443,144.55,0.9336,1.5383,1.5322,39139.23,23754.44,15384.78,-153.29
2022-04-01,P-AUS,SUP-FRT1,Continental Freightways,Freight (Diesel),Logistics,USA,Strategic,False,True,63601,144.55,0.9336,1.409,1.3949,89614.78,59378.09,30236.69,-896.97
2022-04-01,P-AUS,SUP-FRT2,RedRiver Logistics,Freight (Diesel),Logistics,USA,Preferred,False,True,34362,144.55,0.9336,1.4225,1.4455,48880.79,32080.96,16799.83,790.41
2022-04-01,P-AUS,SUP-FRT3,QuickHaul Carriers,Freight (Diesel),Logistics,USA,Transactional,False,False,15410,144.55,0.9336,1.5859,1.5322,24440.4,14387.6,10052.8,-827.38
2022-04-01,P-FRS,SUP-FRT1,Continental Freightways,Freight (Diesel),Logistics,USA,Strategic,False,True,26493,144.55,0.9336,1.4151,1.3949,37490.56,24734.68,12755.88,-534.06
2022-04-01,P-FRS,SUP-FRT2,RedRiver Logistics,Freight (Diesel),Logistics,USA,Preferred,False,True,14361,144.55,0.9336,1.4239,1.4455,20449.39,13407.55,7041.85,309.62
2022-04-01,P-FRS,SUP-FRT3,QuickHaul Carriers,Freight (Diesel),Logistics,USA,Transactional,False,False,6548,144.55,0.9336,1.5613,1.5322,10224.7,6113.84,4110.86,-190.63
2022-04-01,P-GRN,SUP-FRT1,Continental Freightways,Freight (Diesel),Logistics,USA,Strategic,False,True,133862,144.55,0.9336,1.3836,1.3949,185217.91,124974.21,60243.7,1508.17
2022-04-01,P-GRN,SUP-FRT2,RedRiver Logistics,Freight (Diesel),Logistics,USA,Preferred,False,True,69391,144.55,0.9336,1.4559,1.4455,101027.95,64783.63,36244.31,-722.95
2022-04-01,P-GRN,SUP-FRT3,QuickHaul Carriers,Freight (Diesel),Logistics,USA,Transactional,False,False,32550,144.55,0.9336,1.5519,1.5322,50513.97,30388.81,20125.17,-639.68
2022-04-01,P-GRP,SUP-FRT1,Continental Freightways,Freight (Diesel),Logistics,USA,Strategic,False,True,56192,144.55,0.9336,1.3607,1.3949,76462.67,52460.96,24001.71,1920.13
2022-04-01,P-GRP,SUP-FRT2,RedRiver Logistics,Freight (Diesel),Logistics,USA,Preferred,False,True,28496,144.55,0.9336,1.4636,1.4455,41706.91,26603.97,15102.94,-515.78
2022-04-01,P-GRP,SUP-FRT3,QuickHaul Carriers,Freight (Diesel),Logistics,USA,Transactional,False,False,14007,144.55,0.9336,1.4888,1.5322,20853.45,13077.08,7776.37,608.73
2022-04-01,P-PHX,SUP-FRT1,Continental Freightways,Freight (Diesel),Logistics,USA,Strategic,False,True,28598,144.55,0.9336,1.3546,1.3949,38738.62,26699.29,12039.33,1153.24
2022-04-01,P-PHX,SUP-FRT2,RedRiver Logistics,Freight (Diesel),Logistics,USA,Preferred,False,True,14194,144.55,0.9336,1.4886,1.4455,21130.16,13252.24,7877.92,-611.62
2022-04-01,P-PHX,SUP-FRT3,QuickHaul Carriers,Freight (Diesel),Logistics,USA,Transactional,False,False,6788,144.55,0.9336,1.5564,1.5322,10565.08,6337.29,4227.79,-164.28
2022-04-01,P-TOL,SUP-FRT1,Continental Freightways,Freight (Diesel),Logistics,USA,Strategic,False,True,51649,144.55,0.9336,1.3784,1.3949,71192.92,48220.43,22972.49,854.04
2022-04-01,P-TOL,SUP-FRT2,RedRiver Logistics,Freight (Diesel),Logistics,USA,Preferred,False,True,26335,144.55,0.9336,1.4745,1.4455,38832.5,24587.04,14245.46,-764.2
2022-04-01,P-TOL,SUP-FRT3,QuickHaul Carriers,Freight (Diesel),Logistics,USA,Transactional,False,False,12451,144.55,0.9336,1.5594,1.5322,19416.25,11624.48,7791.77,-338.08
2022-05-01,D-MEM,SUP-FRT1,Continental Freightways,Freight (Diesel),Logistics,USA,Strategic,False,True,121686,160.88,0.9336,1.5715,1.5525,191226.08,113606.06,77620.03,-2309.53
2022-05-01,D-MEM,SUP-FRT2,RedRiver Logistics,Freight (Diesel),Logistics,USA,Preferred,False,True,68413,160.88,0.9336,1.5246,1.6088,104305.14,63871.07,40434.07,5758.89
2022-05-01,D-MEM,SUP-FRT3,QuickHaul Carriers,Freight (Diesel),Logistics,USA,Transactional,False,False,30239,160.88,0.9336,1.7247,1.7053,52152.57,28231.3,23921.27,-584.85
2022-05-01,D-REN,SUP-FRT1,Continental Freightways,Freight (Diesel),Logistics,USA,Strategic,False,True,92918,160.88,0.9336,1.5504,1.5525,144057.85,86749.03,57308.82,197.91
2022-05-01,D-REN,SUP-FRT2,RedRiver Logistics,Freight (Diesel),Logistics,USA,Preferred,False,True,48880,160.88,0.9336,1.6075,1.6088,78577.01,45634.7,32942.31,61.7
2022-05-01,D-REN,SUP-FRT3,QuickHaul Carriers,Freight (Diesel),Logistics,USA,Transactional,False,False,22412,160.88,0.9336,1.753,1.7053,39288.5,20924.06,18364.44,-1068.3
2022-05-01,P-AUS,SUP-FRT1,Continental Freightways,Freight (Diesel),Logistics,USA,Strategic,False,True,62783,160.88,0.9336,1.5425,1.5525,96841.17,58614.9,38226.27,630.09
2022-05-01,P-AUS,SUP-FRT2,RedRiver Logistics,Freight (Diesel),Logistics,USA,Preferred,False,True,34152,160.88,0.9336,1.5467,1.6088,52822.46,31884.99,20937.46,2122.47
2022-05-01,P-AUS,SUP-FRT3,QuickHaul Carriers,Freight (Diesel),Logistics,USA,Transactional,False,False,15564,160.88,0.9336,1.6969,1.7053,26411.23,14531.05,11880.17,131.42
2022-05-01,P-FRS,SUP-FRT1,Continental Freightways,Freight (Diesel),Logistics,USA,Strategic,False,True,23538,160.88,0.9336,1.5187,1.5525,35746.91,21975.17,13771.75,795.8
2022-05-01,P-FRS,SUP-FRT2,RedRiver Logistics,Freight (Diesel),Logistics,USA,Preferred,False,True,12103,160.88,0.9336,1.611,1.6088,19498.32,11299.43,8198.89,-26.89
2022-05-01,P-FRS,SUP-FRT3,QuickHaul Carriers,Freight (Diesel),Logistics,USA,Transactional,False,False,5571,160.88,0.9336,1.7498,1.7053,9749.16,5201.75,4547.41,-247.56
2022-05-01,P-GRN,SUP-FRT1,Continental Freightways,Freight (Diesel),Logistics,USA,Strategic,False,True,107383,160.88,0.9336,1.5607,1.5525,167597.82,100253.22,67344.6,-885.82
2022-05-01,P-GRN,SUP-FRT2,RedRiver Logistics,Freight (Diesel),Logistics,USA,Preferred,False,True,58107,160.88,0.9336,1.5733,1.6088,91416.99,54248.73,37168.26,2065.61
2022-05-01,P-GRN,SUP-FRT3,QuickHaul Carriers,Freight (Diesel),Logistics,USA,Transactional,False,False,26919,160.88,0.9336,1.698,1.7053,45708.5,25132.28,20576.22,198.5
2022-05-01,P-GRP,SUP-FRT1,Continental Freightways,Freight (Diesel),Logistics,USA,Strategic,False,True,44378,160.88,0.9336,1.5684,1.5525,69602.49,41432.2,28170.3,-704.51
2022-05-01,P-GRP,SUP-FRT2,RedRiver Logistics,Freight (Diesel),Logistics,USA,Preferred,False,True,24282,160.88,0.9336,1.5635,1.6088,37965.0,22670.35,15294.64,1101.05
2022-05-01,P-GRP,SUP-FRT3,QuickHaul Carriers,Freight (Diesel),Logistics,USA,Transactional,False,False,11293,160.88,0.9336,1.6809,1.7053,18982.5,10543.19,8439.31,275.85
2022-05-01,P-PHX,SUP-FRT1,Continental Freightways,Freight (Diesel),Logistics,USA,Strategic,False,True,24514,160.88,0.9336,1.5707,1.5525,38504.86,22886.42,15618.45,-446.83
2022-05-01,P-PHX,SUP-FRT2,RedRiver Logistics,Freight (Diesel),Logistics,USA,Preferred,False,True,12970,160.88,0.9336,1.6192,1.6088,21002.65,12109.63,8893.02,-135.07
2022-05-01,P-PHX,SUP-FRT3,QuickHaul Carriers,Freight (Diesel),Logistics,USA,Transactional,False,False,6072,160.88,0.9336,1.7293,1.7053,10501.33,5669.47,4831.86,-145.39
2022-05-01,P-TOL,SUP-FRT1,Continental Freightways,Freight (Diesel),Logistics,USA,Strategic,False,True,49077,160.88,0.9336,1.5457,1.5525,75859.24,45818.94,30040.3,333.5
2022-05-01,P-TOL,SUP-FRT2,RedRiver Logistics,Freight (Diesel),Logistics,USA,Preferred,False,True,26657,160.88,0.9336,1.5522,1.6088,41377.77,24887.43,16490.33,1508.8
2022-05-01,P-TOL,SUP-FRT3,QuickHaul Carriers,Freight (Diesel),Logistics,USA,Transactional,False,False,12425,160.88,0.9336,1.6651,1.7053,20688.88,11600.23,9088.65,500.27
2022-06-01,D-MEM,SUP-FRT1,Continental Freightways,Freight (Diesel),Logistics,USA,Strategic,False,True,113833,182.16,0.9336,1.7389,1.7578,197946.33,106274.5,91671.83,2154.34
2022-06-01,D-MEM,SUP-FRT2,RedRiver Logistics,Freight (Diesel),Logistics,USA,Preferred,False,True,58617,182.16,0.9336,1.842,1.8216,107970.73,54725.05,53245.68,-1193.58
2022-06-01,D-MEM,SUP-FRT3,QuickHaul Carriers,Freight (Diesel),Logistics,USA,Transactional,False,False,27654,182.16,0.9336,1.9521,1.9309,53985.36,25818.2,28167.16,-587.49
2022-06-01,D-REN,SUP-FRT1,Continental Freightways,Freight (Diesel),Logistics,USA,Strategic,False,True,75501,182.16,0.9336,1.7369,1.7578,131137.26,70488.11,60649.15,1582.42
2022-06-01,D-REN,SUP-FRT2,RedRiver Logistics,Freight (Diesel),Logistics,USA,Preferred,False,True,38553,182.16,0.9336,1.8553,1.8216,71529.41,35993.27,35536.15,-1300.9
2022-06-01,D-REN,SUP-FRT3,QuickHaul Carriers,Freight (Diesel),Logistics,USA,Transactional,False,False,19688,182.16,0.9336,1.8165,1.9309,35764.71,18381.48,17383.22,2252.36
2022-06-01,P-AUS,SUP-FRT1,Continental Freightways,Freight (Diesel),Logistics,USA,Strategic,False,True,55551,182.16,0.9336,1.7415,1.7578,96743.24,51862.77,44880.47,907.42
2022-06-01,P-AUS,SUP-FRT2,RedRiver Logistics,Freight (Diesel),Logistics,USA,Preferred,False,True,29084,182.16,0.9336,1.8143,1.8216,52769.04,27153.52,25615.52,211.73
2022-06-01,P-AUS,SUP-FRT3,QuickHaul Carriers,Freight (Diesel),Logistics,USA,Transactional,False,False,14083,182.16,0.9336,1.8734,1.9309,26384.52,13148.77,13235.75,810.11
2022-06-01,P-FRS,SUP-FRT1,Continental Freightways,Freight (Diesel),Logistics,USA,Strategic,False,True,23005,182.16,0.9336,1.7201,1.7578,39571.69,21478.2,18093.49,868.89
2022-06-01,P-FRS,SUP-FRT2,RedRiver Logistics,Freight (Diesel),Logistics,USA,Preferred,False,True,12025,182.16,0.9336,1.7949,1.8216,21584.56,11226.95,10357.61,320.99
2022-06-01,P-FRS,SUP-FRT3,QuickHaul Carriers,Freight (Diesel),Logistics,USA,Transactional,False,False,5594,182.16,0.9336,1.9292,1.9309,10792.28,5222.75,5569.53,9.54
2022-06-01,P-GRN,SUP-FRT1,Continental Freightways,Freight (Diesel),Logistics,USA,Strategic,False,True,98758,182.16,0.9336,1.7964,1.7578,177408.02,92200.7,85207.32,-3806.42
2022-06-01,P-GRN,SUP-FRT2,RedRiver Logistics,Freight (Diesel),Logistics,USA,Preferred,False,True,52069,182.16,0.9336,1.8585,1.8216,96768.01,48611.7,48156.31,-1918.97
2022-06-01,P-GRN,SUP-FRT3,QuickHaul Carriers,Freight (Diesel),Logistics,USA,Transactional,False,False,25473,182.16,0.9336,1.8994,1.9309,48384.0,23782.09,24601.91,802.75
2022-06-01,P-GRP,SUP-FRT1,Continental Freightways,Freight (Diesel),Logistics,USA,Strategic,False,True,46527,182.16,0.9336,1.7239,1.7578,80208.28,43438.03,36770.25,1579.73
2022-06-01,P-GRP,SUP-FRT2,RedRiver Logistics,Freight (Diesel),Logistics,USA,Preferred,False,True,24845,182.16,0.9336,1.7609,1.8216,43749.97,23195.95,20554.02,1508.96
2022-06-01,P-GRP,SUP-FRT3,QuickHaul Carriers,Freight (Diesel),Logistics,USA,Transactional,False,False,11540,182.16,0.9336,1.8955,1.9309,21874.98,10774.39,11100.6,408.89
2022-06-01,P-PHX,SUP-FRT1,Continental Freightways,Freight (Diesel),Logistics,USA,Strategic,False,True,23588,182.16,0.9336,1.794,1.7578,42317.24,22021.77,20295.47,-853.19
2022-06-01,P-PHX,SUP-FRT2,RedRiver Logistics,Freight (Diesel),Logistics,USA,Preferred,False,True,12249,182.16,0.9336,1.8843,1.8216,23082.13,11436.48,11645.66,-767.77
2022-06-01,P-PHX,SUP-FRT3,QuickHaul Carriers,Freight (Diesel),Logistics,USA,Transactional,False,False,5958,182.16,0.9336,1.9368,1.9309,11541.07,5563.25,5977.81,-35.0
2022-06-01,P-TOL,SUP-FRT1,Continental Freightways,Freight (Diesel),Logistics,USA,Strategic,False,True,45601,182.16,0.9336,1.7834,1.7578,81324.26,42573.81,38750.45,-1163.46
2022-06-01,P-TOL,SUP-FRT2,RedRiver Logistics,Freight (Diesel),Logistics,USA,Preferred,False,True,24141,182.16,0.9336,1.8374,1.8216,44358.69,22538.68,21820.01,-382.18
2022-06-01,P-TOL,SUP-FRT3,QuickHaul Carriers,Freight (Diesel),Logistics,USA,Transactional,False,False,11202,182.16,0.9336,1.9799,1.9309,22179.34,10458.26,11721.08,-549.3
2022-07-01,D-MEM,SUP-FRT1,Continental Freightways,Freight (Diesel),Logistics,USA,Strategic,False,True,124552,155.59,0.9336,1.4834,1.5014,184766.13,116282.46,68483.67,2242.81
2022-07-01,D-MEM,SUP-FRT2,RedRiver Logistics,Freight (Diesel),Logistics,USA,Preferred,False,True,63653,155.59,0.9336,1.5833,1.5559,100781.52,59426.71,41354.81,-1743.37
2022-07-01,D-MEM,SUP-FRT3,QuickHaul Carriers,Freight (Diesel),Logistics,USA,Transactional,False,False,30351,155.59,0.9336,1.6603,1.6493,50390.76,28335.92,22054.84,-333.85
2022-07-01,D-REN,SUP-FRT1,Continental Freightways,Freight (Diesel),Logistics,USA,Strategic,False,True,80676,155.59,0.9336,1.5051,1.5014,121423.12,75319.35,46103.77,-292.28
2022-07-01,D-REN,SUP-FRT2,RedRiver Logistics,Freight (Diesel),Logistics,USA,Preferred,False,True,42602,155.59,0.9336,1.5546,1.5559,66230.79,39773.39,26457.4,53.93
2022-07-01,D-REN,SUP-FRT3,QuickHaul Carriers,Freight (Diesel),Logistics,USA,Transactional,False,False,20314,155.59,0.9336,1.6301,1.6493,33115.4,18966.02,14149.38,389.09
2022-07-01,P-AUS,SUP-FRT1,Continental Freightways,Freight (Diesel),Logistics,USA,Strategic,False,True,62970,155.59,0.9336,1.4507,1.5014,91352.92,58788.81,32564.11,3193.0
2022-07-01,P-AUS,SUP-FRT2,RedRiver Logistics,Freight (Diesel),Logistics,USA,Preferred,False,True,31159,155.59,0.9336,1.5992,1.5559,49828.87,29090.51,20738.36,-1347.8
2022-07-01,P-AUS,SUP-FRT3,QuickHaul Carriers,Freight (Diesel),Logistics,USA,Transactional,False,False,14713,155.59,0.9336,1.6933,1.6493,24914.43,13736.4,11178.03,-648.34
2022-07-01,P-FRS,SUP-FRT1,Continental Freightways,Freight (Diesel),Logistics,USA,Strategic,False,True,23096,155.59,0.9336,1.5104,1.5014,34884.22,21562.52,13321.7,-206.73
2022-07-01,P-FRS,SUP-FRT2,RedRiver Logistics,Freight (Diesel),Logistics,USA,Preferred,False,True,12389,155.59,0.9336,1.5357,1.5559,19027.76,11567.27,7460.49,249.79
2022-07-01,P-FRS,SUP-FRT3,QuickHaul Carriers,Freight (Diesel),Logistics,USA,Transactional,False,False,5801,155.59,0.9336,1.6398,1.6493,9513.88,5416.63,4097.24,54.89
2022-07-01,P-GRN,SUP-FRT1,Continental Freightways,Freight (Diesel),Logistics,USA,Strategic,False,True,125580,155.59,0.9336,1.4707,1.5014,184687.93,117241.73,67446.19,3863.74
2022-07-01,P-GRN,SUP-FRT2,RedRiver Logistics,Freight (Diesel),Logistics,USA,Preferred,False,True,65777,155.59,0.9336,1.5315,1.5559,100738.87,61410.34,39328.53,1605.12
2022-07-01,P-GRN,SUP-FRT3,QuickHaul Carriers,Freight (Diesel),Logistics,USA,Transactional,False,False,30782,155.59,0.9336,1.6363,1.6493,50369.43,28738.26,21631.17,398.23
2022-07-01,P-GRP,SUP-FRT1,Continental Freightways,Freight (Diesel),Logistics,USA,Strategic,False,True,55641,155.59,0.9336,1.5219,1.5014,84680.04,51946.62,32733.41,-1137.92
2022-07-01,P-GRP,SUP-FRT2,RedRiver Logistics,Freight (Diesel),Logistics,USA,Preferred,False,True,29532,155.59,0.9336,1.564,1.5559,46189.11,27571.69,18617.42,-239.24
2022-07-01,P-GRP,SUP-FRT3,QuickHaul Carriers,Freight (Diesel),Logistics,USA,Transactional,False,False,14268,155.59,0.9336,1.6186,1.6493,23094.56,13321.07,9773.49,437.81
2022-07-01,P-PHX,SUP-FRT1,Continental Freightways,Freight (Diesel),Logistics,USA,Strategic,False,True,31922,155.59,0.9336,1.4585,1.5014,46559.9,29803.01,16756.89,1370.19
2022-07-01,P-PHX,SUP-FRT2,RedRiver Logistics,Freight (Diesel),Logistics,USA,Preferred,False,True,16227,155.59,0.9336,1.565,1.5559,25396.31,15149.76,10246.55,-148.33
2022-07-01,P-PHX,SUP-FRT3,QuickHaul Carriers,Freight (Diesel),Logistics,USA,Transactional,False,False,7765,155.59,0.9336,1.6352,1.6493,12698.16,7250.01,5448.14,109.38
2022-07-01,P-TOL,SUP-FRT1,Continental Freightways,Freight (Diesel),Logistics,USA,Strategic,False,True,44504,155.59,0.9336,1.501,1.5014,66801.04,41549.5,25251.54,20.11
2022-07-01,P-TOL,SUP-FRT2,RedRiver Logistics,Freight (Diesel),Logistics,USA,Preferred,False,True,23176,155.59,0.9336,1.5722,1.5559,36436.93,21637.17,14799.76,-377.3
2022-07-01,P-TOL,SUP-FRT3,QuickHaul Carriers,Freight (Diesel),Logistics,USA,Transactional,False,False,11580,155.59,0.9336,1.5732,1.6493,18218.46,10811.24,7407.22,880.17
2022-08-01,D-MEM,SUP-FRT1,Continental Freightways,Freight (Diesel),Logistics,USA,Strategic,False,True,141107,136.11,0.9336,1.3293,1.3135,187571.15,131737.56,55833.6,-2232.45
2022-08-01,D-MEM,SUP-FRT2,RedRiver Logistics,Freight (Diesel),Logistics,USA,Preferred,False,True,73247,136.11,0.9336,1.3968,1.3611,102311.54,68384.25,33927.29,-2613.81
2022-08-01,D-MEM,SUP-FRT3,QuickHaul Carriers,Freight (Diesel),Logistics,USA,Transactional,False,False,36144,136.11,0.9336,1.4153,1.4428,51155.77,33744.53,17411.24,992.32
2022-08-01,D-REN,SUP-FRT1,Continental Freightways,Freight (Diesel),Logistics,USA,Strategic,False,True,101240,136.11,0.9336,1.331,1.3135,134751.91,94517.97,40233.94,-1776.64
2022-08-01,D-REN,SUP-FRT2,RedRiver Logistics,Freight (Diesel),Logistics,USA,Preferred,False,True,54940,136.11,0.9336,1.3378,1.3611,73501.04,51292.79,22208.25,1278.97
2022-08-01,D-REN,SUP-FRT3,QuickHaul Carriers,Freight (Diesel),Logistics,USA,Transactional,False,False,25159,136.11,0.9336,1.4607,1.4428,36750.52,23488.5,13262.02,-451.88
2022-08-01,P-AUS,SUP-FRT1,Continental Freightways,Freight (Diesel),Logistics,USA,Strategic,False,True,78817,136.11,0.9336,1.3229,1.3135,104271.43,73583.99,30687.44,-747.72
2022-08-01,P-AUS,SUP-FRT2,RedRiver Logistics,Freight (Diesel),Logistics,USA,Preferred,False,True,40922,136.11,0.9336,1.3898,1.3611,56875.33,38204.98,18670.35,-1176.11
2022-08-01,P-AUS,SUP-FRT3,QuickHaul Carriers,Freight (Diesel),Logistics,USA,Transactional,False,False,19782,136.11,0.9336,1.4375,1.4428,28437.66,18468.89,9968.77,103.78
2022-08-01,P-FRS,SUP-FRT1,Continental Freightways,Freight (Diesel),Logistics,USA,Strategic,False,True,33503,136.11,0.9336,1.3479,1.3135,45157.33,31278.57,13878.77,-1152.2
2022-08-01,P-FRS,SUP-FRT2,RedRiver Logistics,Freight (Diesel),Logistics,USA,Preferred,False,True,18703,136.11,0.9336,1.3169,1.3611,24631.27,17461.46,7169.81,825.88
2022-08-01,P-FRS,SUP-FRT3,QuickHaul Carriers,Freight (Diesel),Logistics,USA,Transactional,False,False,8767,136.11,0.9336,1.4047,1.4428,12315.64,8185.43,4130.21,333.95
2022-08-01,P-GRN,SUP-FRT1,Continental Freightways,Freight (Diesel),Logistics,USA,Strategic,False,True,148054,136.11,0.9336,1.2644,1.3135,187195.38,138223.9,48971.48,7268.81
2022-08-01,P-GRN,SUP-FRT2,RedRiver Logistics,Freight (Diesel),Logistics,USA,Preferred,False,True,76206,136.11,0.9336,1.3399,1.3611,102106.57,71146.64,30959.93,1618.46
2022-08-01,P-GRN,SUP-FRT3,QuickHaul Carriers,Freight (Diesel),Logistics,USA,Transactional,False,False,35751,136.11,0.9336,1.428,1.4428,51053.29,33378.04,17675.24,528.45
2022-08-01,P-GRP,SUP-FRT1,Continental Freightways,Freight (Diesel),Logistics,USA,Strategic,False,True,63365,136.11,0.9336,1.3056,1.3135,82731.01,59157.73,23573.28,496.71
2022-08-01,P-GRP,SUP-FRT2,RedRiver Logistics,Freight (Diesel),Logistics,USA,Preferred,False,True,32634,136.11,0.9336,1.3827,1.3611,45126.0,30468.02,14657.99,-706.54
2022-08-01,P-GRP,SUP-FRT3,QuickHaul Carriers,Freight (Diesel),Logistics,USA,Transactional,False,False,16146,136.11,0.9336,1.3974,1.4428,22563.0,15074.82,7488.18,733.32
2022-08-01,P-PHX,SUP-FRT1,Continental Freightways,Freight (Diesel),Logistics,USA,Strategic,False,True,32965,136.11,0.9336,1.3551,1.3135,44670.52,30776.59,13893.92,-1371.6
2022-08-01,P-PHX,SUP-FRT2,RedRiver Logistics,Freight (Diesel),Logistics,USA,Preferred,False,True,18129,136.11,0.9336,1.344,1.3611,24365.74,16925.46,7440.28,309.98
2022-08-01,P-PHX,SUP-FRT3,QuickHaul Carriers,Freight (Diesel),Logistics,USA,Transactional,False,False,8654,136.11,0.9336,1.4077,1.4428,12182.87,8079.73,4103.14,303.37
2022-08-01,P-TOL,SUP-FRT1,Continental Freightways,Freight (Diesel),Logistics,USA,Strategic,False,True,60387,136.11,0.9336,1.3039,1.3135,78737.47,56377.43,22360.04,578.71
2022-08-01,P-TOL,SUP-FRT2,RedRiver Logistics,Freight (Diesel),Logistics,USA,Preferred,False,True,32442,136.11,0.9336,1.3238,1.3611,42947.71,30288.76,12658.95,1210.42
2022-08-01,P-TOL,SUP-FRT3,QuickHaul Carriers,Freight (Diesel),Logistics,USA,Transactional,False,False,14847,136.11,0.9336,1.4463,1.4428,21473.86,13861.65,7612.2,-52.34
2022-09-01,D-MEM,SUP-FRT1,Continental Freightways,Freight (Diesel),Logistics,USA,Strategic,False,True,127595,150.13,0.9336,1.3942,1.4488,177898.65,119122.91,58775.74,6955.52
2022-09-01,D-MEM,SUP-FRT2,RedRiver Logistics,Freight (Diesel),Logistics,USA,Preferred,False,True,64760,150.13,0.9336,1.4984,1.5013,97035.63,60460.35,36575.27,189.23
2022-09-01,D-MEM,SUP-FRT3,QuickHaul Carriers,Freight (Diesel),Logistics,USA,Transactional,False,False,30431,150.13,0.9336,1.5943,1.5914,48517.81,28410.54,20107.27,-90.32
2022-09-01,D-REN,SUP-FRT1,Continental Freightways,Freight (Diesel),Logistics,USA,Strategic,False,True,106173,150.13,0.9336,1.4141,1.4488,150141.97,99123.4,51018.57,3677.09
2022-09-01,D-REN,SUP-FRT2,RedRiver Logistics,Freight (Diesel),Logistics,USA,Preferred,False,True,55347,150.13,0.9336,1.4797,1.5013,81895.62,51672.44,30223.18,1197.6
2022-09-01,D-REN,SUP-FRT3,QuickHaul Carriers,Freight (Diesel),Logistics,USA,Transactional,False,False,25750,150.13,0.9336,1.5902,1.5914,40947.81,24040.59,16907.22,30.83
2022-09-01,P-AUS,SUP-FRT1,Continental Freightways,Freight (Diesel),Logistics,USA,Strategic,False,True,76988,150.13,0.9336,1.4659,1.4488,112857.28,71876.69,40980.59,-1319.49
2022-09-01,P-AUS,SUP-FRT2,RedRiver Logistics,Freight (Diesel),Logistics,USA,Preferred,False,True,40386,150.13,0.9336,1.5242,1.5013,61558.52,37705.23,23853.29,-925.64
2022-09-01,P-AUS,SUP-FRT3,QuickHaul Carriers,Freight (Diesel),Logistics,USA,Transactional,False,False,19685,150.13,0.9336,1.5635,1.5914,30779.26,18378.8,12400.46,548.52
2022-09-01,P-FRS,SUP-FRT1,Continental Freightways,Freight (Diesel),Logistics,USA,Strategic,False,True,29234,150.13,0.9336,1.452,1.4488,42448.06,27293.58,15154.49,-94.07
2022-09-01,P-FRS,SUP-FRT2,RedRiver Logistics,Freight (Diesel),Logistics,USA,Preferred,False,True,15799,150.13,0.9336,1.4655,1.5013,23153.49,14750.19,8403.3,565.94
2022-09-01,P-FRS,SUP-FRT3,QuickHaul Carriers,Freight (Diesel),Logistics,USA,Transactional,False,False,7344,150.13,0.9336,1.5762,1.5914,11576.74,6856.98,4719.77,111.39
2022-09-01,P-GRN,SUP-FRT1,Continental Freightways,Freight (Diesel),Logistics,USA,Strategic,False,True,138030,150.13,0.9336,1.4397,1.4488,198719.8,128865.62,69854.18,1253.04
2022-09-01,P-GRN,SUP-FRT2,RedRiver Logistics,Freight (Diesel),Logistics,USA,Preferred,False,True,69712,150.13,0.9336,1.5549,1.5013,108392.62,65083.15,43309.46,-3733.94
2022-09-01,P-GRN,SUP-FRT3,QuickHaul Carriers,Freight (Diesel),Logistics,USA,Transactional,False,False,33483,150.13,0.9336,1.6186,1.5914,54196.31,31259.76,22936.55,-912.15
2022-09-01,P-GRP,SUP-FRT1,Continental Freightways,Freight (Diesel),Logistics,USA,Strategic,False,True,59307,150.13,0.9336,1.478,1.4488,87659.38,55369.72,32289.66,-1737.0
2022-09-01,P-GRP,SUP-FRT2,RedRiver Logistics,Freight (Diesel),Logistics,USA,Preferred,False,True,32250,150.13,0.9336,1.4826,1.5013,47814.21,30109.18,17705.03,603.64
2022-09-01,P-GRP,SUP-FRT3,QuickHaul Carriers,Freight (Diesel),Logistics,USA,Transactional,False,False,15223,150.13,0.9336,1.5704,1.5914,23907.1,14212.64,9694.46,319.21
2022-09-01,P-PHX,SUP-FRT1,Continental Freightways,Freight (Diesel),Logistics,USA,Strategic,False,True,31335,150.13,0.9336,1.4935,1.4488,46800.04,29254.39,17545.66,-1403.27
2022-09-01,P-PHX,SUP-FRT2,RedRiver Logistics,Freight (Diesel),Logistics,USA,Preferred,False,True,17111,150.13,0.9336,1.4918,1.5013,25527.3,15975.39,9551.91,162.34
2022-09-01,P-PHX,SUP-FRT3,QuickHaul Carriers,Freight (Diesel),Logistics,USA,Transactional,False,False,8093,150.13,0.9336,1.577,1.5914,12763.65,7556.03,5207.62,116.06
2022-09-01,P-TOL,SUP-FRT1,Continental Freightways,Freight (Diesel),Logistics,USA,Strategic,False,True,54827,150.13,0.9336,1.462,1.4488,80155.55,51186.61,28968.94,-724.49
2022-09-01,P-TOL,SUP-FRT2,RedRiver Logistics,Freight (Diesel),Logistics,USA,Preferred,False,True,28869,150.13,0.9336,1.5145,1.5013,43721.21,26952.28,16768.94,-379.9
2022-09-01,P-TOL,SUP-FRT3,QuickHaul Carriers,Freight (Diesel),Logistics,USA,Transactional,False,False,14008,150.13,0.9336,1.5606,1.5914,21860.61,13077.92,8782.69,431.5
2022-10-01,D-MEM,SUP-FRT1,Continental Freightways,Freight (Diesel),Logistics,USA,Strategic,False,True,102268,165.73,0.9336,1.6631,1.5993,170086.71,95478.25,74608.46,-6528.61
2022-10-01,D-MEM,SUP-FRT2,RedRiver Logistics,Freight (Diesel),Logistics,USA,Preferred,False,True,57396,165.73,0.9336,1.6164,1.6573,92774.57,53585.72,39188.85,2349.26
2022-10-01,D-MEM,SUP-FRT3,QuickHaul Carriers,Freight (Diesel),Logistics,USA,Transactional,False,False,25969,165.73,0.9336,1.7862,1.7567,46387.28,24245.53,22141.75,-764.91
2022-10-01,D-REN,SUP-FRT1,Continental Freightways,Freight (Diesel),Logistics,USA,Strategic,False,True,85694,165.73,0.9336,1.6312,1.5993,139788.48,80004.51,59783.97,-2737.52
2022-10-01,D-REN,SUP-FRT2,RedRiver Logistics,Freight (Diesel),Logistics,USA,Preferred,False,True,44851,165.73,0.9336,1.7,1.6573,76248.26,41873.3,34374.96,-1915.98
2022-10-01,D-REN,SUP-FRT3,QuickHaul Carriers,Freight (Diesel),Logistics,USA,Transactional,False,False,21465,165.73,0.9336,1.776,1.7567,38124.13,20040.41,18083.72,-414.46
2022-10-01,P-AUS,SUP-FRT1,Continental Freightways,Freight (Diesel),Logistics,USA,Strategic,False,True,73850,165.73,0.9336,1.6006,1.5993,118202.95,68946.59,49256.36,-94.66
2022-10-01,P-AUS,SUP-FRT2,RedRiver Logistics,Freight (Diesel),Logistics,USA,Preferred,False,True,38873,165.73,0.9336,1.6586,1.6573,64474.34,36291.83,28182.5,-50.11
2022-10-01,P-AUS,SUP-FRT3,QuickHaul Carriers,Freight (Diesel),Logistics,USA,Transactional,False,False,18159,165.73,0.9336,1.7752,1.7567,32237.17,16953.56,15283.6,-335.96
2022-10-01,P-FRS,SUP-FRT1,Continental Freightways,Freight (Diesel),Logistics,USA,Strategic,False,True,31042,165.73,0.9336,1.5193,1.5993,47162.89,28981.02,18181.87,2482.77
2022-10-01,P-FRS,SUP-FRT2,RedRiver Logistics,Freight (Diesel),Logistics,USA,Preferred,False,True,15602,165.73,0.9336,1.6488,1.6573,25725.21,14566.32,11158.89,132.51
2022-10-01,P-FRS,SUP-FRT3,QuickHaul Carriers,Freight (Diesel),Logistics,USA,Transactional,False,False,7480,165.73,0.9336,1.7194,1.7567,12862.61,6984.19,5878.41,279.42
2022-10-01,P-GRN,SUP-FRT1,Continental Freightways,Freight (Diesel),Logistics,USA,Strategic,False,True,123228,165.73,0.9336,1.5953,1.5993,196587.62,115046.2,81541.42,491.17
2022-10-01,P-GRN,SUP-FRT2,RedRiver Logistics,Freight (Diesel),Logistics,USA,Preferred,False,True,67017,165.73,0.9336,1.6,1.6573,107229.61,62567.99,44661.62,3839.29
2022-10-01,P-GRN,SUP-FRT3,QuickHaul Carriers,Freight (Diesel),Logistics,USA,Transactional,False,False,29530,165.73,0.9336,1.8155,1.7567,53614.8,27570.11,26044.69,-1736.63
2022-10-01,P-GRP,SUP-FRT1,Continental Freightways,Freight (Diesel),Logistics,USA,Strategic,False,True,52929,165.73,0.9336,1.6334,1.5993,86452.99,49414.65,37038.34,-1803.7
2022-10-01,P-GRP,SUP-FRT2,RedRiver Logistics,Freight (Diesel),Logistics,USA,Preferred,False,True,28373,165.73,0.9336,1.662,1.6573,47156.18,26489.84,20666.33,-132.17
2022-10-01,P-GRP,SUP-FRT3,QuickHaul Carriers,Freight (Diesel),Logistics,USA,Transactional,False,False,13528,165.73,0.9336,1.7428,1.7567,23578.09,12630.4,10947.69,188.3
2022-10-01,P-PHX,SUP-FRT1,Continental Freightways,Freight (Diesel),Logistics,USA,Strategic,False,True,26656,165.73,0.9336,1.6112,1.5993,42947.78,24886.37,18061.41,-316.43
2022-10-01,P-PHX,SUP-FRT2,RedRiver Logistics,Freight (Diesel),Logistics,USA,Preferred,False,True,14316,165.73,0.9336,1.6363,1.6573,23426.06,13365.62,10060.44,300.21
2022-10-01,P-PHX,SUP-FRT3,QuickHaul Carriers,Freight (Diesel),Logistics,USA,Transactional,False,False,6536,165.73,0.9336,1.7918,1.7567,11713.03,6102.87,5610.16,-229.37
2022-10-01,P-TOL,SUP-FRT1,Continental Freightways,Freight (Diesel),Logistics,USA,Strategic,False,True,54193,165.73,0.9336,1.652,1.5993,89526.99,50595.0,38931.99,-2855.71
2022-10-01,P-TOL,SUP-FRT2,RedRiver Logistics,Freight (Diesel),Logistics,USA,Preferred,False,True,28773,165.73,0.9336,1.6971,1.6573,48832.9,26863.02,21969.89,-1146.44
2022-10-01,P-TOL,SUP-FRT3,QuickHaul Carriers,Freight (Diesel),Logistics,USA,Transactional,False,False,14167,165.73,0.9336,1.7235,1.7567,24416.45,13226.41,11190.05,471.44
2022-11-01,D-MEM,SUP-FRT1,Continental Freightways,Freight (Diesel),Logistics,USA,Strategic,False,True,123659,160.16,0.9336,1.5867,1.5455,196213.92,115448.36,80765.56,-5092.97
2022-11-01,D-MEM,SUP-FRT2,RedRiver Logistics,Freight (Diesel),Logistics,USA,Preferred,False,True,66662,160.16,0.9336,1.6055,1.6016,107025.77,62236.31,44789.46,-258.77
2022-11-01,D-MEM,SUP-FRT3,QuickHaul Carriers,Freight (Diesel),Logistics,USA,Transactional,False,False,31368,160.16,0.9336,1.7059,1.6977,53512.89,29285.81,24227.07,-258.38
2022-11-01,D-REN,SUP-FRT1,Continental Freightways,Freight (Diesel),Logistics,USA,Strategic,False,True,101305,160.16,0.9336,1.5173,1.5455,153708.35,94578.44,59129.91,2863.14
2022-11-01,D-REN,SUP-FRT2,RedRiver Logistics,Freight (Diesel),Logistics,USA,Preferred,False,True,53843,160.16,0.9336,1.5571,1.6016,83840.92,50268.13,33572.79,2394.55
2022-11-01,D-REN,SUP-FRT3,QuickHaul Carriers,Freight (Diesel),Logistics,USA,Transactional,False,False,24254,160.16,0.9336,1.7284,1.6977,41920.46,22643.78,19276.68,-744.1
2022-11-01,P-AUS,SUP-FRT1,Continental Freightways,Freight (Diesel),Logistics,USA,Strategic,False,True,77572,160.16,0.9336,1.5016,1.5455,116479.58,72421.37,44058.21,3411.62
2022-11-01,P-AUS,SUP-FRT2,RedRiver Logistics,Freight (Diesel),Logistics,USA,Preferred,False,True,40357,160.16,0.9336,1.5743,1.6016,63534.31,37677.44,25856.88,1101.7
2022-11-01,P-AUS,SUP-FRT3,QuickHaul Carriers,Freight (Diesel),Logistics,USA,Transactional,False,False,18904,160.16,0.9336,1.6804,1.6977,31767.16,17649.08,14118.08,326.64
2022-11-01,P-FRS,SUP-FRT1,Continental Freightways,Freight (Diesel),Logistics,USA,Strategic,False,True,27138,160.16,0.9336,1.503,1.5455,40787.77,25336.23,15451.54,1155.52
2022-11-01,P-FRS,SUP-FRT2,RedRiver Logistics,Freight (Diesel),Logistics,USA,Preferred,False,True,14082,160.16,0.9336,1.5798,1.6016,22247.88,13147.38,9100.5,306.59
2022-11-01,P-FRS,SUP-FRT3,QuickHaul Carriers,Freight (Diesel),Logistics,USA,Transactional,False,False,6636,160.16,0.9336,1.6762,1.6977,11123.94,6195.59,4928.35,142.38
2022-11-01,P-GRN,SUP-FRT1,Continental Freightways,Freight (Diesel),Logistics,USA,Strategic,False,True,142825,160.16,0.9336,1.5348,1.5455,219203.84,133342.21,85861.63,1539.79
2022-11-01,P-GRN,SUP-FRT2,RedRiver Logistics,Freight (Diesel),Logistics,USA,Preferred,False,True,74994,160.16,0.9336,1.5943,1.6016,119565.73,70015.01,49550.72,545.7
2022-11-01,P-GRN,SUP-FRT3,QuickHaul Carriers,Freight (Diesel),Logistics,USA,Transactional,False,False,34899,160.16,0.9336,1.713,1.6977,59782.87,32582.26,27200.61,-533.97
2022-11-01,P-GRP,SUP-FRT1,Continental Freightways,Freight (Diesel),Logistics,USA,Strategic,False,True,55522,160.16,0.9336,1.5572,1.5455,86462.15,51835.96,34626.19,-649.42
2022-11-01,P-GRP,SUP-FRT2,RedRiver Logistics,Freight (Diesel),Logistics,USA,Preferred,False,True,30955,160.16,0.9336,1.5235,1.6016,47161.17,28899.88,18261.29,2416.85
2022-11-01,P-GRP,SUP-FRT3,QuickHaul Carriers,Freight (Diesel),Logistics,USA,Transactional,False,False,13456,160.16,0.9336,1.7524,1.6977,23580.59,12562.72,11017.86,-736.02
2022-11-01,P-PHX,SUP-FRT1,Continental Freightways,Freight (Diesel),Logistics,USA,Strategic,False,True,31826,160.16,0.9336,1.5995,1.5455,50907.66,29713.22,21194.45,-1718.41
2022-11-01,P-PHX,SUP-FRT2,RedRiver Logistics,Freight (Diesel),Logistics,USA,Preferred,False,True,17117,160.16,0.9336,1.6222,1.6016,27767.82,15980.69,11787.13,-352.79
2022-11-01,P-PHX,SUP-FRT3,QuickHaul Carriers,Freight (Diesel),Logistics,USA,Transactional,False,False,8152,160.16,0.9336,1.7029,1.6977,13883.91,7611.62,6272.29,-42.64
2022-11-01,P-TOL,SUP-FRT1,Continental Freightways,Freight (Diesel),Logistics,USA,Strategic,False,True,56888,160.16,0.9336,1.5393,1.5455,87566.7,53110.87,34455.83,356.59
2022-11-01,P-TOL,SUP-FRT2,RedRiver Logistics,Freight (Diesel),Logistics,USA,Preferred,False,True,29443,160.16,0.9336,1.6222,1.6016,47763.65,27488.02,20275.64,-607.69
2022-11-01,P-TOL,SUP-FRT3,QuickHaul Carriers,Freight (Diesel),Logistics,USA,Transactional,False,False,13943,160.16,0.9336,1.7127,1.6977,23881.83,13017.97,10863.86,-209.42
2022-12-01,D-MEM,SUP-FRT1,Continental Freightways,Freight (Diesel),Logistics,USA,Strategic,False,True,181571,114.71,0.9336,1.0988,1.107,199513.27,169515.18,29998.09,1477.61
2022-12-01,D-MEM,SUP-FRT2,RedRiver Logistics,Freight (Diesel),Logistics,USA,Preferred,False,True,93631,114.71,0.9336,1.1623,1.1471,108825.42,87414.77,21410.65,-1420.23
2022-12-01,D-MEM,SUP-FRT3,QuickHaul Carriers,Freight (Diesel),Logistics,USA,Transactional,False,False,44801,114.71,0.9336,1.2145,1.2159,54412.71,41826.81,12585.9,62.77
2022-12-01,D-REN,SUP-FRT1,Continental Freightways,Freight (Diesel),Logistics,USA,Strategic,False,True,114365,114.71,0.9336,1.12,1.107,128086.28,106771.88,21314.4,-1488.93
2022-12-01,D-REN,SUP-FRT2,RedRiver Logistics,Freight (Diesel),Logistics,USA,Preferred,False,True,60896,114.71,0.9336,1.1473,1.1471,69865.24,56853.28,13011.96,-10.49
2022-12-01,D-REN,SUP-FRT3,QuickHaul Carriers,Freight (Diesel),Logistics,USA,Transactional,False,False,28777,114.71,0.9336,1.2139,1.2159,34932.62,26866.3,8066.32,58.2
2022-12-01,P-AUS,SUP-FRT1,Continental Freightways,Freight (Diesel),Logistics,USA,Strategic,False,True,104247,114.71,0.9336,1.092,1.107,113843.37,97325.84,16517.53,1554.0
2022-12-01,P-AUS,SUP-FRT2,RedRiver Logistics,Freight (Diesel),Logistics,USA,Preferred,False,True,55161,114.71,0.9336,1.1257,1.1471,62096.38,51499.22,10597.17,1179.91
2022-12-01,P-AUS,SUP-FRT3,QuickHaul Carriers,Freight (Diesel),Logistics,USA,Transactional,False,False,25941,114.71,0.9336,1.1968,1.2159,31048.19,24219.2,6829.0,495.03
2022-12-01,P-FRS,SUP-FRT1,Continental Freightways,Freight (Diesel),Logistics,USA,Strategic,False,True,40151,114.71,0.9336,1.0977,1.107,44073.39,37485.29,6588.09,372.2
2022-12-01,P-FRS,SUP-FRT2,RedRiver Logistics,Freight (Diesel),Logistics,USA,Preferred,False,True,21356,114.71,0.9336,1.1257,1.1471,24040.03,19938.0,4102.03,457.49
2022-12-01,P-FRS,SUP-FRT3,QuickHaul Carriers,Freight (Diesel),Logistics,USA,Transactional,False,False,9886,114.71,0.9336,1.2158,1.2159,12020.01,9230.02,2790.0,1.21
2022-12-01,P-GRN,SUP-FRT1,Continental Freightways,Freight (Diesel),Logistics,USA,Strategic,False,True,201712,114.71,0.9336,1.0962,1.107,221110.16,188319.06,32791.1,2176.11
2022-12-01,P-GRN,SUP-FRT2,RedRiver Logistics,Freight (Diesel),Logistics,USA,Preferred,False,True,106590,114.71,0.9336,1.1315,1.1471,120605.54,99513.14,21092.4,1664.73
2022-12-01,P-GRN,SUP-FRT3,QuickHaul Carriers,Freight (Diesel),Logistics,USA,Transactional,False,False,51008,114.71,0.9336,1.1822,1.2159,60302.77,47621.15,12681.62,1719.29
2022-12-01,P-GRP,SUP-FRT1,Continental Freightways,Freight (Diesel),Logistics,USA,Strategic,False,True,79760,114.71,0.9336,1.0743,1.107,85687.88,74464.09,11223.79,2602.75
2022-12-01,P-GRP,SUP-FRT2,RedRiver Logistics,Freight (Diesel),Logistics,USA,Preferred,False,True,41334,114.71,0.9336,1.1308,1.1471,46738.84,38589.63,8149.22,675.64
2022-12-01,P-GRP,SUP-FRT3,QuickHaul Carriers,Freight (Diesel),Logistics,USA,Transactional,False,False,19226,114.71,0.9336,1.2155,1.2159,23369.42,17949.68,5419.74,8.34
2022-12-01,P-PHX,SUP-FRT1,Continental Freightways,Freight (Diesel),Logistics,USA,Strategic,False,True,46697,114.71,0.9336,1.111,1.107,51879.17,43597.07,8282.1,-186.96
2022-12-01,P-PHX,SUP-FRT2,RedRiver Logistics,Freight (Diesel),Logistics,USA,Preferred,False,True,24531,114.71,0.9336,1.1535,1.1471,28297.73,22902.72,5395.01,-157.51
2022-12-01,P-PHX,SUP-FRT3,QuickHaul Carriers,Freight (Diesel),Logistics,USA,Transactional,False,False,11688,114.71,0.9336,1.2105,1.2159,14148.86,10912.73,3236.14,63.93
2022-12-01,P-TOL,SUP-FRT1,Continental Freightways,Freight (Diesel),Logistics,USA,Strategic,False,True,73944,114.71,0.9336,1.0932,1.107,80833.57,69034.23,11799.34,1018.99
2022-12-01,P-TOL,SUP-FRT2,RedRiver Logistics,Freight (Diesel),Logistics,USA,Preferred,False,True,38157,114.71,0.9336,1.1555,1.1471,44091.04,35623.87,8467.17,-320.53
2022-12-01,P-TOL,SUP-FRT3,QuickHaul Carriers,Freight (Diesel),Logistics,USA,Transactional,False,False,18356,114.71,0.9336,1.201,1.2159,22045.52,17137.31,4908.21,274.21
2023-01-01,D-MEM,SUP-FRT1,Continental Freightways,Freight (Diesel),Logistics,USA,Strategic,False,True,173775,122.91,1.4344,1.2037,1.1861,209181.9,249270.58,-40088.68,-3070.19
2023-01-01,D-MEM,SUP-FRT2,RedRiver Logistics,Freight (Diesel),Logistics,USA,Preferred,False,True,91824,122.91,1.4344,1.2426,1.2291,114099.22,131716.41,-17617.19,-1238.13
2023-01-01,D-MEM,SUP-FRT3,QuickHaul Carriers,Freight (Diesel),Logistics,USA,Transactional,False,False,44319,122.91,1.4344,1.2872,1.3028,57049.61,63574.37,-6524.76,692.45
2023-01-01,D-REN,SUP-FRT1,Continental Freightways,Freight (Diesel),Logistics,USA,Strategic,False,True,117336,122.91,1.4344,1.1769,1.1861,138090.3,168312.57,-30222.26,1080.52
2023-01-01,D-REN,SUP-FRT2,RedRiver Logistics,Freight (Diesel),Logistics,USA,Preferred,False,True,61342,122.91,1.4344,1.2279,1.2291,75321.98,87992.23,-12670.25,74.08
2023-01-01,D-REN,SUP-FRT3,QuickHaul Carriers,Freight (Diesel),Logistics,USA,Transactional,False,False,29166,122.91,1.4344,1.2913,1.3028,37660.99,41837.04,-4176.05,337.92
2023-01-01,P-AUS,SUP-FRT1,Continental Freightways,Freight (Diesel),Logistics,USA,Strategic,False,True,104832,122.91,1.4344,1.1893,1.1861,124679.43,150376.27,-25696.84,-339.41
2023-01-01,P-AUS,SUP-FRT2,RedRiver Logistics,Freight (Diesel),Logistics,USA,Preferred,False,True,54213,122.91,1.4344,1.2544,1.2291,68006.96,77766.74,-9759.78,-1372.61
2023-01-01,P-AUS,SUP-FRT3,QuickHaul Carriers,Freight (Diesel),Logistics,USA,Transactional,False,False,25901,122.91,1.4344,1.3128,1.3028,34003.48,37153.62,-3150.14,-258.33
2023-01-01,P-FRS,SUP-FRT1,Continental Freightways,Freight (Diesel),Logistics,USA,Strategic,False,True,35568,122.91,1.4344,1.1815,1.1861,42025.1,51021.5,-8996.4,162.5
2023-01-01,P-FRS,SUP-FRT2,RedRiver Logistics,Freight (Diesel),Logistics,USA,Preferred,False,True,18911,122.91,1.4344,1.2121,1.2291,22922.78,27127.75,-4204.97,321.6
2023-01-01,P-FRS,SUP-FRT3,QuickHaul Carriers,Freight (Diesel),Logistics,USA,Transactional,False,False,8811,122.91,1.4344,1.3008,1.3028,11461.39,12639.05,-1177.66,18.15
2023-01-01,P-GRN,SUP-FRT1,Continental Freightways,Freight (Diesel),Logistics,USA,Strategic,False,True,174434,122.91,1.4344,1.1668,1.1861,203532.3,250216.0,-46683.7,3361.14
2023-01-01,P-GRN,SUP-FRT2,RedRiver Logistics,Freight (Diesel),Logistics,USA,Preferred,False,True,88673,122.91,1.4344,1.252,1.2291,111017.62,127196.33,-16178.71,-2029.56
2023-01-01,P-GRN,SUP-FRT3,QuickHaul Carriers,Freight (Diesel),Logistics,USA,Transactional,False,False,42587,122.91,1.4344,1.3034,1.3028,55508.81,61088.99,-5580.18,-24.12
2023-01-01,P-GRP,SUP-FRT1,Continental Freightways,Freight (Diesel),Logistics,USA,Strategic,False,True,69379,122.91,1.4344,1.2214,1.1861,84737.31,99520.25,-14782.94,-2448.06
2023-01-01,P-GRP,SUP-FRT2,RedRiver Logistics,Freight (Diesel),Logistics,USA,Preferred,False,True,37356,122.91,1.4344,1.2373,1.2291,46220.35,53585.72,-7365.37,-305.48
2023-01-01,P-GRP,SUP-FRT3,QuickHaul Carriers,Freight (Diesel),Logistics,USA,Transactional,False,False,17954,122.91,1.4344,1.2871,1.3028,23110.18,25754.93,-2644.75,282.0
2023-01-01,P-PHX,SUP-FRT1,Continental Freightways,Freight (Diesel),Logistics,USA,Strategic,False,True,40015,122.91,1.4344,1.1904,1.1861,47635.97,57399.67,-9763.7,-174.52
2023-01-01,P-PHX,SUP-FRT2,RedRiver Logistics,Freight (Diesel),Logistics,USA,Preferred,False,True,21399,122.91,1.4344,1.2142,1.2291,25983.26,30696.41,-4713.15,318.93
2023-01-01,P-PHX,SUP-FRT3,QuickHaul Carriers,Freight (Diesel),Logistics,USA,Transactional,False,False,10007,122.91,1.4344,1.2982,1.3028,12991.63,14355.58,-1363.95,46.97
2023-01-01,P-TOL,SUP-FRT1,Continental Freightways,Freight (Diesel),Logistics,USA,Strategic,False,True,72778,122.91,1.4344,1.2497,1.1861,90950.25,104395.81,-13445.56,-4629.6
2023-01-01,P-TOL,SUP-FRT2,RedRiver Logistics,Freight (Diesel),Logistics,USA,Preferred,False,True,40246,122.91,1.4344,1.2326,1.2291,49609.23,57730.8,-8121.57,-142.64
2023-01-01,P-TOL,SUP-FRT3,QuickHaul Carriers,Freight (Diesel),Logistics,USA,Transactional,False,False,19728,122.91,1.4344,1.2573,1.3028,24804.61,28298.7,-3494.08,897.96
2023-02-01,D-MEM,SUP-FRT1,Continental Freightways,Freight (Diesel),Logistics,USA,Strategic,False,True,175766,119.19,1.4344,1.1463,1.1502,201478.43,252126.12,-50647.69,684.76
2023-02-01,D-MEM,SUP-FRT2,RedRiver Logistics,Freight (Diesel),Logistics,USA,Preferred,False,True,91438,119.19,1.4344,1.2019,1.1919,109897.33,131162.98,-21265.66,-911.95
2023-02-01,D-MEM,SUP-FRT3,QuickHaul Carriers,Freight (Diesel),Logistics,USA,Transactional,False,False,43503,119.19,1.4344,1.2631,1.2634,54948.66,62403.3,-7454.63,14.32
2023-02-01,D-REN,SUP-FRT1,Continental Freightways,Freight (Diesel),Logistics,USA,Strategic,False,True,131747,119.19,1.4344,1.1329,1.1502,149253.14,188983.53,-39730.38,2280.2
2023-02-01,D-REN,SUP-FRT2,RedRiver Logistics,Freight (Diesel),Logistics,USA,Preferred,False,True,66497,119.19,1.4344,1.2243,1.1919,81410.8,95386.74,-13975.94,-2152.47
2023-02-01,D-REN,SUP-FRT3,QuickHaul Carriers,Freight (Diesel),Logistics,USA,Transactional,False,False,33148,119.19,1.4344,1.228,1.2634,40705.4,47550.28,-6844.87,1175.48
2023-02-01,P-AUS,SUP-FRT1,Continental Freightways,Freight (Diesel),Logistics,USA,Strategic,False,True,102225,119.19,1.4344,1.1623,1.1502,118812.37,146636.18,-27823.81,-1234.56
2023-02-01,P-AUS,SUP-FRT2,RedRiver Logistics,Freight (Diesel),Logistics,USA,Preferred,False,True,52112,119.19,1.4344,1.2436,1.1919,64806.75,74752.85,-9946.11,-2693.43
2023-02-01,P-AUS,SUP-FRT3,QuickHaul Carriers,Freight (Diesel),Logistics,USA,Transactional,False,False,24754,119.19,1.4344,1.309,1.2634,32403.37,35508.68,-3105.31,-1128.37
2023-02-01,P-FRS,SUP-FRT1,Continental Freightways,Freight (Diesel),Logistics,USA,Strategic,False,True,35877,119.19,1.4344,1.1489,1.1502,41217.94,51464.23,-10246.29,47.81
2023-02-01,P-FRS,SUP-FRT2,RedRiver Logistics,Freight (Diesel),Logistics,USA,Preferred,False,True,19201,119.19,1.4344,1.1709,1.1919,22482.51,27542.82,-5060.3,403.24
2023-02-01,P-FRS,SUP-FRT3,QuickHaul Carriers,Freight (Diesel),Logistics,USA,Transactional,False,False,8841,119.19,1.4344,1.2715,1.2634,11241.26,12682.09,-1440.84,-71.24
2023-02-01,P-GRN,SUP-FRT1,Continental Freightways,Freight (Diesel),Logistics,USA,Strategic,False,True,201214,119.19,1.4344,1.145,1.1502,230386.51,288631.18,-58244.66,1047.66
2023-02-01,P-GRN,SUP-FRT2,RedRiver Logistics,Freight (Diesel),Logistics,USA,Preferred,False,True,105686,119.19,1.4344,1.189,1.1919,125665.37,151600.86,-25935.49,302.15
2023-02-01,P-GRN,SUP-FRT3,QuickHaul Carriers,Freight (Diesel),Logistics,USA,Transactional,False,False,48220,119.19,1.4344,1.303,1.2634,62832.69,69169.43,-6336.74,-1910.29
2023-02-01,P-GRP,SUP-FRT1,Continental Freightways,Freight (Diesel),Logistics,USA,Strategic,False,True,75042,119.19,1.4344,1.1377,1.1502,85378.12,107644.66,-22266.54,934.98
2023-02-01,P-GRP,SUP-FRT2,RedRiver Logistics,Freight (Diesel),Logistics,USA,Preferred,False,True,38243,119.19,1.4344,1.2177,1.1919,46569.88,54857.82,-8287.93,-987.67
2023-02-01,P-GRP,SUP-FRT3,QuickHaul Carriers,Freight (Diesel),Logistics,USA,Transactional,False,False,18425,119.19,1.4344,1.2637,1.2634,23284.94,26430.99,-3146.05,-5.31
2023-02-01,P-PHX,SUP-FRT1,Continental Freightways,Freight (Diesel),Logistics,USA,Strategic,False,True,37554,119.19,1.4344,1.1403,1.1502,42823.65,53869.98,-11046.33,371.11
2023-02-01,P-PHX,SUP-FRT2,RedRiver Logistics,Freight (Diesel),Logistics,USA,Preferred,False,True,19707,119.19,1.4344,1.1852,1.1919,23358.35,28269.47,-4911.11,131.19
2023-02-01,P-PHX,SUP-FRT3,QuickHaul Carriers,Freight (Diesel),Logistics,USA,Transactional,False,False,9384,119.19,1.4344,1.2445,1.2634,11679.18,13461.7,-1782.52,177.49
2023-02-01,P-TOL,SUP-FRT1,Continental Freightways,Freight (Diesel),Logistics,USA,Strategic,False,True,72399,119.19,1.4344,1.1324,1.1502,81983.65,103853.0,-21869.35,1289.18
2023-02-01,P-TOL,SUP-FRT2,RedRiver Logistics,Freight (Diesel),Logistics,USA,Preferred,False,True,38292,119.19,1.4344,1.1678,1.1919,44718.35,54928.86,-10210.51,922.89
2023-02-01,P-TOL,SUP-FRT3,QuickHaul Carriers,Freight (Diesel),Logistics,USA,Transactional,False,False,17963,119.19,1.4344,1.2447,1.2634,22359.18,25767.15,-3407.97,335.77
2023-03-01,D-MEM,SUP-FRT1,Continental Freightways,Freight (Diesel),Logistics,USA,Strategic,False,True,189617,111.18,1.4344,1.0769,1.0729,204206.69,271995.29,-67788.6,-768.51
2023-03-01,D-MEM,SUP-FRT2,RedRiver Logistics,Freight (Diesel),Logistics,USA,Preferred,False,True,97178,111.18,1.4344,1.1462,1.1118,111385.47,139396.61,-28011.15,-3342.62
2023-03-01,D-MEM,SUP-FRT3,QuickHaul Carriers,Freight (Diesel),Logistics,USA,Transactional,False,False,47891,111.18,1.4344,1.1629,1.1785,55692.73,68697.48,-13004.75,747.72
2023-03-01,D-REN,SUP-FRT1,Continental Freightways,Freight (Diesel),Logistics,USA,Strategic,False,True,139472,111.18,1.4344,1.1011,1.0729,153578.35,200065.46,-46487.1,-3939.9
2023-03-01,D-REN,SUP-FRT2,RedRiver Logistics,Freight (Diesel),Logistics,USA,Preferred,False,True,73860,111.18,1.4344,1.1342,1.1118,83770.01,105948.35,-22178.33,-1652.09
2023-03-01,D-REN,SUP-FRT3,QuickHaul Carriers,Freight (Diesel),Logistics,USA,Transactional,False,False,35167,111.18,1.4344,1.191,1.1785,41885.01,50446.17,-8561.17,-439.46
2023-03-01,P-AUS,SUP-FRT1,Continental Freightways,Freight (Diesel),Logistics,USA,Strategic,False,True,119114,111.18,1.4344,1.0597,1.0729,126230.57,170862.79,-44632.22,1565.82
2023-03-01,P-AUS,SUP-FRT2,RedRiver Logistics,Freight (Diesel),Logistics,USA,Preferred,False,True,62378,111.18,1.4344,1.1038,1.1118,68853.04,89478.37,-20625.34,499.42
2023-03-01,P-AUS,SUP-FRT3,QuickHaul Carriers,Freight (Diesel),Logistics,USA,Transactional,False,False,28687,111.18,1.4344,1.2001,1.1785,34426.52,41150.34,-6723.82,-618.24
2023-03-01,P-FRS,SUP-FRT1,Continental Freightways,Freight (Diesel),Logistics,USA,Strategic,False,True,38537,111.18,1.4344,1.0819,1.0729,41693.53,55279.85,-13586.32,-347.1
2023-03-01,P-FRS,SUP-FRT2,RedRiver Logistics,Freight (Diesel),Logistics,USA,Preferred,False,True,20317,111.18,1.4344,1.1193,1.1118,22741.92,29144.12,-6402.2,-153.04
2023-03-01,P-FRS,SUP-FRT3,QuickHaul Carriers,Freight (Diesel),Logistics,USA,Transactional,False,False,9791,111.18,1.4344,1.1613,1.1785,11370.96,14045.35,-2674.39,168.41
2023-03-01,P-GRN,SUP-FRT1,Continental Freightways,Freight (Diesel),Logistics,USA,Strategic,False,True,202334,111.18,1.4344,1.0458,1.0729,211606.51,290236.84,-78630.33,5475.4
2023-03-01,P-GRN,SUP-FRT2,RedRiver Logistics,Freight (Diesel),Logistics,USA,Preferred,False,True,106703,111.18,1.4344,1.0817,1.1118,115421.73,153059.72,-37637.98,3211.04
2023-03-01,P-GRN,SUP-FRT3,QuickHaul Carriers,Freight (Diesel),Logistics,USA,Transactional,False,False,49630,111.18,1.4344,1.1628,1.1785,57710.87,71191.37,-13480.51,778.51
2023-03-01,P-GRP,SUP-FRT1,Continental Freightways,Freight (Diesel),Logistics,USA,Strategic,False,True,82653,111.18,1.4344,1.04,1.0729,85955.86,118561.07,-32605.2,2721.59
2023-03-01,P-GRP,SUP-FRT2,RedRiver Logistics,Freight (Diesel),Logistics,USA,Preferred,False,True,41639,111.18,1.4344,1.126,1.1118,46885.02,59729.31,-12844.3,-590.31
2023-03-01,P-GRP,SUP-FRT3,QuickHaul Carriers,Freight (Diesel),Logistics,USA,Transactional,False,False,20380,111.18,1.4344,1.1502,1.1785,23442.51,29235.09,-5792.59,576.45
2023-03-01,P-PHX,SUP-FRT1,Continental Freightways,Freight (Diesel),Logistics,USA,Strategic,False,True,41378,111.18,1.4344,1.0931,1.0729,45232.2,59355.16,-14122.95,-837.66
2023-03-01,P-PHX,SUP-FRT2,RedRiver Logistics,Freight (Diesel),Logistics,USA,Preferred,False,True,22996,111.18,1.4344,1.0729,1.1118,24672.11,32987.41,-8315.3,895.61
2023-03-01,P-PHX,SUP-FRT3,QuickHaul Carriers,Freight (Diesel),Logistics,USA,Transactional,False,False,10471,111.18,1.4344,1.1781,1.1785,12336.06,15020.87,-2684.81,4.78
2023-03-01,P-TOL,SUP-FRT1,Continental Freightways,Freight (Diesel),Logistics,USA,Strategic,False,True,67149,111.18,1.4344,1.0674,1.0729,71673.56,96322.12,-24648.57,370.33
2023-03-01,P-TOL,SUP-FRT2,RedRiver Logistics,Freight (Diesel),Logistics,USA,Preferred,False,True,34608,111.18,1.4344,1.1296,1.1118,39094.67,49644.1,-10549.43,-616.76
2023-03-01,P-TOL,SUP-FRT3,QuickHaul Carriers,Freight (Diesel),Logistics,USA,Transactional,False,False,16328,111.18,1.4344,1.1971,1.1785,19547.33,23422.34,-3875.0,-304.02
2023-04-01,D-MEM,SUP-FRT1,Continental Freightways,Freight (Diesel),Logistics,USA,Strategic,False,True,202759,105.94,1.4344,1.0212,1.0223,207055.31,290847.31,-83792.0,230.44
2023-04-01,D-MEM,SUP-FRT2,RedRiver Logistics,Freight (Diesel),Logistics,USA,Preferred,False,True,105738,105.94,1.4344,1.0681,1.0594,112939.26,151675.23,-38735.97,-920.25
2023-04-01,D-MEM,SUP-FRT3,QuickHaul Carriers,Freight (Diesel),Logistics,USA,Transactional,False,False,49736,105.94,1.4344,1.1354,1.123,56469.63,71344.05,-14874.42,-617.38
2023-04-01,D-REN,SUP-FRT1,Continental Freightways,Freight (Diesel),Logistics,USA,Strategic,False,True,151073,105.94,1.4344,0.9811,1.0223,148221.5,216706.65,-68485.16,6224.49
2023-04-01,D-REN,SUP-FRT2,RedRiver Logistics,Freight (Diesel),Logistics,USA,Preferred,False,True,77966,105.94,1.4344,1.037,1.0594,80848.09,111838.61,-30990.53,1749.78
2023-04-01,D-REN,SUP-FRT3,QuickHaul Carriers,Freight (Diesel),Logistics,USA,Transactional,False,False,35851,105.94,1.4344,1.1275,1.123,40424.04,51426.66,-11002.61,-164.28
2023-04-01,P-AUS,SUP-FRT1,Continental Freightways,Freight (Diesel),Logistics,USA,Strategic,False,True,117273,105.94,1.4344,1.0118,1.0223,118661.03,168221.34,-49560.31,1229.66
2023-04-01,P-AUS,SUP-FRT2,RedRiver Logistics,Freight (Diesel),Logistics,USA,Preferred,False,True,61256,105.94,1.4344,1.0566,1.0594,64724.2,87869.51,-23145.31,171.4
2023-04-01,P-AUS,SUP-FRT3,QuickHaul Carriers,Freight (Diesel),Logistics,USA,Transactional,False,False,28908,105.94,1.4344,1.1195,1.123,32362.1,41467.3,-9105.2,100.9
2023-04-01,P-FRS,SUP-FRT1,Continental Freightways,Freight (Diesel),Logistics,USA,Strategic,False,True,37344,105.94,1.4344,1.0362,1.0223,38697.25,53568.63,-14871.37,-519.1
2023-04-01,P-FRS,SUP-FRT2,RedRiver Logistics,Freight (Diesel),Logistics,USA,Preferred,False,True,19819,105.94,1.4344,1.065,1.0594,21107.59,28429.84,-7322.25,-110.87
2023-04-01,P-FRS,SUP-FRT3,QuickHaul Carriers,Freight (Diesel),Logistics,USA,Transactional,False,False,9197,105.94,1.4344,1.1475,1.123,10553.8,13193.31,-2639.51,-225.31
2023-04-01,P-GRN,SUP-FRT1,Continental Freightways,Freight (Diesel),Logistics,USA,Strategic,False,True,177061,105.94,1.4344,1.0459,1.0223,185191.52,253983.88,-68792.36,-4178.19
2023-04-01,P-GRN,SUP-FRT2,RedRiver Logistics,Freight (Diesel),Logistics,USA,Preferred,False,True,92537,105.94,1.4344,1.0916,1.0594,101013.56,132740.08,-31726.53,-2979.0
2023-04-01,P-GRN,SUP-FRT3,QuickHaul Carriers,Freight (Diesel),Logistics,USA,Transactional,False,False,45276,105.94,1.4344,1.1155,1.123,50506.78,64945.98,-14439.21,336.7
2023-04-01,P-GRP,SUP-FRT1,Continental Freightways,Freight (Diesel),Logistics,USA,Strategic,False,True,84181,105.94,1.4344,1.0209,1.0223,85940.74,120753.84,-34813.1,120.05
2023-04-01,P-GRP,SUP-FRT2,RedRiver Logistics,Freight (Diesel),Logistics,USA,Preferred,False,True,45059,105.94,1.4344,1.0403,1.0594,46876.77,64635.74,-17758.97,859.65
2023-04-01,P-GRP,SUP-FRT3,QuickHaul Carriers,Freight (Diesel),Logistics,USA,Transactional,False,False,20828,105.94,1.4344,1.1253,1.123,23438.38,29877.88,-6439.49,-48.25
2023-04-01,P-PHX,SUP-FRT1,Continental Freightways,Freight (Diesel),Logistics,USA,Strategic,False,True,39652,105.94,1.4344,1.0289,1.0223,40797.11,56878.81,-16081.7,-259.8
2023-04-01,P-PHX,SUP-FRT2,RedRiver Logistics,Freight (Diesel),Logistics,USA,Preferred,False,True,21298,105.94,1.4344,1.0448,1.0594,22252.97,30551.39,-8298.42,310.62
2023-04-01,P-PHX,SUP-FRT3,QuickHaul Carriers,Freight (Diesel),Logistics,USA,Transactional,False,False,10098,105.94,1.4344,1.1017,1.123,11126.48,14486.4,-3359.92,214.31
2023-04-01,P-TOL,SUP-FRT1,Continental Freightways,Freight (Diesel),Logistics,USA,Strategic,False,True,63076,105.94,1.4344,1.0585,1.0223,66764.9,90479.81,-23714.91,-2280.29
2023-04-01,P-TOL,SUP-FRT2,RedRiver Logistics,Freight (Diesel),Logistics,USA,Preferred,False,True,34078,105.94,1.4344,1.0686,1.0594,36417.22,48884.2,-12466.99,-314.02
2023-04-01,P-TOL,SUP-FRT3,QuickHaul Carriers,Freight (Diesel),Logistics,USA,Transactional,False,False,16486,105.94,1.4344,1.1045,1.123,18208.61,23648.82,-5440.21,305.06
2023-05-01,D-MEM,SUP-FRT1,Continental Freightways,Freight (Diesel),Logistics,USA,Strategic,False,True,221274,99.4,1.4344,0.9671,0.9592,214005.23,317405.72,-103400.49,-1756.28
2023-05-01,D-MEM,SUP-FRT2,RedRiver Logistics,Freight (Diesel),Logistics,USA,Preferred,False,True,118413,99.4,1.4344,0.9858,0.994,116730.13,169857.87,-53127.74,973.32
2023-05-01,D-MEM,SUP-FRT3,QuickHaul Carriers,Freight (Diesel),Logistics,USA,Transactional,False,False,54254,99.4,1.4344,1.0758,1.0536,58365.06,77824.53,-19459.47,-1200.63
2023-05-01,D-REN,SUP-FRT1,Continental Freightways,Freight (Diesel),Logistics,USA,Strategic,False,True,155879,99.4,1.4344,0.9473,0.9592,147671.1,223599.78,-75928.68,1849.89
2023-05-01,D-REN,SUP-FRT2,RedRiver Logistics,Freight (Diesel),Logistics,USA,Preferred,False,True,80163,99.4,1.4344,1.0048,0.994,80547.87,114989.19,-34441.32,-865.82
2023-05-01,D-REN,SUP-FRT3,QuickHaul Carriers,Freight (Diesel),Logistics,USA,Transactional,False,False,40103,99.4,1.4344,1.0043,1.0536,40273.94,57525.95,-17252.01,1980.58
2023-05-01,P-AUS,SUP-FRT1,Continental Freightways,Freight (Diesel),Logistics,USA,Strategic,False,True,113201,99.4,1.4344,0.9348,0.9592,105821.08,162381.06,-56559.98,2763.0
2023-05-01,P-AUS,SUP-FRT2,RedRiver Logistics,Freight (Diesel),Logistics,USA,Preferred,False,True,58018,99.4,1.4344,0.9949,0.994,57720.59,83223.45,-25502.86,-50.69
2023-05-01,P-AUS,SUP-FRT3,QuickHaul Carriers,Freight (Diesel),Logistics,USA,Transactional,False,False,27282,99.4,1.4344,1.0578,1.0536,28860.3,39134.59,-10274.29,-114.78
2023-05-01,P-FRS,SUP-FRT1,Continental Freightways,Freight (Diesel),Logistics,USA,Strategic,False,True,35812,99.4,1.4344,0.9781,0.9592,35027.76,51370.6,-16342.84,-676.28
2023-05-01,P-FRS,SUP-FRT2,RedRiver Logistics,Freight (Diesel),Logistics,USA,Preferred,False,True,19373,99.4,1.4344,0.9862,0.994,19106.05,27790.15,-8684.1,151.2
2023-05-01,P-FRS,SUP-FRT3,QuickHaul Carriers,Freight (Diesel),Logistics,USA,Transactional,False,False,9125,99.4,1.4344,1.0468,1.0536,9553.03,13090.56,-3537.54,62.38
2023-05-01,P-GRN,SUP-FRT1,Continental Freightways,Freight (Diesel),Logistics,USA,Strategic,False,True,185870,99.4,1.4344,0.9641,0.9592,179188.98,266619.71,-87430.73,-900.59
2023-05-01,P-GRN,SUP-FRT2,RedRiver Logistics,Freight (Diesel),Logistics,USA,Preferred,False,True,95266,99.4,1.4344,1.026,0.994,97739.44,136654.91,-38915.47,-3044.07
2023-05-01,P-GRN,SUP-FRT3,QuickHaul Carriers,Freight (Diesel),Logistics,USA,Transactional,False,False,46492,99.4,1.4344,1.0511,1.0536,48869.72,66690.1,-17820.38,116.14
2023-05-01,P-GRP,SUP-FRT1,Continental Freightways,Freight (Diesel),Logistics,USA,Strategic,False,True,79591,99.4,1.4344,0.9978,0.9592,79414.69,114170.03,-34755.34,-3069.28
2023-05-01,P-GRP,SUP-FRT2,RedRiver Logistics,Freight (Diesel),Logistics,USA,Preferred,False,True,43742,99.4,1.4344,0.9903,0.994,43317.1,62746.14,-19429.04,162.99
2023-05-01,P-GRP,SUP-FRT3,QuickHaul Carriers,Freight (Diesel),Logistics,USA,Transactional,False,False,20223,99.4,1.4344,1.071,1.0536,21658.55,29009.05,-7350.5,-350.54
2023-05-01,P-PHX,SUP-FRT1,Continental Freightways,Freight (Diesel),Logistics,USA,Strategic,False,True,41167,99.4,1.4344,0.9524,0.9592,39209.08,59052.3,-19843.22,279.15
2023-05-01,P-PHX,SUP-FRT2,RedRiver Logistics,Freight (Diesel),Logistics,USA,Preferred,False,True,21930,99.4,1.4344,0.9752,0.994,21386.77,31457.98,-10071.2,412.11
2023-05-01,P-PHX,SUP-FRT3,QuickHaul Carriers,Freight (Diesel),Logistics,USA,Transactional,False,False,10433,99.4,1.4344,1.0249,1.0536,10693.39,14966.27,-4272.89,299.79
2023-05-01,P-TOL,SUP-FRT1,Continental Freightways,Freight (Diesel),Logistics,USA,Strategic,False,True,83477,99.4,1.4344,0.9421,0.9592,78641.02,119743.99,-41102.97,1431.69
2023-05-01,P-TOL,SUP-FRT2,RedRiver Logistics,Freight (Diesel),Logistics,USA,Preferred,False,True,44620,99.4,1.4344,0.9613,0.994,42895.1,64005.02,-21109.92,1457.34
2023-05-01,P-TOL,SUP-FRT3,QuickHaul Carriers,Freight (Diesel),Logistics,USA,Transactional,False,False,20609,99.4,1.4344,1.0407,1.0536,21447.55,29562.61,-8115.06,267.06
2023-06-01,D-MEM,SUP-FRT1,Continental Freightways,Freight (Diesel),Logistics,USA,Strategic,False,True,253521,93.85,1.4344,0.8917,0.9057,226055.75,363661.37,-137605.62,3546.35
2023-06-01,D-MEM,SUP-FRT2,RedRiver Logistics,Freight (Diesel),Logistics,USA,Preferred,False,True,135244,93.85,1.4344,0.9117,0.9385,123303.14,194001.05,-70697.91,3624.28
2023-06-01,D-MEM,SUP-FRT3,QuickHaul Carriers,Freight (Diesel),Logistics,USA,Transactional,False,False,63566,93.85,1.4344,0.9699,0.9948,61651.57,91182.7,-29531.14,1585.21
2023-06-01,D-REN,SUP-FRT1,Continental Freightways,Freight (Diesel),Logistics,USA,Strategic,False,True,176461,93.85,1.4344,0.911,0.9057,160764.78,253123.2,-92358.42,-952.31
2023-06-01,D-REN,SUP-FRT2,RedRiver Logistics,Freight (Diesel),Logistics,USA,Preferred,False,True,96100,93.85,1.4344,0.9125,0.9385,87689.88,137850.63,-50160.75,2500.48
2023-06-01,D-REN,SUP-FRT3,QuickHaul Carriers,Freight (Diesel),Logistics,USA,Transactional,False,False,44253,93.85,1.4344,0.9908,0.9948,43844.94,63478.4,-19633.46,178.42
2023-06-01,P-AUS,SUP-FRT1,Continental Freightways,Freight (Diesel),Logistics,USA,Strategic,False,True,132842,93.85,1.4344,0.9207,0.9057,122308.07,190554.62,-68246.55,-1999.05
2023-06-01,P-AUS,SUP-FRT2,RedRiver Logistics,Freight (Diesel),Logistics,USA,Preferred,False,True,72552,93.85,1.4344,0.9195,0.9385,66713.49,104072.47,-37358.97,1377.12
2023-06-01,P-AUS,SUP-FRT3,QuickHaul Carriers,Freight (Diesel),Logistics,USA,Transactional,False,False,34999,93.85,1.4344,0.9531,0.9948,33356.75,50204.56,-16847.81,1460.98
2023-06-01,P-FRS,SUP-FRT1,Continental Freightways,Freight (Diesel),Logistics,USA,Strategic,False,True,44416,93.85,1.4344,0.9084,0.9057,40347.03,63713.36,-23366.33,-120.81
2023-06-01,P-FRS,SUP-FRT2,RedRiver Logistics,Freight (Diesel),Logistics,USA,Preferred,False,True,22943,93.85,1.4344,0.9592,0.9385,22007.47,32911.47,-10903.99,-474.77
2023-06-01,P-FRS,SUP-FRT3,QuickHaul Carriers,Freight (Diesel),Logistics,USA,Transactional,False,False,11556,93.85,1.4344,0.9521,0.9948,11003.74,16577.76,-5574.02,493.23
2023-06-01,P-GRN,SUP-FRT1,Continental Freightways,Freight (Diesel),Logistics,USA,Strategic,False,True,193886,93.85,1.4344,0.9057,0.9057,175595.04,278119.27,-102524.23,-1.0
2023-06-01,P-GRN,SUP-FRT2,RedRiver Logistics,Freight (Diesel),Logistics,USA,Preferred,False,True,98681,93.85,1.4344,0.9706,0.9385,95779.11,141552.76,-45773.65,-3166.59
2023-06-01,P-GRN,SUP-FRT3,QuickHaul Carriers,Freight (Diesel),Logistics,USA,Transactional,False,False,49629,93.85,1.4344,0.9649,0.9948,47889.56,71190.29,-23300.73,1482.14
2023-06-01,P-GRP,SUP-FRT1,Continental Freightways,Freight (Diesel),Logistics,USA,Strategic,False,True,85454,93.85,1.4344,0.8964,0.9057,76599.2,122579.87,-45980.66,793.11
2023-06-01,P-GRP,SUP-FRT2,RedRiver Logistics,Freight (Diesel),Logistics,USA,Preferred,False,True,44311,93.85,1.4344,0.9429,0.9385,41781.38,63562.35,-21780.97,-194.98
2023-06-01,P-GRP,SUP-FRT3,QuickHaul Carriers,Freight (Diesel),Logistics,USA,Transactional,False,False,20401,93.85,1.4344,1.024,0.9948,20890.69,29264.69,-8374.0,-595.12
2023-06-01,P-PHX,SUP-FRT1,Continental Freightways,Freight (Diesel),Logistics,USA,Strategic,False,True,51938,93.85,1.4344,0.8996,0.9057,46725.71,74502.52,-27776.81,312.38
2023-06-01,P-PHX,SUP-FRT2,RedRiver Logistics,Freight (Diesel),Logistics,USA,Preferred,False,True,27502,93.85,1.4344,0.9267,0.9385,25486.75,39450.41,-13963.66,324.14
2023-06-01,P-PHX,SUP-FRT3,QuickHaul Carriers,Freight (Diesel),Logistics,USA,Transactional,False,False,13256,93.85,1.4344,0.9613,0.9948,12743.38,19016.26,-6272.89,444.73
2023-06-01,P-TOL,SUP-FRT1,Continental Freightways,Freight (Diesel),Logistics,USA,Strategic,False,True,74325,93.85,1.4344,0.886,0.9057,65849.55,106616.06,-40766.52,1463.82
2023-06-01,P-TOL,SUP-FRT2,RedRiver Logistics,Freight (Diesel),Logistics,USA,Preferred,False,True,39515,93.85,1.4344,0.909,0.9385,35917.94,56682.11,-20764.17,1166.99
2023-06-01,P-TOL,SUP-FRT3,QuickHaul Carriers,Freight (Diesel),Logistics,USA,Transactional,False,False,17606,93.85,1.4344,1.02,0.9948,17958.97,25256.0,-7297.03,-443.5
2023-07-01,D-MEM,SUP-FRT1,Continental Freightways,Freight (Diesel),Logistics,USA,Strategic,False,True,256416,88.17,1.4344,0.865,0.8508,221795.72,367814.46,-146018.74,-3626.21
2023-07-01,D-MEM,SUP-FRT2,RedRiver Logistics,Freight (Diesel),Logistics,USA,Preferred,False,True,139468,88.17,1.4344,0.8674,0.8817,120979.48,200059.82,-79080.34,1990.13
2023-07-01,D-MEM,SUP-FRT3,QuickHaul Carriers,Freight (Diesel),Logistics,USA,Transactional,False,False,61257,88.17,1.4344,0.9875,0.9346,60489.74,87870.73,-27380.99,-3238.08
2023-07-01,D-REN,SUP-FRT1,Continental Freightways,Freight (Diesel),Logistics,USA,Strategic,False,True,174708,88.17,1.4344,0.8225,0.8508,143696.03,250609.65,-106913.62,4953.34
2023-07-01,D-REN,SUP-FRT2,RedRiver Logistics,Freight (Diesel),Logistics,USA,Preferred,False,True,89622,88.17,1.4344,0.8746,0.8817,78379.65,128558.28,-50178.63,640.53
2023-07-01,D-REN,SUP-FRT3,QuickHaul Carriers,Freight (Diesel),Logistics,USA,Transactional,False,False,41588,88.17,1.4344,0.9423,0.9346,39189.82,59656.0,-20466.17,-321.31
2023-07-01,P-AUS,SUP-FRT1,Continental Freightways,Freight (Diesel),Logistics,USA,Strategic,False,True,144533,88.17,1.4344,0.8652,0.8508,125046.69,207325.29,-82278.6,-2071.49
2023-07-01,P-AUS,SUP-FRT2,RedRiver Logistics,Freight (Diesel),Logistics,USA,Preferred,False,True,75534,88.17,1.4344,0.903,0.8817,68207.29,108349.29,-40142.0,-1608.85
2023-07-01,P-AUS,SUP-FRT3,QuickHaul Carriers,Freight (Diesel),Logistics,USA,Transactional,False,False,37159,88.17,1.4344,0.9178,0.9346,34103.64,53302.89,-19199.24,625.54
2023-07-01,P-FRS,SUP-FRT1,Continental Freightways,Freight (Diesel),Logistics,USA,Strategic,False,True,45050,88.17,1.4344,0.8274,0.8508,37274.56,64622.4,-27347.85,1056.29
2023-07-01,P-FRS,SUP-FRT2,RedRiver Logistics,Freight (Diesel),Logistics,USA,Preferred,False,True,22648,88.17,1.4344,0.8977,0.8817,20331.58,32487.87,-12156.3,-362.44
2023-07-01,P-FRS,SUP-FRT3,QuickHaul Carriers,Freight (Diesel),Logistics,USA,Transactional,False,False,11042,88.17,1.4344,0.9206,0.9346,10165.79,15839.21,-5673.43,154.16
2023-07-01,P-GRN,SUP-FRT1,Continental Freightways,Freight (Diesel),Logistics,USA,Strategic,False,True,233052,88.17,1.4344,0.8548,0.8508,199214.0,334299.75,-135085.75,-923.77
2023-07-01,P-GRN,SUP-FRT2,RedRiver Logistics,Freight (Diesel),Logistics,USA,Preferred,False,True,120936,88.17,1.4344,0.8985,0.8817,108662.18,173476.14,-64813.96,-2032.6
2023-07-01,P-GRN,SUP-FRT3,QuickHaul Carriers,Freight (Diesel),Logistics,USA,Transactional,False,False,57394,88.17,1.4344,0.9466,0.9346,54331.09,82329.44,-27998.35,-689.83
2023-07-01,P-GRP,SUP-FRT1,Continental Freightways,Freight (Diesel),Logistics,USA,Strategic,False,True,92422,88.17,1.4344,0.8473,0.8508,78305.67,132574.04,-54268.37,330.76
2023-07-01,P-GRP,SUP-FRT2,RedRiver Logistics,Freight (Diesel),Logistics,USA,Preferred,False,True,49266,88.17,1.4344,0.867,0.8817,42712.18,70670.37,-27958.18,726.37
2023-07-01,P-GRP,SUP-FRT3,QuickHaul Carriers,Freight (Diesel),Logistics,USA,Transactional,False,False,23058,88.17,1.4344,0.9262,0.9346,21356.09,33076.67,-11720.58,194.82
2023-07-01,P-PHX,SUP-FRT1,Continental Freightways,Freight (Diesel),Logistics,USA,Strategic,False,True,54469,88.17,1.4344,0.8506,0.8508,46330.8,78133.76,-31802.96,14.32
2023-07-01,P-PHX,SUP-FRT2,RedRiver Logistics,Freight (Diesel),Logistics,USA,Preferred,False,True,28853,88.17,1.4344,0.8758,0.8817,25271.35,41389.04,-16117.69,169.02
2023-07-01,P-PHX,SUP-FRT3,QuickHaul Carriers,Freight (Diesel),Logistics,USA,Transactional,False,False,13389,88.17,1.4344,0.9437,0.9346,12635.67,19205.79,-6570.11,-122.26
2023-07-01,P-TOL,SUP-FRT1,Continental Freightways,Freight (Diesel),Logistics,USA,Strategic,False,True,93258,88.17,1.4344,0.8716,0.8508,81280.42,133774.34,-52493.91,-1932.04
2023-07-01,P-TOL,SUP-FRT2,RedRiver Logistics,Freight (Diesel),Logistics,USA,Preferred,False,True,49844,88.17,1.4344,0.8895,0.8817,44334.78,71498.81,-27164.03,-387.01
2023-07-01,P-TOL,SUP-FRT3,QuickHaul Carriers,Freight (Diesel),Logistics,USA,Transactional,False,False,22941,88.17,1.4344,0.9663,0.9346,22167.39,32907.8,-10740.42,-726.5
2023-08-01,D-MEM,SUP-FRT1,Continental Freightways,Freight (Diesel),Logistics,USA,Strategic,False,True,194542,117.13,1.4344,1.1029,1.1303,214562.73,279060.17,-64497.44,5329.77
2023-08-01,D-MEM,SUP-FRT2,RedRiver Logistics,Freight (Diesel),Logistics,USA,Preferred,False,True,99885,117.13,1.4344,1.1717,1.1713,117034.22,143280.2,-26245.98,-38.11
2023-08-01,D-MEM,SUP-FRT3,QuickHaul Carriers,Freight (Diesel),Logistics,USA,Transactional,False,False,44956,117.13,1.4344,1.3016,1.2416,58517.11,64487.4,-5970.29,-2700.17
2023-08-01,D-REN,SUP-FRT1,Continental Freightways,Freight (Diesel),Logistics,USA,Strategic,False,True,133311,117.13,1.4344,1.119,1.1303,149177.38,191228.0,-42050.62,1505.54
2023-08-01,D-REN,SUP-FRT2,RedRiver Logistics,Freight (Diesel),Logistics,USA,Preferred,False,True,67662,117.13,1.4344,1.2026,1.1713,81369.48,97058.57,-15689.09,-2115.86
2023-08-01,D-REN,SUP-FRT3,QuickHaul Carriers,Freight (Diesel),Logistics,USA,Transactional,False,False,32769,117.13,1.4344,1.2415,1.2416,40684.74,47005.83,-6321.09,1.06
2023-08-01,P-AUS,SUP-FRT1,Continental Freightways,Freight (Diesel),Logistics,USA,Strategic,False,True,118187,117.13,1.4344,1.1153,1.1303,131815.38,169533.35,-37717.97,1772.7
2023-08-01,P-AUS,SUP-FRT2,RedRiver Logistics,Freight (Diesel),Logistics,USA,Preferred,False,True,60964,117.13,1.4344,1.1794,1.1713,71899.3,87449.92,-15550.63,-491.66
2023-08-01,P-AUS,SUP-FRT3,QuickHaul Carriers,Freight (Diesel),Logistics,USA,Transactional,False,False,29092,117.13,1.4344,1.2357,1.2416,35949.65,41731.94,-5782.29,171.35
2023-08-01,P-FRS,SUP-FRT1,Continental Freightways,Freight (Diesel),Logistics,USA,Strategic,False,True,38992,117.13,1.4344,1.11,1.1303,43281.89,55932.01,-12650.12,791.15
2023-08-01,P-FRS,SUP-FRT2,RedRiver Logistics,Freight (Diesel),Logistics,USA,Preferred,False,True,19731,117.13,1.4344,1.1965,1.1713,23608.3,28303.74,-4695.44,-496.75
2023-08-01,P-FRS,SUP-FRT3,QuickHaul Carriers,Freight (Diesel),Logistics,USA,Transactional,False,False,9456,117.13,1.4344,1.2483,1.2416,11804.15,13564.13,-1759.98,-63.75
2023-08-01,P-GRN,SUP-FRT1,Continental Freightways,Freight (Diesel),Logistics,USA,Strategic,False,True,173152,117.13,1.4344,1.1546,1.1303,199914.08,248377.37,-48463.29,-4198.87
2023-08-01,P-GRN,SUP-FRT2,RedRiver Logistics,Freight (Diesel),Logistics,USA,Preferred,False,True,93617,117.13,1.4344,1.1648,1.1713,109044.04,134289.07,-25245.02,610.32
2023-08-01,P-GRN,SUP-FRT3,QuickHaul Carriers,Freight (Diesel),Logistics,USA,Transactional,False,False,44552,117.13,1.4344,1.2238,1.2416,54522.02,63908.01,-9385.98,793.42
2023-08-01,P-GRP,SUP-FRT1,Continental Freightways,Freight (Diesel),Logistics,USA,Strategic,False,True,79897,117.13,1.4344,1.1237,1.1303,89779.51,114608.81,-24829.3,529.39
2023-08-01,P-GRP,SUP-FRT2,RedRiver Logistics,Freight (Diesel),Logistics,USA,Preferred,False,True,41987,117.13,1.4344,1.1663,1.1713,48970.64,60228.16,-11257.52,208.94
2023-08-01,P-GRP,SUP-FRT3,QuickHaul Carriers,Freight (Diesel),Logistics,USA,Transactional,False,False,19083,117.13,1.4344,1.2831,1.2416,24485.32,27373.77,-2888.45,-792.01
2023-08-01,P-PHX,SUP-FRT1,Continental Freightways,Freight (Diesel),Logistics,USA,Strategic,False,True,40224,117.13,1.4344,1.1538,1.1303,46410.33,57699.01,-11288.69,-944.93
2023-08-01,P-PHX,SUP-FRT2,RedRiver Logistics,Freight (Diesel),Logistics,USA,Preferred,False,True,20917,117.13,1.4344,1.2102,1.1713,25314.72,30005.2,-4690.48,-813.84
2023-08-01,P-PHX,SUP-FRT3,QuickHaul Carriers,Freight (Diesel),Logistics,USA,Transactional,False,False,10204,117.13,1.4344,1.2403,1.2416,12657.36,14638.21,-1980.85,12.71
2023-08-01,P-TOL,SUP-FRT1,Continental Freightways,Freight (Diesel),Logistics,USA,Strategic,False,True,66240,117.13,1.4344,1.1466,1.1303,75953.14,95018.01,-19064.87,-1081.3
2023-08-01,P-TOL,SUP-FRT2,RedRiver Logistics,Freight (Diesel),Logistics,USA,Preferred,False,True,35540,117.13,1.4344,1.1657,1.1713,41428.98,50980.68,-9551.7,199.53
2023-08-01,P-TOL,SUP-FRT3,QuickHaul Carriers,Freight (Diesel),Logistics,USA,Transactional,False,False,16491,117.13,1.4344,1.2561,1.2416,20714.49,23656.25,-2941.76,-238.88
2023-09-01,D-MEM,SUP-FRT1,Continental Freightways,Freight (Diesel),Logistics,USA,Strategic,False,True,180745,122.3,1.4344,1.1719,1.1802,211807.55,259268.73,-47461.18,1507.27
2023-09-01,D-MEM,SUP-FRT2,RedRiver Logistics,Freight (Diesel),Logistics,USA,Preferred,False,True,95953,122.3,1.4344,1.204,1.223,115531.39,137639.56,-22108.17,1819.63
2023-09-01,D-MEM,SUP-FRT3,QuickHaul Carriers,Freight (Diesel),Logistics,USA,Transactional,False,False,45204,122.3,1.4344,1.2779,1.2964,57765.69,64843.86,-7078.16,837.09
2023-09-01,D-REN,SUP-FRT1,Continental Freightways,Freight (Diesel),Logistics,USA,Strategic,False,True,137154,122.3,1.4344,1.1905,1.1802,163276.67,196739.84,-33463.17,-1407.86
2023-09-01,D-REN,SUP-FRT2,RedRiver Logistics,Freight (Diesel),Logistics,USA,Preferred,False,True,69179,122.3,1.4344,1.2874,1.223,89060.0,99233.72,-10173.71,-4453.68
2023-09-01,D-REN,SUP-FRT3,QuickHaul Carriers,Freight (Diesel),Logistics,USA,Transactional,False,False,34249,122.3,1.4344,1.3002,1.2964,44530.0,49129.04,-4599.03,-129.52
2023-09-01,P-AUS,SUP-FRT1,Continental Freightways,Freight (Diesel),Logistics,USA,Strategic,False,True,107292,122.3,1.4344,1.1565,1.1802,124083.75,153904.5,-29820.75,2542.05
2023-09-01,P-AUS,SUP-FRT2,RedRiver Logistics,Freight (Diesel),Logistics,USA,Preferred,False,True,55616,122.3,1.4344,1.2169,1.223,67682.05,79778.44,-12096.4,336.78
2023-09-01,P-AUS,SUP-FRT3,QuickHaul Carriers,Freight (Diesel),Logistics,USA,Transactional,False,False,26667,122.3,1.4344,1.269,1.2964,33841.02,38252.26,-4411.24,729.55
2023-09-01,P-FRS,SUP-FRT1,Continental Freightways,Freight (Diesel),Logistics,USA,Strategic,False,True,41820,122.3,1.4344,1.1608,1.1802,48545.88,59989.78,-11443.91,811.06
2023-09-01,P-FRS,SUP-FRT2,RedRiver Logistics,Freight (Diesel),Logistics,USA,Preferred,False,True,21928,122.3,1.4344,1.2076,1.223,26479.57,31454.72,-4975.15,338.61
2023-09-01,P-FRS,SUP-FRT3,QuickHaul Carriers,Freight (Diesel),Logistics,USA,Transactional,False,False,9991,122.3,1.4344,1.3251,1.2964,13239.78,14332.27,-1092.49,-286.96
2023-09-01,P-GRN,SUP-FRT1,Continental Freightways,Freight (Diesel),Logistics,USA,Strategic,False,True,181237,122.3,1.4344,1.1652,1.1802,211180.14,259975.19,-48795.05,2715.92
2023-09-01,P-GRN,SUP-FRT2,RedRiver Logistics,Freight (Diesel),Logistics,USA,Preferred,False,True,93851,122.3,1.4344,1.2273,1.223,115189.17,134625.13,-19435.96,-408.25
2023-09-01,P-GRN,SUP-FRT3,QuickHaul Carriers,Freight (Diesel),Logistics,USA,Transactional,False,False,44397,122.3,1.4344,1.2973,1.2964,57594.58,63685.11,-6090.52,-39.02
2023-09-01,P-GRP,SUP-FRT1,Continental Freightways,Freight (Diesel),Logistics,USA,Strategic,False,True,82654,122.3,1.4344,1.1665,1.1802,96414.33,118563.21,-22148.87,1134.21
2023-09-01,P-GRP,SUP-FRT2,RedRiver Logistics,Freight (Diesel),Logistics,USA,Preferred,False,True,43820,122.3,1.4344,1.2001,1.223,52589.64,62858.37,-10268.74,1003.2
2023-09-01,P-GRP,SUP-FRT3,QuickHaul Carriers,Freight (Diesel),Logistics,USA,Transactional,False,False,20463,122.3,1.4344,1.2849,1.2964,26294.82,29354.35,-3059.54,234.25
2023-09-01,P-PHX,SUP-FRT1,Continental Freightways,Freight (Diesel),Logistics,USA,Strategic,False,True,39159,122.3,1.4344,1.2208,1.1802,47805.37,56171.53,-8366.16,-1589.92
2023-09-01,P-PHX,SUP-FRT2,RedRiver Logistics,Freight (Diesel),Logistics,USA,Preferred,False,True,21822,122.3,1.4344,1.1949,1.223,26075.66,31302.74,-5227.08,612.95
2023-09-01,P-PHX,SUP-FRT3,QuickHaul Carriers,Freight (Diesel),Logistics,USA,Transactional,False,False,10076,122.3,1.4344,1.2939,1.2964,13037.83,14454.29,-1416.46,25.27
2023-09-01,P-TOL,SUP-FRT1,Continental Freightways,Freight (Diesel),Logistics,USA,Strategic,False,True,76925,122.3,1.4344,1.2075,1.1802,92888.41,110345.57,-17457.16,-2100.97
2023-09-01,P-TOL,SUP-FRT2,RedRiver Logistics,Freight (Diesel),Logistics,USA,Preferred,False,True,41113,122.3,1.4344,1.2323,1.223,50666.41,58975.19,-8308.78,-384.37
2023-09-01,P-TOL,SUP-FRT3,QuickHaul Carriers,Freight (Diesel),Logistics,USA,Transactional,False,False,20059,122.3,1.4344,1.2629,1.2964,25333.2,28773.78,-3440.57,671.16
2023-10-01,D-MEM,SUP-FRT1,Continental Freightways,Freight (Diesel),Logistics,USA,Strategic,False,True,200136,111.58,1.4344,1.0793,1.0767,215999.24,287083.81,-71084.57,-503.1
2023-10-01,D-MEM,SUP-FRT2,RedRiver Logistics,Freight (Diesel),Logistics,USA,Preferred,False,True,106215,111.58,1.4344,1.1092,1.1158,117817.77,152360.42,-34542.65,697.86
2023-10-01,D-MEM,SUP-FRT3,QuickHaul Carriers,Freight (Diesel),Logistics,USA,Transactional,False,False,48816,111.58,1.4344,1.2068,1.1827,58908.88,70023.75,-11114.87,-1171.82
2023-10-01,D-REN,SUP-FRT1,Continental Freightways,Freight (Diesel),Logistics,USA,Strategic,False,True,142839,111.58,1.4344,1.0847,1.0767,154935.36,204894.25,-49958.89,-1133.87
2023-10-01,D-REN,SUP-FRT2,RedRiver Logistics,Freight (Diesel),Logistics,USA,Preferred,False,True,72883,111.58,1.4344,1.1595,1.1158,84510.2,104546.45,-20036.25,-3187.32
2023-10-01,D-REN,SUP-FRT3,QuickHaul Carriers,Freight (Diesel),Logistics,USA,Transactional,False,False,34786,111.58,1.4344,1.2147,1.1827,42255.1,49899.74,-7644.64,-1111.0
2023-10-01,P-AUS,SUP-FRT1,Continental Freightways,Freight (Diesel),Logistics,USA,Strategic,False,True,131895,111.58,1.4344,1.0709,1.0767,141241.78,189196.22,-47954.44,776.17
2023-10-01,P-AUS,SUP-FRT2,RedRiver Logistics,Freight (Diesel),Logistics,USA,Preferred,False,True,67902,111.58,1.4344,1.1346,1.1158,77040.97,97401.48,-20360.51,-1275.9
2023-10-01,P-AUS,SUP-FRT3,QuickHaul Carriers,Freight (Diesel),Logistics,USA,Transactional,False,False,32898,111.58,1.4344,1.1709,1.1827,38520.48,47190.49,-8670.01,389.75
2023-10-01,P-FRS,SUP-FRT1,Continental Freightways,Freight (Diesel),Logistics,USA,Strategic,False,True,43688,111.58,1.4344,1.0991,1.0767,48016.79,62669.2,-14652.41,-974.88
2023-10-01,P-FRS,SUP-FRT2,RedRiver Logistics,Freight (Diesel),Logistics,USA,Preferred,False,True,22735,111.58,1.4344,1.152,1.1158,26190.98,32612.61,-6421.63,-822.81
2023-10-01,P-FRS,SUP-FRT3,QuickHaul Carriers,Freight (Diesel),Logistics,USA,Transactional,False,False,10673,111.58,1.4344,1.2269,1.1827,13095.49,15310.79,-2215.31,-471.2
2023-10-01,P-GRN,SUP-FRT1,Continental Freightways,Freight (Diesel),Logistics,USA,Strategic,False,True,199538,111.58,1.4344,1.0551,1.0767,210527.37,286226.95,-75699.59,4325.58
2023-10-01,P-GRN,SUP-FRT2,RedRiver Logistics,Freight (Diesel),Logistics,USA,Preferred,False,True,101848,111.58,1.4344,1.1275,1.1158,114833.11,146096.44,-31263.34,-1190.0
2023-10-01,P-GRN,SUP-FRT3,QuickHaul Carriers,Freight (Diesel),Logistics,USA,Transactional,False,False,47899,111.58,1.4344,1.1987,1.1827,57416.55,68708.96,-11292.41,-763.58
2023-10-01,P-GRP,SUP-FRT1,Continental Freightways,Freight (Diesel),Logistics,USA,Strategic,False,True,84813,111.58,1.4344,1.0869,1.0767,92179.6,121659.37,-29479.77,-857.41
2023-10-01,P-GRP,SUP-FRT2,RedRiver Logistics,Freight (Diesel),Logistics,USA,Preferred,False,True,45403,111.58,1.4344,1.1074,1.1158,50279.78,65128.47,-14848.69,381.29
2023-10-01,P-GRP,SUP-FRT3,QuickHaul Carriers,Freight (Diesel),Logistics,USA,Transactional,False,False,21222,111.58,1.4344,1.1846,1.1827,25139.89,30442.16,-5302.27,-39.25
2023-10-01,P-PHX,SUP-FRT1,Continental Freightways,Freight (Diesel),Logistics,USA,Strategic,False,True,49826,111.58,1.4344,1.0834,1.0767,53981.68,71472.63,-17490.95,-331.58
2023-10-01,P-PHX,SUP-FRT2,RedRiver Logistics,Freight (Diesel),Logistics,USA,Preferred,False,True,26084,111.58,1.4344,1.1288,1.1158,29444.55,37417.17,-7972.62,-339.1
2023-10-01,P-PHX,SUP-FRT3,QuickHaul Carriers,Freight (Diesel),Logistics,USA,Transactional,False,False,12711,111.58,1.4344,1.1582,1.1827,14722.28,18233.44,-3511.16,311.84
2023-10-01,P-TOL,SUP-FRT1,Continental Freightways,Freight (Diesel),Logistics,USA,Strategic,False,True,84726,111.58,1.4344,1.1055,1.0767,93665.23,121535.1,-27869.87,-2436.32
2023-10-01,P-TOL,SUP-FRT2,RedRiver Logistics,Freight (Diesel),Logistics,USA,Preferred,False,True,46540,111.58,1.4344,1.0978,1.1158,51090.13,66759.54,-15669.41,839.69
2023-10-01,P-TOL,SUP-FRT3,QuickHaul Carriers,Freight (Diesel),Logistics,USA,Transactional,False,False,21673,111.58,1.4344,1.1786,1.1827,25545.06,31090.05,-5544.99,89.79
2023-11-01,D-MEM,SUP-FRT1,Continental Freightways,Freight (Diesel),Logistics,USA,Strategic,False,True,211741,107.73,1.4344,1.0215,1.0396,216301.82,303730.86,-87429.04,3823.5
2023-11-01,D-MEM,SUP-FRT2,RedRiver Logistics,Freight (Diesel),Logistics,USA,Preferred,False,True,112221,107.73,1.4344,1.0513,1.0773,117982.81,160974.9,-42992.09,2913.19
2023-11-01,D-MEM,SUP-FRT3,QuickHaul Carriers,Freight (Diesel),Logistics,USA,Transactional,False,False,53133,107.73,1.4344,1.1102,1.1419,58991.4,76217.5,-17226.1,1684.23
2023-11-01,D-REN,SUP-FRT1,Continental Freightways,Freight (Diesel),Logistics,USA,Strategic,False,True,133092,107.73,1.4344,1.0022,1.0396,133387.88,190913.78,-57525.91,4974.61
2023-11-01,D-REN,SUP-FRT2,RedRiver Logistics,Freight (Diesel),Logistics,USA,Preferred,False,True,67868,107.73,1.4344,1.072,1.0773,72757.02,97352.85,-24595.82,357.29
2023-11-01,D-REN,SUP-FRT3,QuickHaul Carriers,Freight (Diesel),Logistics,USA,Transactional,False,False,33555,107.73,1.4344,1.0841,1.1419,36378.51,48132.91,-11754.4,1939.39
2023-11-01,P-AUS,SUP-FRT1,Continental Freightways,Freight (Diesel),Logistics,USA,Strategic,False,True,153216,107.73,1.4344,1.0297,1.0396,157761.81,219779.5,-62017.69,1520.76
2023-11-01,P-AUS,SUP-FRT2,RedRiver Logistics,Freight (Diesel),Logistics,USA,Preferred,False,True,82149,107.73,1.4344,1.0475,1.0773,86051.9,117839.3,-31787.4,2448.24
2023-11-01,P-AUS,SUP-FRT3,QuickHaul Carriers,Freight (Diesel),Logistics,USA,Transactional,False,False,38824,107.73,1.4344,1.1082,1.1419,43025.95,55690.95,-12665.0,1308.8
2023-11-01,P-FRS,SUP-FRT1,Continental Freightways,Freight (Diesel),Logistics,USA,Strategic,False,True,48864,107.73,1.4344,0.9983,1.0396,48780.42,70093.13,-21312.72,2018.75
2023-11-01,P-FRS,SUP-FRT2,RedRiver Logistics,Freight (Diesel),Logistics,USA,Preferred,False,True,24787,107.73,1.4344,1.0734,1.0773,26607.5,35556.49,-8948.99,96.27
2023-11-01,P-FRS,SUP-FRT3,QuickHaul Carriers,Freight (Diesel),Logistics,USA,Transactional,False,False,11655,107.73,1.4344,1.1414,1.1419,13303.75,16718.94,-3415.19,5.95
2023-11-01,P-GRN,SUP-FRT1,Continental Freightways,Freight (Diesel),Logistics,USA,Strategic,False,True,241347,107.73,1.4344,1.0448,1.0396,252157.41,346199.21,-94041.8,-1253.65
2023-11-01,P-GRN,SUP-FRT2,RedRiver Logistics,Freight (Diesel),Logistics,USA,Preferred,False,True,130619,107.73,1.4344,1.053,1.0773,137540.4,187366.24,-49825.84,3176.13
2023-11-01,P-GRN,SUP-FRT3,QuickHaul Carriers,Freight (Diesel),Logistics,USA,Transactional,False,False,59979,107.73,1.4344,1.1466,1.1419,68770.2,86036.73,-17266.53,-277.62
2023-11-01,P-GRP,SUP-FRT1,Continental Freightways,Freight (Diesel),Logistics,USA,Strategic,False,True,100843,107.73,1.4344,1.0431,1.0396,105192.3,144654.01,-39461.71,-356.03
2023-11-01,P-GRP,SUP-FRT2,RedRiver Logistics,Freight (Diesel),Logistics,USA,Preferred,False,True,52475,107.73,1.4344,1.0934,1.0773,57377.62,75273.75,-17896.13,-845.23
2023-11-01,P-GRP,SUP-FRT3,QuickHaul Carriers,Freight (Diesel),Logistics,USA,Transactional,False,False,24520,107.73,1.4344,1.17,1.1419,28688.81,35173.6,-6484.79,-687.62
2023-11-01,P-PHX,SUP-FRT1,Continental Freightways,Freight (Diesel),Logistics,USA,Strategic,False,True,49617,107.73,1.4344,1.0549,1.0396,52342.66,71172.83,-18830.17,-761.0
2023-11-01,P-PHX,SUP-FRT2,RedRiver Logistics,Freight (Diesel),Logistics,USA,Preferred,False,True,26377,107.73,1.4344,1.0824,1.0773,28550.54,37837.35,-9286.8,-133.79
2023-11-01,P-PHX,SUP-FRT3,QuickHaul Carriers,Freight (Diesel),Logistics,USA,Transactional,False,False,12714,107.73,1.4344,1.1227,1.1419,14275.27,18238.34,-3963.07,244.0
2023-11-01,P-TOL,SUP-FRT1,Continental Freightways,Freight (Diesel),Logistics,USA,Strategic,False,True,84279,107.73,1.4344,1.0642,1.0396,89691.17,120894.38,-31203.22,-2074.4
2023-11-01,P-TOL,SUP-FRT2,RedRiver Logistics,Freight (Diesel),Logistics,USA,Preferred,False,True,44964,107.73,1.4344,1.088,1.0773,48922.46,64498.77,-15576.32,-482.33
2023-11-01,P-TOL,SUP-FRT3,QuickHaul Carriers,Freight (Diesel),Logistics,USA,Transactional,False,False,21510,107.73,1.4344,1.1372,1.1419,24461.23,30856.24,-6395.01,102.97
2023-12-01,D-MEM,SUP-FRT1,Continental Freightways,Freight (Diesel),Logistics,USA,Strategic,False,True,239194,93.6,1.4344,0.9,0.9032,215266.48,343110.47,-127843.99,783.5
2023-12-01,D-MEM,SUP-FRT2,RedRiver Logistics,Freight (Diesel),Logistics,USA,Preferred,False,True,125253,93.6,1.4344,0.9374,0.936,117418.08,179668.5,-62250.42,-181.03
2023-12-01,D-MEM,SUP-FRT3,QuickHaul Carriers,Freight (Diesel),Logistics,USA,Transactional,False,False,57071,93.6,1.4344,1.0287,0.9922,58709.04,81865.81,-23156.77,-2084.93
2023-12-01,D-REN,SUP-FRT1,Continental Freightways,Freight (Diesel),Logistics,USA,Strategic,False,True,193447,93.6,1.4344,0.8932,0.9032,172790.57,277488.69,-104698.12,1938.65
2023-12-01,D-REN,SUP-FRT2,RedRiver Logistics,Freight (Diesel),Logistics,USA,Preferred,False,True,101225,93.6,1.4344,0.9311,0.936,94249.4,145201.63,-50952.22,497.37
2023-12-01,D-REN,SUP-FRT3,QuickHaul Carriers,Freight (Diesel),Logistics,USA,Transactional,False,False,48081,93.6,1.4344,0.9801,0.9922,47124.7,68970.57,-21845.86,580.16
2023-12-01,P-AUS,SUP-FRT1,Continental Freightways,Freight (Diesel),Logistics,USA,Strategic,False,True,164379,93.6,1.4344,0.9134,0.9032,150144.74,235792.29,-85647.54,-1670.93
2023-12-01,P-AUS,SUP-FRT2,RedRiver Logistics,Freight (Diesel),Logistics,USA,Preferred,False,True,87223,93.6,1.4344,0.9389,0.936,81897.13,125116.66,-43219.53,-256.17
2023-12-01,P-AUS,SUP-FRT3,QuickHaul Carriers,Freight (Diesel),Logistics,USA,Transactional,False,False,40974,93.6,1.4344,0.9994,0.9922,40948.57,58775.78,-17827.21,-295.13
2023-12-01,P-FRS,SUP-FRT1,Continental Freightways,Freight (Diesel),Logistics,USA,Strategic,False,True,57801,93.6,1.4344,0.8558,0.9032,49465.75,82912.78,-33447.03,2742.81
2023-12-01,P-FRS,SUP-FRT2,RedRiver Logistics,Freight (Diesel),Logistics,USA,Preferred,False,True,28390,93.6,1.4344,0.9504,0.936,26981.32,40724.27,-13742.95,-407.97
2023-12-01,P-FRS,SUP-FRT3,QuickHaul Carriers,Freight (Diesel),Logistics,USA,Transactional,False,False,13414,93.6,1.4344,1.0057,0.9922,13490.66,19242.06,-5751.4,-181.51
2023-12-01,P-GRN,SUP-FRT1,Continental Freightways,Freight (Diesel),Logistics,USA,Strategic,False,True,254496,93.6,1.4344,0.9137,0.9032,232522.63,365059.81,-132537.18,-2651.57
2023-12-01,P-GRN,SUP-FRT2,RedRiver Logistics,Freight (Diesel),Logistics,USA,Preferred,False,True,138389,93.6,1.4344,0.9165,0.936,126830.53,198512.01,-71681.48,2702.27
2023-12-01,P-GRN,SUP-FRT3,QuickHaul Carriers,Freight (Diesel),Logistics,USA,Transactional,False,False,63346,93.6,1.4344,1.0011,0.9922,63415.26,90867.27,-27452.01,-565.11
2023-12-01,P-GRP,SUP-FRT1,Continental Freightways,Freight (Diesel),Logistics,USA,Strategic,False,True,101821,93.6,1.4344,0.8919,0.9032,90817.71,146057.15,-55239.44,1151.63
2023-12-01,P-GRP,SUP-FRT2,RedRiver Logistics,Freight (Diesel),Logistics,USA,Preferred,False,True,52067,93.6,1.4344,0.9514,0.936,49536.93,74687.12,-25150.19,-802.19
2023-12-01,P-GRP,SUP-FRT3,QuickHaul Carriers,Freight (Diesel),Logistics,USA,Transactional,False,False,25269,93.6,1.4344,0.9802,0.9922,24768.47,36247.67,-11479.2,302.95
2023-12-01,P-PHX,SUP-FRT1,Continental Freightways,Freight (Diesel),Logistics,USA,Strategic,False,True,50947,93.6,1.4344,0.9147,0.9032,46599.73,73080.81,-26481.08,-582.17
2023-12-01,P-PHX,SUP-FRT2,RedRiver Logistics,Freight (Diesel),Logistics,USA,Preferred,False,True,27606,93.6,1.4344,0.9207,0.936,25418.03,39599.65,-14181.61,421.48
2023-12-01,P-PHX,SUP-FRT3,QuickHaul Carriers,Freight (Diesel),Logistics,USA,Transactional,False,False,12937,93.6,1.4344,0.9823,0.9922,12709.02,18558.8,-5849.78,127.54
2023-12-01,P-TOL,SUP-FRT1,Continental Freightways,Freight (Diesel),Logistics,USA,Strategic,False,True,105538,93.6,1.4344,0.928,0.9032,97935.6,151388.79,-53453.2,-2609.02
2023-12-01,P-TOL,SUP-FRT2,RedRiver Logistics,Freight (Diesel),Logistics,USA,Preferred,False,True,55727,93.6,1.4344,0.9586,0.936,53419.42,79937.58,-26518.16,-1258.65
2023-12-01,P-TOL,SUP-FRT3,QuickHaul Carriers,Freight (Diesel),Logistics,USA,Transactional,False,False,27358,93.6,1.4344,0.9763,0.9922,26709.71,39244.75,-12535.04,434.7
2024-01-01,D-MEM,SUP-FRT1,Continental Freightways,Freight (Diesel),Logistics,USA,Strategic,False,True,249809,89.49,1.0775,0.8511,0.8636,212607.26,269165.45,-56558.19,3122.76
2024-01-01,D-MEM,SUP-FRT2,RedRiver Logistics,Freight (Diesel),Logistics,USA,Preferred,False,True,129903,89.49,1.0775,0.8927,0.8949,115967.6,139968.57,-24000.97,282.81
2024-01-01,D-MEM,SUP-FRT3,QuickHaul Carriers,Freight (Diesel),Logistics,USA,Transactional,False,False,61894,89.49,1.0775,0.9368,0.9486,57983.8,66689.79,-8705.99,728.51
2024-01-01,D-REN,SUP-FRT1,Continental Freightways,Freight (Diesel),Logistics,USA,Strategic,False,True,202863,89.49,1.0775,0.8412,0.8636,170655.07,218582.36,-47927.3,4533.75
2024-01-01,D-REN,SUP-FRT2,RedRiver Logistics,Freight (Diesel),Logistics,USA,Preferred,False,True,102112,89.49,1.0775,0.9116,0.8949,93084.58,110024.97,-16940.39,-1703.73
2024-01-01,D-REN,SUP-FRT3,QuickHaul Carriers,Freight (Diesel),Logistics,USA,Transactional,False,False,49806,89.49,1.0775,0.9345,0.9486,46542.29,53665.75,-7123.46,703.93
2024-01-01,P-AUS,SUP-FRT1,Continental Freightways,Freight (Diesel),Logistics,USA,Strategic,False,True,155955,89.49,1.0775,0.8777,0.8636,136879.12,168039.78,-31160.66,-2199.04
2024-01-01,P-AUS,SUP-FRT2,RedRiver Logistics,Freight (Diesel),Logistics,USA,Preferred,False,True,83527,89.49,1.0775,0.8939,0.8949,74661.34,89999.13,-15337.79,87.12
2024-01-01,P-AUS,SUP-FRT3,QuickHaul Carriers,Freight (Diesel),Logistics,USA,Transactional,False,False,39651,89.49,1.0775,0.9415,0.9486,37330.67,42723.84,-5393.17,282.52
2024-01-01,P-FRS,SUP-FRT1,Continental Freightways,Freight (Diesel),Logistics,USA,Strategic,False,True,52903,89.49,1.0775,0.8606,0.8636,45528.39,57002.58,-11474.19,157.89
2024-01-01,P-FRS,SUP-FRT2,RedRiver Logistics,Freight (Diesel),Logistics,USA,Preferred,False,True,27476,89.49,1.0775,0.9038,0.8949,24833.67,29605.96,-4772.29,-244.54
2024-01-01,P-FRS,SUP-FRT3,QuickHaul Carriers,Freight (Diesel),Logistics,USA,Transactional,False,False,13081,89.49,1.0775,0.9492,0.9486,12416.83,14095.53,-1678.7,-7.42
2024-01-01,P-GRN,SUP-FRT1,Continental Freightways,Freight (Diesel),Logistics,USA,Strategic,False,True,255508,89.49,1.0775,0.8632,0.8636,220546.35,275306.58,-54760.23,105.64
2024-01-01,P-GRN,SUP-FRT2,RedRiver Logistics,Freight (Diesel),Logistics,USA,Preferred,False,True,132835,89.49,1.0775,0.9056,0.8949,120298.01,143127.74,-22829.73,-1423.77
2024-01-01,P-GRN,SUP-FRT3,QuickHaul Carriers,Freight (Diesel),Logistics,USA,Transactional,False,False,61369,89.49,1.0775,0.9801,0.9486,60149.0,66124.17,-5975.16,-1934.66
2024-01-01,P-GRP,SUP-FRT1,Continental Freightways,Freight (Diesel),Logistics,USA,Strategic,False,True,105937,89.49,1.0775,0.8585,0.8636,90947.37,114145.76,-23198.4,537.88
2024-01-01,P-GRP,SUP-FRT2,RedRiver Logistics,Freight (Diesel),Logistics,USA,Preferred,False,True,55245,89.49,1.0775,0.8979,0.8949,49607.66,59526.54,-9918.89,-168.09
2024-01-01,P-GRP,SUP-FRT3,QuickHaul Carriers,Freight (Diesel),Logistics,USA,Transactional,False,False,25955,89.49,1.0775,0.9556,0.9486,24803.83,27966.69,-3162.86,-182.53
2024-01-01,P-PHX,SUP-FRT1,Continental Freightways,Freight (Diesel),Logistics,USA,Strategic,False,True,61160,89.49,1.0775,0.8428,0.8636,51549.08,65899.92,-14350.84,1268.22
2024-01-01,P-PHX,SUP-FRT2,RedRiver Logistics,Freight (Diesel),Logistics,USA,Preferred,False,True,31412,89.49,1.0775,0.8951,0.8949,28117.68,33846.86,-5729.18,-6.29
2024-01-01,P-PHX,SUP-FRT3,QuickHaul Carriers,Freight (Diesel),Logistics,USA,Transactional,False,False,15292,89.49,1.0775,0.9193,0.9486,14058.84,16477.67,-2418.83,447.76
2024-01-01,P-TOL,SUP-FRT1,Continental Freightways,Freight (Diesel),Logistics,USA,Strategic,False,True,99870,89.49,1.0775,0.8549,0.8636,85378.86,107608.42,-22229.56,866.86
2024-01-01,P-TOL,SUP-FRT2,RedRiver Logistics,Freight (Diesel),Logistics,USA,Preferred,False,True,52003,89.49,1.0775,0.8955,0.8949,46570.29,56032.73,-9462.45,-32.5
2024-01-01,P-TOL,SUP-FRT3,QuickHaul Carriers,Freight (Diesel),Logistics,USA,Transactional,False,False,24527,89.49,1.0775,0.9494,0.9486,23285.14,26427.67,-3142.53,-18.77
2024-02-01,D-MEM,SUP-FRT1,Continental Freightways,Freight (Diesel),Logistics,USA,Strategic,False,True,202542,104.96,1.0775,1.0164,1.0129,205866.12,218236.54,-12370.42,-717.76
2024-02-01,D-MEM,SUP-FRT2,RedRiver Logistics,Freight (Diesel),Logistics,USA,Preferred,False,True,106221,104.96,1.0775,1.0571,1.0496,112290.61,114451.56,-2160.95,-800.85
2024-02-01,D-MEM,SUP-FRT3,QuickHaul Carriers,Freight (Diesel),Logistics,USA,Transactional,False,False,50062,104.96,1.0775,1.1215,1.1126,56145.31,53941.15,2204.16,-447.34
2024-02-01,D-REN,SUP-FRT1,Continental Freightways,Freight (Diesel),Logistics,USA,Strategic,False,True,164310,104.96,1.0775,1.0229,1.0129,168068.61,177041.59,-8972.98,-1644.64
2024-02-01,D-REN,SUP-FRT2,RedRiver Logistics,Freight (Diesel),Logistics,USA,Preferred,False,True,86930,104.96,1.0775,1.0546,1.0496,91673.79,93666.36,-1992.57,-431.35
2024-02-01,D-REN,SUP-FRT3,QuickHaul Carriers,Freight (Diesel),Logistics,USA,Transactional,False,False,41006,104.96,1.0775,1.1178,1.1126,45836.89,44184.27,1652.63,-213.59
2024-02-01,P-AUS,SUP-FRT1,Continental Freightways,Freight (Diesel),Logistics,USA,Strategic,False,True,133722,104.96,1.0775,0.9929,1.0129,132774.03,144083.28,-11309.26,2668.23
2024-02-01,P-AUS,SUP-FRT2,RedRiver Logistics,Freight (Diesel),Logistics,USA,Preferred,False,True,69221,104.96,1.0775,1.0462,1.0496,72422.2,74584.68,-2162.48,232.36
2024-02-01,P-AUS,SUP-FRT3,QuickHaul Carriers,Freight (Diesel),Logistics,USA,Transactional,False,False,32962,104.96,1.0775,1.0986,1.1126,36211.1,35516.67,694.43,462.32
2024-02-01,P-FRS,SUP-FRT1,Continental Freightways,Freight (Diesel),Logistics,USA,Strategic,False,True,39572,104.96,1.0775,1.0176,1.0129,40267.88,42638.72,-2370.83,-186.31
2024-02-01,P-FRS,SUP-FRT2,RedRiver Logistics,Freight (Diesel),Logistics,USA,Preferred,False,True,20771,104.96,1.0775,1.0574,1.0496,21964.3,22380.66,-416.36,-162.81
2024-02-01,P-FRS,SUP-FRT3,QuickHaul Carriers,Freight (Diesel),Logistics,USA,Transactional,False,False,9865,104.96,1.0775,1.1132,1.1126,10982.15,10629.77,352.38,-6.18
2024-02-01,P-GRN,SUP-FRT1,Continental Freightways,Freight (Diesel),Logistics,USA,Strategic,False,True,211921,104.96,1.0775,0.9832,1.0129,208363.61,228342.1,-19978.49,6284.25
2024-02-01,P-GRN,SUP-FRT2,RedRiver Logistics,Freight (Diesel),Logistics,USA,Preferred,False,True,110416,104.96,1.0775,1.0293,1.0496,113652.88,118971.86,-5318.99,2240.21
2024-02-01,P-GRN,SUP-FRT3,QuickHaul Carriers,Freight (Diesel),Logistics,USA,Transactional,False,False,50924,104.96,1.0775,1.1159,1.1126,56826.44,54870.52,1955.92,-168.83
2024-02-01,P-GRP,SUP-FRT1,Continental Freightways,Freight (Diesel),Logistics,USA,Strategic,False,True,76468,104.96,1.0775,1.01,1.0129,77231.04,82393.46,-5162.42,221.08
2024-02-01,P-GRP,SUP-FRT2,RedRiver Logistics,Freight (Diesel),Logistics,USA,Preferred,False,True,39353,104.96,1.0775,1.0705,1.0496,42126.02,42402.67,-276.65,-820.66
2024-02-01,P-GRP,SUP-FRT3,QuickHaul Carriers,Freight (Diesel),Logistics,USA,Transactional,False,False,18650,104.96,1.0775,1.1294,1.1126,21063.01,20095.11,967.9,-313.42
2024-02-01,P-PHX,SUP-FRT1,Continental Freightways,Freight (Diesel),Logistics,USA,Strategic,False,True,47880,104.96,1.0775,1.036,1.0129,49606.39,51590.5,-1984.11,-1109.9
2024-02-01,P-PHX,SUP-FRT2,RedRiver Logistics,Freight (Diesel),Logistics,USA,Preferred,False,True,25649,104.96,1.0775,1.0549,1.0496,27058.03,27636.79,-578.76,-136.43
2024-02-01,P-PHX,SUP-FRT3,QuickHaul Carriers,Freight (Diesel),Logistics,USA,Transactional,False,False,12169,104.96,1.0775,1.1117,1.1126,13529.02,13112.42,416.6,10.46
2024-02-01,P-TOL,SUP-FRT1,Continental Freightways,Freight (Diesel),Logistics,USA,Strategic,False,True,86662,104.96,1.0775,1.0169,1.0129,88130.41,93377.11,-5246.7,-353.35
2024-02-01,P-TOL,SUP-FRT2,RedRiver Logistics,Freight (Diesel),Logistics,USA,Preferred,False,True,47692,104.96,1.0775,1.0079,1.0496,48071.13,51387.71,-3316.58,1986.76
2024-02-01,P-TOL,SUP-FRT3,QuickHaul Carriers,Freight (Diesel),Logistics,USA,Transactional,False,False,21997,104.96,1.0775,1.0926,1.1126,24035.56,23702.06,333.51,438.45
2024-03-01,D-MEM,SUP-FRT1,Continental Freightways,Freight (Diesel),Logistics,USA,Strategic,False,True,241308,105.15,1.0775,1.0343,1.0147,249588.52,260006.24,-10417.72,-4733.06
2024-03-01,D-MEM,SUP-FRT2,RedRiver Logistics,Freight (Diesel),Logistics,USA,Preferred,False,True,130363,105.15,1.0775,1.0443,1.0515,136139.19,140464.28,-4325.09,937.82
2024-03-01,D-MEM,SUP-FRT3,QuickHaul Carriers,Freight (Diesel),Logistics,USA,Transactional,False,False,60836,105.15,1.0775,1.1189,1.1146,68069.6,65550.04,2519.56,-262.13
2024-03-01,D-REN,SUP-FRT1,Continental Freightways,Freight (Diesel),Logistics,USA,Strategic,False,True,163916,105.15,1.0775,1.0181,1.0147,166876.93,176617.47,-9740.54,-551.11
2024-03-01,D-REN,SUP-FRT2,RedRiver Logistics,Freight (Diesel),Logistics,USA,Preferred,False,True,88853,105.15,1.0775,1.0244,1.0515,91023.78,95738.68,-4714.9,2406.18
2024-03-01,D-REN,SUP-FRT3,QuickHaul Carriers,Freight (Diesel),Logistics,USA,Transactional,False,False,39809,105.15,1.0775,1.1433,1.1146,45511.89,42893.76,2618.13,-1140.94
2024-03-01,P-AUS,SUP-FRT1,Continental Freightways,Freight (Diesel),Logistics,USA,Strategic,False,True,130535,105.15,1.0775,1.0329,1.0147,134826.13,140650.11,-5823.98,-2371.81
2024-03-01,P-AUS,SUP-FRT2,RedRiver Logistics,Freight (Diesel),Logistics,USA,Preferred,False,True,70243,105.15,1.0775,1.047,1.0515,73541.52,75685.72,-2144.2,319.05
2024-03-01,P-AUS,SUP-FRT3,QuickHaul Carriers,Freight (Diesel),Logistics,USA,Transactional,False,False,33136,105.15,1.0775,1.1097,1.1146,36770.76,35703.72,1067.04,162.53
2024-03-01,P-FRS,SUP-FRT1,Continental Freightways,Freight (Diesel),Logistics,USA,Strategic,False,True,39148,105.15,1.0775,1.0159,1.0147,39771.67,42181.41,-2409.74,-48.2
2024-03-01,P-FRS,SUP-FRT2,RedRiver Logistics,Freight (Diesel),Logistics,USA,Preferred,False,True,21092,105.15,1.0775,1.0285,1.0515,21693.64,22726.63,-1032.99,484.94
2024-03-01,P-FRS,SUP-FRT3,QuickHaul Carriers,Freight (Diesel),Logistics,USA,Transactional,False,False,9476,105.15,1.0775,1.1445,1.1146,10846.82,10211.24,635.58,-283.93
2024-03-01,P-GRN,SUP-FRT1,Continental Freightways,Freight (Diesel),Logistics,USA,Strategic,False,True,207966,105.15,1.0775,0.9951,1.0147,206954.99,224080.28,-17125.29,4067.95
2024-03-01,P-GRN,SUP-FRT2,RedRiver Logistics,Freight (Diesel),Logistics,USA,Preferred,False,True,104007,105.15,1.0775,1.0853,1.0515,112884.54,112066.86,817.68,-3520.15
2024-03-01,P-GRN,SUP-FRT3,QuickHaul Carriers,Freight (Diesel),Logistics,USA,Transactional,False,False,48938,105.15,1.0775,1.1533,1.1146,56442.27,52730.79,3711.48,-1895.52
2024-03-01,P-GRP,SUP-FRT1,Continental Freightways,Freight (Diesel),Logistics,USA,Strategic,False,True,80501,105.15,1.0775,1.0217,1.0147,82244.81,86739.47,-4494.66,-559.72
2024-03-01,P-GRP,SUP-FRT2,RedRiver Logistics,Freight (Diesel),Logistics,USA,Preferred,False,True,41009,105.15,1.0775,1.0939,1.0515,44860.8,44187.43,673.38,-1738.95
2024-03-01,P-GRP,SUP-FRT3,QuickHaul Carriers,Freight (Diesel),Logistics,USA,Transactional,False,False,20428,105.15,1.0775,1.098,1.1146,22430.4,22011.52,418.88,339.16
2024-03-01,P-PHX,SUP-FRT1,Continental Freightways,Freight (Diesel),Logistics,USA,Strategic,False,True,45849,105.15,1.0775,1.0422,1.0147,47783.08,49402.06,-1618.97,-1259.72
2024-03-01,P-PHX,SUP-FRT2,RedRiver Logistics,Freight (Diesel),Logistics,USA,Preferred,False,True,25694,105.15,1.0775,1.0144,1.0515,26063.5,27685.37,-1621.87,954.24
2024-03-01,P-PHX,SUP-FRT3,QuickHaul Carriers,Freight (Diesel),Logistics,USA,Transactional,False,False,11829,105.15,1.0775,1.1016,1.1146,13031.75,12746.11,285.64,153.31
2024-03-01,P-TOL,SUP-FRT1,Continental Freightways,Freight (Diesel),Logistics,USA,Strategic,False,True,74814,105.15,1.0775,1.0179,1.0147,76153.37,80611.08,-4457.71,-239.56
2024-03-01,P-TOL,SUP-FRT2,RedRiver Logistics,Freight (Diesel),Logistics,USA,Preferred,False,True,39546,105.15,1.0775,1.0504,1.0515,41538.2,42610.58,-1072.38,44.83
2024-03-01,P-TOL,SUP-FRT3,QuickHaul Carriers,Freight (Diesel),Logistics,USA,Transactional,False,False,18221,105.15,1.0775,1.1398,1.1146,20769.1,19633.8,1135.3,-459.15
2024-04-01,D-MEM,SUP-FRT1,Continental Freightways,Freight (Diesel),Logistics,USA,Strategic,False,True,233902,108.32,1.0775,1.0729,1.0453,250946.66,252026.2,-1079.54,-6451.03
2024-04-01,D-MEM,SUP-FRT2,RedRiver Logistics,Freight (Diesel),Logistics,USA,Preferred,False,True,133078,108.32,1.0775,1.0286,1.0832,136880.0,143390.28,-6510.28,7271.05
2024-04-01,D-MEM,SUP-FRT3,QuickHaul Carriers,Freight (Diesel),Logistics,USA,Transactional,False,False,58796,108.32,1.0775,1.164,1.1482,68440.0,63352.7,5087.3,-929.85
2024-04-01,D-REN,SUP-FRT1,Continental Freightways,Freight (Diesel),Logistics,USA,Strategic,False,True,168321,108.32,1.0775,1.0784,1.0453,181512.73,181363.66,149.07,-5568.24
2024-04-01,D-REN,SUP-FRT2,RedRiver Logistics,Freight (Diesel),Logistics,USA,Preferred,False,True,94143,108.32,1.0775,1.0517,1.0832,99006.94,101438.17,-2431.23,2969.42
2024-04-01,D-REN,SUP-FRT3,QuickHaul Carriers,Freight (Diesel),Logistics,USA,Transactional,False,False,42463,108.32,1.0775,1.1658,1.1482,49503.47,45754.17,3749.3,-746.73
2024-04-01,P-AUS,SUP-FRT1,Continental Freightways,Freight (Diesel),Logistics,USA,Strategic,False,True,123867,108.32,1.0775,1.0636,1.0453,131748.02,133464.86,-1716.84,-2271.11
2024-04-01,P-AUS,SUP-FRT2,RedRiver Logistics,Freight (Diesel),Logistics,USA,Preferred,False,True,66715,108.32,1.0775,1.0771,1.0832,71862.56,71885.21,-22.65,404.05
2024-04-01,P-AUS,SUP-FRT3,QuickHaul Carriers,Freight (Diesel),Logistics,USA,Transactional,False,False,30568,108.32,1.0775,1.1754,1.1482,35931.28,32937.02,2994.26,-832.8
2024-04-01,P-FRS,SUP-FRT1,Continental Freightways,Freight (Diesel),Logistics,USA,Strategic,False,True,43309,108.32,1.0775,1.0348,1.0453,44818.25,46665.51,-1847.25,452.88
2024-04-01,P-FRS,SUP-FRT2,RedRiver Logistics,Freight (Diesel),Logistics,USA,Preferred,False,True,22519,108.32,1.0775,1.0855,1.0832,24446.32,24264.83,181.49,-52.75
2024-04-01,P-FRS,SUP-FRT3,QuickHaul Carriers,Freight (Diesel),Logistics,USA,Transactional,False,False,10372,108.32,1.0775,1.1784,1.1482,12223.16,11176.17,1046.99,-313.56
2024-04-01,P-GRN,SUP-FRT1,Continental Freightways,Freight (Diesel),Logistics,USA,Strategic,False,True,187011,108.32,1.0775,1.0284,1.0453,192315.77,201501.5,-9185.74,3164.85
2024-04-01,P-GRN,SUP-FRT2,RedRiver Logistics,Freight (Diesel),Logistics,USA,Preferred,False,True,94879,108.32,1.0775,1.1056,1.0832,104899.51,102230.67,2668.83,-2126.44
2024-04-01,P-GRN,SUP-FRT3,QuickHaul Carriers,Freight (Diesel),Logistics,USA,Transactional,False,False,45683,108.32,1.0775,1.1481,1.1482,52449.75,49223.48,3226.27,3.96
2024-04-01,P-GRP,SUP-FRT1,Continental Freightways,Freight (Diesel),Logistics,USA,Strategic,False,True,83451,108.32,1.0775,1.0781,1.0453,89965.1,89917.67,47.43,-2734.18
2024-04-01,P-GRP,SUP-FRT2,RedRiver Logistics,Freight (Diesel),Logistics,USA,Preferred,False,True,45318,108.32,1.0775,1.0828,1.0832,49071.87,48829.52,242.35,16.72
2024-04-01,P-GRP,SUP-FRT3,QuickHaul Carriers,Freight (Diesel),Logistics,USA,Transactional,False,False,21212,108.32,1.0775,1.1567,1.1482,24535.94,22856.08,1679.86,-179.95
2024-04-01,P-PHX,SUP-FRT1,Continental Freightways,Freight (Diesel),Logistics,USA,Strategic,False,True,41884,108.32,1.0775,1.0333,1.0453,43278.49,45129.45,-1850.96,502.49
2024-04-01,P-PHX,SUP-FRT2,RedRiver Logistics,Freight (Diesel),Logistics,USA,Preferred,False,True,21566,108.32,1.0775,1.0946,1.0832,23606.45,23237.17,369.29,-246.0
2024-04-01,P-PHX,SUP-FRT3,QuickHaul Carriers,Freight (Diesel),Logistics,USA,Transactional,False,False,10689,108.32,1.0775,1.1042,1.1482,11803.23,11517.71,285.52,470.32
2024-04-01,P-TOL,SUP-FRT1,Continental Freightways,Freight (Diesel),Logistics,USA,Strategic,False,True,75322,108.32,1.0775,1.0352,1.0453,77970.94,81158.2,-3187.26,762.24
2024-04-01,P-TOL,SUP-FRT2,RedRiver Logistics,Freight (Diesel),Logistics,USA,Preferred,False,True,39626,108.32,1.0775,1.0733,1.0832,42529.6,42696.67,-167.07,393.6
2024-04-01,P-TOL,SUP-FRT3,QuickHaul Carriers,Freight (Diesel),Logistics,USA,Transactional,False,False,18817,108.32,1.0775,1.13,1.1482,21264.8,20275.96,988.84,341.75
2024-05-01,D-MEM,SUP-FRT1,Continental Freightways,Freight (Diesel),Logistics,USA,Strategic,False,True,256228,87.3,1.0775,0.8598,0.8424,220311.26,276081.76,-55770.5,-4452.98
2024-05-01,D-MEM,SUP-FRT2,RedRiver Logistics,Freight (Diesel),Logistics,USA,Preferred,False,True,143878,87.3,1.0775,0.8352,0.873,120169.78,155026.87,-34857.1,5436.31
2024-05-01,D-MEM,SUP-FRT3,QuickHaul Carriers,Freight (Diesel),Logistics,USA,Transactional,False,False,64102,87.3,1.0775,0.9373,0.9254,60084.89,69069.86,-8984.97,-765.3
2024-05-01,D-REN,SUP-FRT1,Continental Freightways,Freight (Diesel),Logistics,USA,Strategic,False,True,203996,87.3,1.0775,0.8451,0.8424,172390.33,219802.64,-47412.31,-534.65
2024-05-01,D-REN,SUP-FRT2,RedRiver Logistics,Freight (Diesel),Logistics,USA,Preferred,False,True,109094,87.3,1.0775,0.8619,0.873,94031.09,117547.46,-23516.36,1208.37
2024-05-01,D-REN,SUP-FRT3,QuickHaul Carriers,Freight (Diesel),Logistics,USA,Transactional,False,False,49738,87.3,1.0775,0.9453,0.9254,47015.55,53592.09,-6576.55,-988.8
2024-05-01,P-AUS,SUP-FRT1,Continental Freightways,Freight (Diesel),Logistics,USA,Strategic,False,True,181668,87.3,1.0775,0.8379,0.8424,152220.46,195744.3,-43523.84,824.88
2024-05-01,P-AUS,SUP-FRT2,RedRiver Logistics,Freight (Diesel),Logistics,USA,Preferred,False,True,92894,87.3,1.0775,0.8938,0.873,83029.34,100092.06,-17062.72,-1932.62
2024-05-01,P-AUS,SUP-FRT3,QuickHaul Carriers,Freight (Diesel),Logistics,USA,Transactional,False,False,44175,87.3,1.0775,0.9398,0.9254,41514.67,47598.67,-6084.0,-635.29
2024-05-01,P-FRS,SUP-FRT1,Continental Freightways,Freight (Diesel),Logistics,USA,Strategic,False,True,51699,87.3,1.0775,0.8815,0.8424,45572.43,55705.57,-10133.14,-2018.27
2024-05-01,P-FRS,SUP-FRT2,RedRiver Logistics,Freight (Diesel),Logistics,USA,Preferred,False,True,28197,87.3,1.0775,0.8815,0.873,24857.69,30382.68,-5524.99,-241.0
2024-05-01,P-FRS,SUP-FRT3,QuickHaul Carriers,Freight (Diesel),Logistics,USA,Transactional,False,False,13387,87.3,1.0775,0.9284,0.9254,12428.85,14424.82,-1995.97,-40.31
2024-05-01,P-GRN,SUP-FRT1,Continental Freightways,Freight (Diesel),Logistics,USA,Strategic,False,True,243430,87.3,1.0775,0.8291,0.8424,201832.91,262292.4,-60459.5,3243.98
2024-05-01,P-GRN,SUP-FRT2,RedRiver Logistics,Freight (Diesel),Logistics,USA,Preferred,False,True,127228,87.3,1.0775,0.8653,0.873,110090.68,137086.05,-26995.38,979.37
2024-05-01,P-GRN,SUP-FRT3,QuickHaul Carriers,Freight (Diesel),Logistics,USA,Transactional,False,False,60857,87.3,1.0775,0.9045,0.9254,55045.34,65572.78,-10527.44,1270.83
2024-05-01,P-GRP,SUP-FRT1,Continental Freightways,Freight (Diesel),Logistics,USA,Strategic,False,True,92037,87.3,1.0775,0.8795,0.8424,80944.86,99169.02,-18224.16,-3408.22
2024-05-01,P-GRP,SUP-FRT2,RedRiver Logistics,Freight (Diesel),Logistics,USA,Preferred,False,True,51072,87.3,1.0775,0.8645,0.873,44151.74,55029.23,-10877.49,434.11
2024-05-01,P-GRP,SUP-FRT3,QuickHaul Carriers,Freight (Diesel),Logistics,USA,Transactional,False,False,24285,87.3,1.0775,0.909,0.9254,22075.87,26167.73,-4091.86,397.88
2024-05-01,P-PHX,SUP-FRT1,Continental Freightways,Freight (Diesel),Logistics,USA,Strategic,False,True,57079,87.3,1.0775,0.8361,0.8424,47721.43,61501.81,-13780.37,364.59
2024-05-01,P-PHX,SUP-FRT2,RedRiver Logistics,Freight (Diesel),Logistics,USA,Preferred,False,True,29260,87.3,1.0775,0.8896,0.873,26029.87,31527.37,-5497.49,-485.73
2024-05-01,P-PHX,SUP-FRT3,QuickHaul Carriers,Freight (Diesel),Logistics,USA,Transactional,False,False,13869,87.3,1.0775,0.9384,0.9254,13014.94,14943.67,-1928.74,-180.79
2024-05-01,P-TOL,SUP-FRT1,Continental Freightways,Freight (Diesel),Logistics,USA,Strategic,False,True,89200,87.3,1.0775,0.8556,0.8424,76320.93,96112.02,-19791.1,-1174.43
2024-05-01,P-TOL,SUP-FRT2,RedRiver Logistics,Freight (Diesel),Logistics,USA,Preferred,False,True,49514,87.3,1.0775,0.8407,0.873,41629.6,53351.45,-11721.85,1596.89
2024-05-01,P-TOL,SUP-FRT3,QuickHaul Carriers,Freight (Diesel),Logistics,USA,Transactional,False,False,22423,87.3,1.0775,0.9283,0.9254,20814.8,24160.84,-3346.04,-64.63
2024-06-01,D-MEM,SUP-FRT1,Continental Freightways,Freight (Diesel),Logistics,USA,Strategic,False,True,256614,83.98,1.0775,0.8152,0.8104,209199.66,276497.54,-67297.88,-1237.7
2024-06-01,D-MEM,SUP-FRT2,RedRiver Logistics,Freight (Diesel),Logistics,USA,Preferred,False,True,134499,83.98,1.0775,0.8484,0.8398,114108.9,144920.45,-30811.55,-1156.63
2024-06-01,D-MEM,SUP-FRT3,QuickHaul Carriers,Freight (Diesel),Logistics,USA,Transactional,False,False,67556,83.98,1.0775,0.8445,0.8902,57054.45,72790.7,-15736.25,3083.28
2024-06-01,D-REN,SUP-FRT1,Continental Freightways,Freight (Diesel),Logistics,USA,Strategic,False,True,199096,83.98,1.0775,0.8026,0.8104,159797.96,214523.52,-54725.56,1551.51
2024-06-01,D-REN,SUP-FRT2,RedRiver Logistics,Freight (Diesel),Logistics,USA,Preferred,False,True,105762,83.98,1.0775,0.8241,0.8398,87162.52,113957.41,-26794.88,1656.88
2024-06-01,D-REN,SUP-FRT3,QuickHaul Carriers,Freight (Diesel),Logistics,USA,Transactional,False,False,47681,83.98,1.0775,0.914,0.8902,43581.26,51375.9,-7794.64,-1135.87
2024-06-01,P-AUS,SUP-FRT1,Continental Freightways,Freight (Diesel),Logistics,USA,Strategic,False,True,189793,83.98,1.0775,0.7654,0.8104,145274.14,204498.94,-59224.8,8535.55
2024-06-01,P-AUS,SUP-FRT2,RedRiver Logistics,Freight (Diesel),Logistics,USA,Preferred,False,True,97393,83.98,1.0775,0.8136,0.8398,79240.44,104940.14,-25699.7,2550.83
2024-06-01,P-AUS,SUP-FRT3,QuickHaul Carriers,Freight (Diesel),Logistics,USA,Transactional,False,False,43280,83.98,1.0775,0.9154,0.8902,39620.22,46634.32,-7014.1,-1092.19
2024-06-01,P-FRS,SUP-FRT1,Continental Freightways,Freight (Diesel),Logistics,USA,Strategic,False,True,50145,83.98,1.0775,0.8186,0.8104,41050.98,54030.45,-12979.47,-413.09
2024-06-01,P-FRS,SUP-FRT2,RedRiver Logistics,Freight (Diesel),Logistics,USA,Preferred,False,True,26901,83.98,1.0775,0.8324,0.8398,22391.44,28985.44,-6593.99,200.06
2024-06-01,P-FRS,SUP-FRT3,QuickHaul Carriers,Freight (Diesel),Logistics,USA,Transactional,False,False,13201,83.98,1.0775,0.8481,0.8902,11195.72,14224.0,-3028.28,555.77
2024-06-01,P-GRN,SUP-FRT1,Continental Freightways,Freight (Diesel),Logistics,USA,Strategic,False,True,275584,83.98,1.0775,0.8142,0.8104,224376.06,296938.16,-72562.1,-1040.11
2024-06-01,P-GRN,SUP-FRT2,RedRiver Logistics,Freight (Diesel),Logistics,USA,Preferred,False,True,142449,83.98,1.0775,0.8592,0.8398,122386.94,153486.8,-31099.86,-2757.98
2024-06-01,P-GRN,SUP-FRT3,QuickHaul Carriers,Freight (Diesel),Logistics,USA,Transactional,False,False,67124,83.98,1.0775,0.9116,0.8902,61193.47,72325.32,-11131.85,-1440.22
2024-06-01,P-GRP,SUP-FRT1,Continental Freightways,Freight (Diesel),Logistics,USA,Strategic,False,True,114309,83.98,1.0775,0.8011,0.8104,91570.41,123166.46,-31596.05,1066.72
2024-06-01,P-GRP,SUP-FRT2,RedRiver Logistics,Freight (Diesel),Logistics,USA,Preferred,False,True,59197,83.98,1.0775,0.8437,0.8398,49947.5,63784.69,-13837.19,-233.15
2024-06-01,P-GRP,SUP-FRT3,QuickHaul Carriers,Freight (Diesel),Logistics,USA,Transactional,False,False,28426,83.98,1.0775,0.8785,0.8902,24973.75,30628.76,-5655.01,330.92
2024-06-01,P-PHX,SUP-FRT1,Continental Freightways,Freight (Diesel),Logistics,USA,Strategic,False,True,55695,83.98,1.0775,0.8169,0.8104,45498.2,60010.63,-14512.43,-362.43
2024-06-01,P-PHX,SUP-FRT2,RedRiver Logistics,Freight (Diesel),Logistics,USA,Preferred,False,True,29914,83.98,1.0775,0.8296,0.8398,24817.2,32232.56,-7415.36,305.14
2024-06-01,P-PHX,SUP-FRT3,QuickHaul Carriers,Freight (Diesel),Logistics,USA,Transactional,False,False,13944,83.98,1.0775,0.8899,0.8902,12408.6,15024.93,-2616.33,4.59
2024-06-01,P-TOL,SUP-FRT1,Continental Freightways,Freight (Diesel),Logistics,USA,Strategic,False,True,107872,83.98,1.0775,0.8138,0.8104,87785.7,116230.44,-28444.74,-365.35
2024-06-01,P-TOL,SUP-FRT2,RedRiver Logistics,Freight (Diesel),Logistics,USA,Preferred,False,True,55637,83.98,1.0775,0.8606,0.8398,47883.11,59948.2,-12065.09,-1158.95
2024-06-01,P-TOL,SUP-FRT3,QuickHaul Carriers,Freight (Diesel),Logistics,USA,Transactional,False,False,26221,83.98,1.0775,0.9131,0.8902,23941.55,28252.76,-4311.21,-599.87
2024-07-01,D-MEM,SUP-FRT1,Continental Freightways,Freight (Diesel),Logistics,USA,Strategic,False,True,283581,93.59,1.0775,0.8693,0.9031,246511.13,305554.1,-59042.97,9603.46
2024-07-01,D-MEM,SUP-FRT2,RedRiver Logistics,Freight (Diesel),Logistics,USA,Preferred,False,True,146938,93.59,1.0775,0.9151,0.9359,134460.62,158324.14,-23863.53,3059.44
2024-07-01,D-MEM,SUP-FRT3,QuickHaul Carriers,Freight (Diesel),Logistics,USA,Transactional,False,False,68266,93.59,1.0775,0.9848,0.9921,67230.31,73556.25,-6325.94,493.96
2024-07-01,D-REN,SUP-FRT1,Continental Freightways,Freight (Diesel),Logistics,USA,Strategic,False,True,191929,93.59,1.0775,0.9074,0.9031,174150.53,206800.88,-32650.35,-810.61
2024-07-01,D-REN,SUP-FRT2,RedRiver Logistics,Freight (Diesel),Logistics,USA,Preferred,False,True,105176,93.59,1.0775,0.9032,0.9359,94991.2,113325.47,-18334.27,3443.09
2024-07-01,D-REN,SUP-FRT3,QuickHaul Carriers,Freight (Diesel),Logistics,USA,Transactional,False,False,47262,93.59,1.0775,1.0049,0.9921,47495.6,50924.27,-3428.67,-608.91
2024-07-01,P-AUS,SUP-FRT1,Continental Freightways,Freight (Diesel),Logistics,USA,Strategic,False,True,165703,93.59,1.0775,0.922,0.9031,152784.52,178542.74,-25758.22,-3130.5
2024-07-01,P-AUS,SUP-FRT2,RedRiver Logistics,Freight (Diesel),Logistics,USA,Preferred,False,True,88481,93.59,1.0775,0.9419,0.9359,83337.01,95336.94,-11999.93,-527.52
2024-07-01,P-AUS,SUP-FRT3,QuickHaul Carriers,Freight (Diesel),Logistics,USA,Transactional,False,False,42308,93.59,1.0775,0.9849,0.9921,41668.5,45586.48,-3917.97,303.6
2024-07-01,P-FRS,SUP-FRT1,Continental Freightways,Freight (Diesel),Logistics,USA,Strategic,False,True,52903,93.59,1.0775,0.8845,0.9031,46793.69,57002.35,-10208.65,985.51
2024-07-01,P-FRS,SUP-FRT2,RedRiver Logistics,Freight (Diesel),Logistics,USA,Preferred,False,True,27154,93.59,1.0775,0.9399,0.9359,25523.83,29258.6,-3734.77,-109.87
2024-07-01,P-FRS,SUP-FRT3,QuickHaul Carriers,Freight (Diesel),Logistics,USA,Transactional,False,False,12579,93.59,1.0775,1.0145,0.9921,12761.92,13554.18,-792.27,-282.39
2024-07-01,P-GRN,SUP-FRT1,Continental Freightways,Freight (Diesel),Logistics,USA,Strategic,False,True,252396,93.59,1.0775,0.938,0.9031,236752.06,271953.12,-35201.07,-8801.71
2024-07-01,P-GRN,SUP-FRT2,RedRiver Logistics,Freight (Diesel),Logistics,USA,Preferred,False,True,137392,93.59,1.0775,0.9399,0.9359,129137.49,148037.96,-18900.47,-551.99
2024-07-01,P-GRN,SUP-FRT3,QuickHaul Carriers,Freight (Diesel),Logistics,USA,Transactional,False,False,61922,93.59,1.0775,1.0427,0.9921,64568.74,66720.89,-2152.15,-3137.88
2024-07-01,P-GRP,SUP-FRT1,Continental Freightways,Freight (Diesel),Logistics,USA,Strategic,False,True,99766,93.59,1.0775,0.9221,0.9031,91991.58,107497.07,-15505.49,-1887.84
2024-07-01,P-GRP,SUP-FRT2,RedRiver Logistics,Freight (Diesel),Logistics,USA,Preferred,False,True,53666,93.59,1.0775,0.935,0.9359,50177.22,57824.42,-7647.19,48.96
2024-07-01,P-GRP,SUP-FRT3,QuickHaul Carriers,Freight (Diesel),Logistics,USA,Transactional,False,False,25193,93.59,1.0775,0.9958,0.9921,25088.61,27145.74,-2057.13,-95.14
2024-07-01,P-PHX,SUP-FRT1,Continental Freightways,Freight (Diesel),Logistics,USA,Strategic,False,True,48650,93.59,1.0775,0.9282,0.9031,45156.04,52419.65,-7263.61,-1218.04
2024-07-01,P-PHX,SUP-FRT2,RedRiver Logistics,Freight (Diesel),Logistics,USA,Preferred,False,True,25907,93.59,1.0775,0.9507,0.9359,24630.57,27914.85,-3284.28,-383.78
2024-07-01,P-PHX,SUP-FRT3,QuickHaul Carriers,Freight (Diesel),Logistics,USA,Transactional,False,False,12050,93.59,1.0775,1.022,0.9921,12315.28,12983.76,-668.48,-360.95
2024-07-01,P-TOL,SUP-FRT1,Continental Freightways,Freight (Diesel),Logistics,USA,Strategic,False,True,101059,93.59,1.0775,0.8788,0.9031,88809.19,108889.61,-20080.41,2461.77
2024-07-01,P-TOL,SUP-FRT2,RedRiver Logistics,Freight (Diesel),Logistics,USA,Preferred,False,True,52776,93.59,1.0775,0.9179,0.9359,48441.38,56865.66,-8424.29,952.03
2024-07-01,P-TOL,SUP-FRT3,QuickHaul Carriers,Freight (Diesel),Logistics,USA,Transactional,False,False,24382,93.59,1.0775,0.9934,0.9921,24220.69,26271.49,-2050.8,-32.16
2024-08-01,D-MEM,SUP-FRT1,Continental Freightways,Freight (Diesel),Logistics,USA,Strategic,False,True,261794,91.61,1.0775,0.8506,0.884,222675.4,282078.69,-59403.28,8760.06
2024-08-01,D-MEM,SUP-FRT2,RedRiver Logistics,Freight (Diesel),Logistics,USA,Preferred,False,True,132997,91.61,1.0775,0.9132,0.9161,121459.31,143302.3,-21842.99,379.45
2024-08-01,D-MEM,SUP-FRT3,QuickHaul Carriers,Freight (Diesel),Logistics,USA,Transactional,False,False,63325,91.61,1.0775,0.959,0.9711,60729.66,68231.7,-7502.04,763.16
2024-08-01,D-REN,SUP-FRT1,Continental Freightways,Freight (Diesel),Logistics,USA,Strategic,False,True,214357,91.61,1.0775,0.871,0.884,186705.5,230966.96,-44261.46,2794.62
2024-08-01,D-REN,SUP-FRT2,RedRiver Logistics,Freight (Diesel),Logistics,USA,Preferred,False,True,113503,91.61,1.0775,0.8972,0.9161,101839.36,122297.84,-20458.48,2140.95
2024-08-01,D-REN,SUP-FRT3,QuickHaul Carriers,Freight (Diesel),Logistics,USA,Transactional,False,False,53585,91.61,1.0775,0.9503,0.9711,50919.68,57736.96,-6817.27,1114.9
2024-08-01,P-AUS,SUP-FRT1,Continental Freightways,Freight (Diesel),Logistics,USA,Strategic,False,True,181098,91.61,1.0775,0.8674,0.884,157085.8,195130.61,-38044.82,3011.88
2024-08-01,P-AUS,SUP-FRT2,RedRiver Logistics,Freight (Diesel),Logistics,USA,Preferred,False,True,93565,91.61,1.0775,0.9158,0.9161,85683.16,100815.69,-15132.53,32.55
2024-08-01,P-AUS,SUP-FRT3,QuickHaul Carriers,Freight (Diesel),Logistics,USA,Transactional,False,False,43605,91.61,1.0775,0.9825,0.9711,42841.58,46983.98,-4142.4,-497.96
2024-08-01,P-FRS,SUP-FRT1,Continental Freightways,Freight (Diesel),Logistics,USA,Strategic,False,True,50452,91.61,1.0775,0.8671,0.884,43745.39,54361.95,-10616.57,856.65
2024-08-01,P-FRS,SUP-FRT2,RedRiver Logistics,Freight (Diesel),Logistics,USA,Preferred,False,True,26225,91.61,1.0775,0.9098,0.9161,23861.12,28257.96,-4396.84,164.42
2024-08-01,P-FRS,SUP-FRT3,QuickHaul Carriers,Freight (Diesel),Logistics,USA,Transactional,False,False,12253,91.61,1.0775,0.9737,0.9711,11930.56,13202.43,-1271.87,-32.06
2024-08-01,P-GRN,SUP-FRT1,Continental Freightways,Freight (Diesel),Logistics,USA,Strategic,False,True,271839,91.61,1.0775,0.8928,0.884,242701.8,292902.46,-50200.66,-2385.82
2024-08-01,P-GRN,SUP-FRT2,RedRiver Logistics,Freight (Diesel),Logistics,USA,Preferred,False,True,144718,91.61,1.0775,0.9148,0.9161,132382.8,155931.85,-23549.05,193.89
2024-08-01,P-GRN,SUP-FRT3,QuickHaul Carriers,Freight (Diesel),Logistics,USA,Transactional,False,False,69275,91.61,1.0775,0.9555,0.9711,66191.4,74643.02,-8451.62,1079.52
2024-08-01,P-GRP,SUP-FRT1,Continental Freightways,Freight (Diesel),Logistics,USA,Strategic,False,True,94385,91.61,1.0775,0.901,0.884,85043.23,101699.27,-16656.04,-1602.62
2024-08-01,P-GRP,SUP-FRT2,RedRiver Logistics,Freight (Diesel),Logistics,USA,Preferred,False,True,51200,91.61,1.0775,0.906,0.9161,46387.22,55167.94,-8780.72,517.78
2024-08-01,P-GRP,SUP-FRT3,QuickHaul Carriers,Freight (Diesel),Logistics,USA,Transactional,False,False,23173,91.61,1.0775,1.0009,0.9711,23193.61,24968.65,-1775.05,-690.97
2024-08-01,P-PHX,SUP-FRT1,Continental Freightways,Freight (Diesel),Logistics,USA,Strategic,False,True,59454,91.61,1.0775,0.8744,0.884,51988.43,64061.77,-12073.34,571.96
2024-08-01,P-PHX,SUP-FRT2,RedRiver Logistics,Freight (Diesel),Logistics,USA,Preferred,False,True,31917,91.61,1.0775,0.8885,0.9161,28357.33,34390.34,-6033.02,882.1
2024-08-01,P-PHX,SUP-FRT3,QuickHaul Carriers,Freight (Diesel),Logistics,USA,Transactional,False,False,15036,91.61,1.0775,0.9429,0.9711,14178.66,16201.74,-2023.08,422.92
2024-08-01,P-TOL,SUP-FRT1,Continental Freightways,Freight (Diesel),Logistics,USA,Strategic,False,True,98075,91.61,1.0775,0.9231,0.884,90532.86,105675.1,-15142.24,-3830.22
2024-08-01,P-TOL,SUP-FRT2,RedRiver Logistics,Freight (Diesel),Logistics,USA,Preferred,False,True,53468,91.61,1.0775,0.9236,0.9161,49381.56,57611.57,-8230.01,-398.94
2024-08-01,P-TOL,SUP-FRT3,QuickHaul Carriers,Freight (Diesel),Logistics,USA,Transactional,False,False,25795,91.61,1.0775,0.9572,0.9711,24690.78,27794.1,-3103.32,358.25
2024-09-01,D-MEM,SUP-FRT1,Continental Freightways,Freight (Diesel),Logistics,USA,Strategic,False,True,326700,79.08,1.0775,0.7603,0.7631,248405.77,352013.89,-103608.12,906.25
2024-09-01,D-MEM,SUP-FRT2,RedRiver Logistics,Freight (Diesel),Logistics,USA,Preferred,False,True,166612,79.08,1.0775,0.8132,0.7908,135494.06,179521.83,-44027.78,-3737.15
2024-09-01,D-MEM,SUP-FRT3,QuickHaul Carriers,Freight (Diesel),Logistics,USA,Transactional,False,False,81678,79.08,1.0775,0.8294,0.8382,67747.03,88007.43,-20260.41,719.98
2024-09-01,D-REN,SUP-FRT1,Continental Freightways,Freight (Diesel),Logistics,USA,Strategic,False,True,230868,79.08,1.0775,0.7665,0.7631,176950.16,248757.19,-71807.04,-769.16
2024-09-01,D-REN,SUP-FRT2,RedRiver Logistics,Freight (Diesel),Logistics,USA,Preferred,False,True,118763,79.08,1.0775,0.8127,0.7908,96518.27,127965.7,-31447.44,-2600.08
2024-09-01,D-REN,SUP-FRT3,QuickHaul Carriers,Freight (Diesel),Logistics,USA,Transactional,False,False,57848,79.08,1.0775,0.8342,0.8382,48259.13,62330.55,-14071.41,232.06
2024-09-01,P-AUS,SUP-FRT1,Continental Freightways,Freight (Diesel),Logistics,USA,Strategic,False,True,198079,79.08,1.0775,0.7554,0.7631,149638.16,213427.69,-63789.52,1520.89
2024-09-01,P-AUS,SUP-FRT2,RedRiver Logistics,Freight (Diesel),Logistics,USA,Preferred,False,True,103420,79.08,1.0775,0.7892,0.7908,81620.82,111433.39,-29812.57,163.76
2024-09-01,P-AUS,SUP-FRT3,QuickHaul Carriers,Freight (Diesel),Logistics,USA,Transactional,False,False,49078,79.08,1.0775,0.8315,0.8382,40810.41,52881.52,-12071.12,329.75
2024-09-01,P-FRS,SUP-FRT1,Continental Freightways,Freight (Diesel),Logistics,USA,Strategic,False,True,60174,79.08,1.0775,0.7847,0.7631,47220.06,64836.83,-17616.77,-1299.71
2024-09-01,P-FRS,SUP-FRT2,RedRiver Logistics,Freight (Diesel),Logistics,USA,Preferred,False,True,31864,79.08,1.0775,0.8083,0.7908,25756.39,34333.28,-8576.88,-558.09
2024-09-01,P-FRS,SUP-FRT3,QuickHaul Carriers,Freight (Diesel),Logistics,USA,Transactional,False,False,15457,79.08,1.0775,0.8331,0.8382,12878.2,16655.11,-3776.91,78.95
2024-09-01,P-GRN,SUP-FRT1,Continental Freightways,Freight (Diesel),Logistics,USA,Strategic,False,True,288160,79.08,1.0775,0.769,0.7631,221607.94,310488.48,-88880.55,-1706.07
2024-09-01,P-GRN,SUP-FRT2,RedRiver Logistics,Freight (Diesel),Logistics,USA,Preferred,False,True,151588,79.08,1.0775,0.7974,0.7908,120877.06,163334.06,-42457.0,-1000.89
2024-09-01,P-GRN,SUP-FRT3,QuickHaul Carriers,Freight (Diesel),Logistics,USA,Transactional,False,False,71545,79.08,1.0775,0.8448,0.8382,60438.53,77088.77,-16650.24,-465.9
2024-09-01,P-GRP,SUP-FRT1,Continental Freightways,Freight (Diesel),Logistics,USA,Strategic,False,True,123689,79.08,1.0775,0.7641,0.7631,94511.25,133273.9,-38762.65,-120.7
2024-09-01,P-GRP,SUP-FRT2,RedRiver Logistics,Freight (Diesel),Logistics,USA,Preferred,False,True,64277,79.08,1.0775,0.802,0.7908,51551.59,69258.15,-17706.55,-720.79
2024-09-01,P-GRP,SUP-FRT3,QuickHaul Carriers,Freight (Diesel),Logistics,USA,Transactional,False,False,31472,79.08,1.0775,0.819,0.8382,25775.8,33911.1,-8135.31,605.97
2024-09-01,P-PHX,SUP-FRT1,Continental Freightways,Freight (Diesel),Logistics,USA,Strategic,False,True,74208,79.08,1.0775,0.7415,0.7631,55027.62,79958.47,-24930.85,1602.55
2024-09-01,P-PHX,SUP-FRT2,RedRiver Logistics,Freight (Diesel),Logistics,USA,Preferred,False,True,38979,79.08,1.0775,0.77,0.7908,30015.07,41999.96,-11984.89,810.07
2024-09-01,P-PHX,SUP-FRT3,QuickHaul Carriers,Freight (Diesel),Logistics,USA,Transactional,False,False,17507,79.08,1.0775,0.8572,0.8382,15007.53,18863.62,-3856.09,-332.23
2024-09-01,P-TOL,SUP-FRT1,Continental Freightways,Freight (Diesel),Logistics,USA,Strategic,False,True,121187,79.08,1.0775,0.7826,0.7631,94838.98,130577.76,-35738.78,-2357.95
2024-09-01,P-TOL,SUP-FRT2,RedRiver Logistics,Freight (Diesel),Logistics,USA,Preferred,False,True,65496,79.08,1.0775,0.7898,0.7908,51730.35,70571.59,-18841.24,64.43
2024-09-01,P-TOL,SUP-FRT3,QuickHaul Carriers,Freight (Diesel),Logistics,USA,Transactional,False,False,30451,79.08,1.0775,0.8494,0.8382,25865.18,32811.11,-6945.94,-339.17
2024-10-01,D-MEM,SUP-FRT1,Continental Freightways,Freight (Diesel),Logistics,USA,Strategic,False,True,292304,87.11,1.0775,0.8485,0.8406,248009.44,314953.11,-66943.67,-2295.01
2024-10-01,D-MEM,SUP-FRT2,RedRiver Logistics,Freight (Diesel),Logistics,USA,Preferred,False,True,157125,87.11,1.0775,0.861,0.8711,135277.88,169300.4,-34022.52,1594.38
2024-10-01,D-MEM,SUP-FRT3,QuickHaul Carriers,Freight (Diesel),Logistics,USA,Transactional,False,False,74169,87.11,1.0775,0.912,0.9234,67638.94,79916.03,-12277.09,846.34
2024-10-01,D-REN,SUP-FRT1,Continental Freightways,Freight (Diesel),Logistics,USA,Strategic,False,True,219820,87.11,1.0775,0.826,0.8406,181580.16,236852.46,-55272.3,3203.12
2024-10-01,D-REN,SUP-FRT2,RedRiver Logistics,Freight (Diesel),Logistics,USA,Preferred,False,True,112660,87.11,1.0775,0.8791,0.8711,99043.72,121389.51,-22345.79,-905.4
2024-10-01,D-REN,SUP-FRT3,QuickHaul Carriers,Freight (Diesel),Logistics,USA,Transactional,False,False,54070,87.11,1.0775,0.9159,0.9234,49521.86,58260.23,-8738.37,405.14
2024-10-01,P-AUS,SUP-FRT1,Continental Freightways,Freight (Diesel),Logistics,USA,Strategic,False,True,197405,87.11,1.0775,0.8752,0.8406,172770.68,212701.21,-39930.53,-6829.29
2024-10-01,P-AUS,SUP-FRT2,RedRiver Logistics,Freight (Diesel),Logistics,USA,Preferred,False,True,107743,87.11,1.0775,0.8747,0.8711,94238.55,116091.37,-21852.82,-383.56
2024-10-01,P-AUS,SUP-FRT3,QuickHaul Carriers,Freight (Diesel),Logistics,USA,Transactional,False,False,51751,87.11,1.0775,0.9105,0.9234,47119.28,55760.91,-8641.63,665.9
2024-10-01,P-FRS,SUP-FRT1,Continental Freightways,Freight (Diesel),Logistics,USA,Strategic,False,True,66431,87.11,1.0775,0.8169,0.8406,54269.76,71579.35,-17309.6,1573.73
2024-10-01,P-FRS,SUP-FRT2,RedRiver Logistics,Freight (Diesel),Logistics,USA,Preferred,False,True,34378,87.11,1.0775,0.861,0.8711,29601.69,37042.42,-7440.74,345.56
2024-10-01,P-FRS,SUP-FRT3,QuickHaul Carriers,Freight (Diesel),Logistics,USA,Transactional,False,False,15923,87.11,1.0775,0.9295,0.9234,14800.84,17157.34,-2356.5,-97.6
2024-10-01,P-GRN,SUP-FRT1,Continental Freightways,Freight (Diesel),Logistics,USA,Strategic,False,True,267527,87.11,1.0775,0.8425,0.8406,225390.69,288256.54,-62865.85,-503.91
2024-10-01,P-GRN,SUP-FRT2,RedRiver Logistics,Freight (Diesel),Logistics,USA,Preferred,False,True,141284,87.11,1.0775,0.8702,0.8711,122940.38,152231.92,-29291.54,132.73
2024-10-01,P-GRN,SUP-FRT3,QuickHaul Carriers,Freight (Diesel),Logistics,USA,Transactional,False,False,66183,87.11,1.0775,0.9288,0.9234,61470.19,71312.06,-9841.87,-358.22
2024-10-01,P-GRP,SUP-FRT1,Continental Freightways,Freight (Diesel),Logistics,USA,Strategic,False,True,108545,87.11,1.0775,0.8522,0.8406,92506.67,116955.68,-24449.01,-1262.3
2024-10-01,P-GRP,SUP-FRT2,RedRiver Logistics,Freight (Diesel),Logistics,USA,Preferred,False,True,58841,87.11,1.0775,0.8575,0.8711,50458.18,63400.64,-12942.46,798.57
2024-10-01,P-GRP,SUP-FRT3,QuickHaul Carriers,Freight (Diesel),Logistics,USA,Transactional,False,False,27405,87.11,1.0775,0.9206,0.9234,25229.09,29529.06,-4299.97,76.29
2024-10-01,P-PHX,SUP-FRT1,Continental Freightways,Freight (Diesel),Logistics,USA,Strategic,False,True,63191,87.11,1.0775,0.8654,0.8406,54686.13,68087.68,-13401.55,-1566.71
2024-10-01,P-PHX,SUP-FRT2,RedRiver Logistics,Freight (Diesel),Logistics,USA,Preferred,False,True,32745,87.11,1.0775,0.9109,0.8711,29828.8,35282.92,-5454.12,-1304.04
2024-10-01,P-PHX,SUP-FRT3,QuickHaul Carriers,Freight (Diesel),Logistics,USA,Transactional,False,False,16129,87.11,1.0775,0.9247,0.9234,14914.4,17379.5,-2465.1,-20.77
2024-10-01,P-TOL,SUP-FRT1,Continental Freightways,Freight (Diesel),Logistics,USA,Strategic,False,True,115766,87.11,1.0775,0.8372,0.8406,96918.28,124736.74,-27818.46,396.57
2024-10-01,P-TOL,SUP-FRT2,RedRiver Logistics,Freight (Diesel),Logistics,USA,Preferred,False,True,60803,87.11,1.0775,0.8694,0.8711,52864.52,65514.88,-12650.36,101.51
2024-10-01,P-TOL,SUP-FRT3,QuickHaul Carriers,Freight (Diesel),Logistics,USA,Transactional,False,False,28922,87.11,1.0775,0.9139,0.9234,26432.26,31163.28,-4731.02,273.6
2024-11-01,D-MEM,SUP-FRT1,Continental Freightways,Freight (Diesel),Logistics,USA,Strategic,False,True,281649,85.35,1.0775,0.8178,0.8236,230336.29,303473.15,-73136.86,1638.38
2024-11-01,D-MEM,SUP-FRT2,RedRiver Logistics,Freight (Diesel),Logistics,USA,Preferred,False,True,146687,85.35,1.0775,0.8565,0.8535,125637.98,158053.38,-32415.4,-440.16
2024-11-01,D-MEM,SUP-FRT3,QuickHaul Carriers,Freight (Diesel),Logistics,USA,Transactional,False,False,69061,85.35,1.0775,0.9096,0.9047,62818.99,74412.99,-11594.01,-338.04
2024-11-01,D-REN,SUP-FRT1,Continental Freightways,Freight (Diesel),Logistics,USA,Strategic,False,True,201691,85.35,1.0775,0.7982,0.8236,160983.04,217319.48,-56336.44,5135.82
2024-11-01,D-REN,SUP-FRT2,RedRiver Logistics,Freight (Diesel),Logistics,USA,Preferred,False,True,103410,85.35,1.0775,0.8491,0.8535,87808.93,111423.02,-23614.09,451.88
2024-11-01,D-REN,SUP-FRT3,QuickHaul Carriers,Freight (Diesel),Logistics,USA,Transactional,False,False,48663,85.35,1.0775,0.9022,0.9047,43904.46,52434.63,-8530.17,122.33
2024-11-01,P-AUS,SUP-FRT1,Continental Freightways,Freight (Diesel),Logistics,USA,Strategic,False,True,213158,85.35,1.0775,0.8092,0.8236,172497.62,229675.19,-57177.56,3065.93
2024-11-01,P-AUS,SUP-FRT2,RedRiver Logistics,Freight (Diesel),Logistics,USA,Preferred,False,True,109945,85.35,1.0775,0.8558,0.8535,94089.61,118464.17,-24374.56,-251.35
2024-11-01,P-AUS,SUP-FRT3,QuickHaul Carriers,Freight (Diesel),Logistics,USA,Transactional,False,False,52267,85.35,1.0775,0.9001,0.9047,47044.81,56317.35,-9272.55,242.12
2024-11-01,P-FRS,SUP-FRT1,Continental Freightways,Freight (Diesel),Logistics,USA,Strategic,False,True,61437,85.35,1.0775,0.8037,0.8236,49377.83,66197.6,-16819.77,1223.57
2024-11-01,P-FRS,SUP-FRT2,RedRiver Logistics,Freight (Diesel),Logistics,USA,Preferred,False,True,31560,85.35,1.0775,0.8534,0.8535,26933.36,34005.6,-7072.23,3.27
2024-11-01,P-FRS,SUP-FRT3,QuickHaul Carriers,Freight (Diesel),Logistics,USA,Transactional,False,False,14834,85.35,1.0775,0.9078,0.9047,13466.68,15984.4,-2517.72,-45.37
2024-11-01,P-GRN,SUP-FRT1,Continental Freightways,Freight (Diesel),Logistics,USA,Strategic,False,True,289174,85.35,1.0775,0.8183,0.8236,236623.32,311581.18,-74957.87,1549.12
2024-11-01,P-GRN,SUP-FRT2,RedRiver Logistics,Freight (Diesel),Logistics,USA,Preferred,False,True,153038,85.35,1.0775,0.8434,0.8535,129067.26,164896.44,-35829.18,1551.1
2024-11-01,P-GRN,SUP-FRT3,QuickHaul Carriers,Freight (Diesel),Logistics,USA,Transactional,False,False,73729,85.35,1.0775,0.8753,0.9047,64533.63,79442.4,-14908.77,2170.26
2024-11-01,P-GRP,SUP-FRT1,Continental Freightways,Freight (Diesel),Logistics,USA,Strategic,False,True,123621,85.35,1.0775,0.8305,0.8236,102665.29,133200.44,-30535.15,-846.97
2024-11-01,P-GRP,SUP-FRT2,RedRiver Logistics,Freight (Diesel),Logistics,USA,Preferred,False,True,65338,85.35,1.0775,0.8571,0.8535,55999.25,70400.84,-14401.59,-233.08
2024-11-01,P-GRP,SUP-FRT3,QuickHaul Carriers,Freight (Diesel),Logistics,USA,Transactional,False,False,30620,85.35,1.0775,0.9144,0.9047,27999.62,32992.97,-4993.35,-297.04
2024-11-01,P-PHX,SUP-FRT1,Continental Freightways,Freight (Diesel),Logistics,USA,Strategic,False,True,65723,85.35,1.0775,0.7973,0.8236,52399.81,70815.98,-18416.17,1731.87
2024-11-01,P-PHX,SUP-FRT2,RedRiver Logistics,Freight (Diesel),Logistics,USA,Preferred,False,True,33401,85.35,1.0775,0.8557,0.8535,28581.72,35990.02,-7408.31,-73.17
2024-11-01,P-PHX,SUP-FRT3,QuickHaul Carriers,Freight (Diesel),Logistics,USA,Transactional,False,False,15811,85.35,1.0775,0.9038,0.9047,14290.86,17036.36,-2745.51,13.74
2024-11-01,P-TOL,SUP-FRT1,Continental Freightways,Freight (Diesel),Logistics,USA,Strategic,False,True,126904,85.35,1.0775,0.7945,0.8236,100827.32,136737.16,-35909.84,3694.47
2024-11-01,P-TOL,SUP-FRT2,RedRiver Logistics,Freight (Diesel),Logistics,USA,Preferred,False,True,66043,85.35,1.0775,0.8327,0.8535,54996.72,71160.39,-16163.67,1371.1
2024-11-01,P-TOL,SUP-FRT3,QuickHaul Carriers,Freight (Diesel),Logistics,USA,Transactional,False,False,30278,85.35,1.0775,0.9082,0.9047,27498.36,32624.59,-5126.23,-105.09
2024-12-01,D-MEM,SUP-FRT1,Continental Freightways,Freight (Diesel),Logistics,USA,Strategic,False,True,310578,80.61,1.0775,0.7906,0.7779,245534.83,334643.52,-89108.69,-3939.75
2024-12-01,D-MEM,SUP-FRT2,RedRiver Logistics,Freight (Diesel),Logistics,USA,Preferred,False,True,162596,80.61,1.0775,0.8237,0.8061,133928.09,175195.47,-41267.38,-2858.71
2024-12-01,D-MEM,SUP-FRT3,QuickHaul Carriers,Freight (Diesel),Logistics,USA,Transactional,False,False,77444,80.61,1.0775,0.8647,0.8545,66964.04,83445.51,-16481.46,-790.07
2024-12-01,D-REN,SUP-FRT1,Continental Freightways,Freight (Diesel),Logistics,USA,Strategic,False,True,207396,80.61,1.0775,0.7836,0.7779,162521.4,223466.43,-60945.03,-1190.35
2024-12-01,D-REN,SUP-FRT2,RedRiver Logistics,Freight (Diesel),Logistics,USA,Preferred,False,True,107569,80.61,1.0775,0.8241,0.8061,88648.04,115904.8,-27256.76,-1935.92
2024-12-01,D-REN,SUP-FRT3,QuickHaul Carriers,Freight (Diesel),Logistics,USA,Transactional,False,False,51506,80.61,1.0775,0.8606,0.8545,44324.02,55496.87,-11172.86,-313.88
2024-12-01,P-AUS,SUP-FRT1,Continental Freightways,Freight (Diesel),Logistics,USA,Strategic,False,True,194572,80.61,1.0775,0.7768,0.7779,151143.15,209648.29,-58505.14,211.93
2024-12-01,P-AUS,SUP-FRT2,RedRiver Logistics,Freight (Diesel),Logistics,USA,Preferred,False,True,102755,80.61,1.0775,0.8023,0.8061,82441.72,110717.34,-28275.62,389.49
2024-12-01,P-AUS,SUP-FRT3,QuickHaul Carriers,Freight (Diesel),Logistics,USA,Transactional,False,False,47932,80.61,1.0775,0.86,0.8545,41220.86,51646.06,-10425.21,-264.49
2024-12-01,P-FRS,SUP-FRT1,Continental Freightways,Freight (Diesel),Logistics,USA,Strategic,False,True,60501,80.61,1.0775,0.7737,0.7779,46810.14,65189.62,-18379.47,253.34
2024-12-01,P-FRS,SUP-FRT2,RedRiver Logistics,Freight (Diesel),Logistics,USA,Preferred,False,True,32176,80.61,1.0775,0.7935,0.8061,25532.8,34669.77,-9136.97,404.77
2024-12-01,P-FRS,SUP-FRT3,QuickHaul Carriers,Freight (Diesel),Logistics,USA,Transactional,False,False,14841,80.61,1.0775,0.8602,0.8545,12766.4,15991.23,-3224.83,-85.03
2024-12-01,P-GRN,SUP-FRT1,Continental Freightways,Freight (Diesel),Logistics,USA,Strategic,False,True,275815,80.61,1.0775,0.7843,0.7779,216308.06,297186.14,-80878.08,-1755.24
2024-12-01,P-GRN,SUP-FRT2,RedRiver Logistics,Freight (Diesel),Logistics,USA,Preferred,False,True,147007,80.61,1.0775,0.8026,0.8061,117986.21,158398.3,-40412.09,516.66
2024-12-01,P-GRN,SUP-FRT3,QuickHaul Carriers,Freight (Diesel),Logistics,USA,Transactional,False,False,70038,80.61,1.0775,0.8423,0.8545,58993.11,75465.68,-16472.57,852.7
2024-12-01,P-GRP,SUP-FRT1,Continental Freightways,Freight (Diesel),Logistics,USA,Strategic,False,True,124521,80.61,1.0775,0.7994,0.7779,99547.79,134169.38,-34621.59,-2684.53
2024-12-01,P-GRP,SUP-FRT2,RedRiver Logistics,Freight (Diesel),Logistics,USA,Preferred,False,True,66509,80.61,1.0775,0.8164,0.8061,54298.79,71662.55,-17363.75,-685.73
2024-12-01,P-GRP,SUP-FRT3,QuickHaul Carriers,Freight (Diesel),Logistics,USA,Transactional,False,False,32421,80.61,1.0775,0.8374,0.8545,27149.4,34933.43,-7784.03,553.52
2024-12-01,P-PHX,SUP-FRT1,Continental Freightways,Freight (Diesel),Logistics,USA,Strategic,False,True,67282,80.61,1.0775,0.7781,0.7779,52353.69,72495.3,-20141.61,-15.88
2024-12-01,P-PHX,SUP-FRT2,RedRiver Logistics,Freight (Diesel),Logistics,USA,Preferred,False,True,36098,80.61,1.0775,0.7911,0.8061,28556.56,38895.52,-10338.96,542.43
2024-12-01,P-PHX,SUP-FRT3,QuickHaul Carriers,Freight (Diesel),Logistics,USA,Transactional,False,False,17175,80.61,1.0775,0.8313,0.8545,14278.28,18506.17,-4227.89,397.48
2024-12-01,P-TOL,SUP-FRT1,Continental Freightways,Freight (Diesel),Logistics,USA,Strategic,False,True,130296,80.61,1.0775,0.789,0.7779,102808.97,140392.68,-37583.71,-1452.81
2024-12-01,P-TOL,SUP-FRT2,RedRiver Logistics,Freight (Diesel),Logistics,USA,Preferred,False,True,69445,80.61,1.0775,0.8075,0.8061,56077.62,74825.93,-18748.31,-97.93
2024-12-01,P-TOL,SUP-FRT3,QuickHaul Carriers,Freight (Diesel),Logistics,USA,Transactional,False,False,31922,80.61,1.0775,0.8784,0.8545,28038.81,34395.43,-6356.62,-762.54
